"RegionName","RegionType","StateFullName","DataTypeDescription","2010-01","2010-02","2010-03","2010-04","2010-05","2010-06","2010-07","2010-08","2010-09","2010-10","2010-11","2010-12","2011-01","2011-02","2011-03","2011-04","2011-05","2011-06","2011-07","2011-08","2011-09","2011-10","2011-11","2011-12","2012-01","2012-02","2012-03","2012-04","2012-05","2012-06","2012-07","2012-08","2012-09","2012-10","2012-11","2012-12","2013-01","2013-02","2013-03","2013-04","2013-05","2013-06","2013-07","2013-08","2013-09","2013-10","2013-11","2013-12","2014-01","2014-02","2014-03","2014-04","2014-05","2014-06","2014-07","2014-08","2014-09","2014-10","2014-11","2014-12","2015-01","2015-02","2015-03","2015-04","2015-05","2015-06","2015-07","2015-08","2015-09","2015-10","2015-11","2015-12","2016-01","2016-02","2016-03","2016-04","2016-05","2016-06","2016-07","2016-08","2016-09","2016-10","2016-11","2016-12","2017-01","2017-02","2017-03","2017-04","2017-05","2017-06","2017-07","2017-08","2017-09"
"California","State","California","All Homes",138708,137713,138143,138155,136449,135985,136663,138025,141164,144835,148133,150247,150875,154432,159536,159590,156807,156109,156461,154339,150068,146805,144718,141254,136086,128895,118742,109570,103525,97322,90434,85130,80819,76398,73229,71941,71672,71196,70074,69091,67959,65773,64689,66192,68056,69151,70193,71419,72526,73982,76391,79332,81962,84017,84662,84060,84148,84714,83943,82222,80661,78654,77212,77788,79097,79776,79839,79589,79052,77996,76235,73541,71175,71040,72789,74769,76055,77840,79947,79684,77238,74552,71997,70078,69034,67694,65779,64487,63707,61920,59521,58212,57874
"Texas","State","Texas","All Homes",159773,160666,163144,163828,160691,158520,160405,165176,168704,168733,169550,171116,171475,170932,171009,172444,173568,175461,172626,161769,153306,151076,149454,146192,142590,139444,135057,130481,128430,126161,122439,120057,118921,117412,115465,113937,113425,113871,114238,113710,112187,109005,106295,105592,104605,102924,101564,100527,99518,98607,98157,98190,98012,97527,97376,97645,97726,97134,96044,95120,94502,93481,91750,90291,89433,88383,88584,90235,91571,92135,91884,90955,89252,88080,88268,88270,88250,89362,90871,91952,92771,93291,93306,93702,94559,94379,93289,92965,93981,95368,97337,99225,98995
"New York","State","New York","All Homes",97981,99407,101397,99444,94810,92468,90997,89631,90019,91349,93189,95123,96089,97022,99988,104739,108887,112469,116943,119696,118964,118523,119646,119304,117040,114950,112336,109302,107664,105334,101793,99365,98316,96805,94129,92116,91787,91975,91414,89759,87201,84489,82663,81936,81645,81568,81741,81841,81865,81542,80767,80730,81415,82203,82976,83397,83353,82688,81559,80642,80231,79549,79365,80758,82896,84733,85254,84481,83382,82399,81112,79471,78133,77284,77037,76981,76263,75215,74106,73061,72640,72318,71964,72312,72450,71051,68173,65341,63636,62329,61292,60892,60901
"Florida","State","Florida","All Homes",232783,231900,237499,242383,242732,244476,246273,248171,252745,256098,258284,260598,260196,259715,259981,255892,248827,248834,253082,250229,243732,240395,236755,229167,222015,215124,202635,189969,184243,179712,174355,171330,167450,162130,157648,154189,153610,156295,157978,156218,153069,148102,142431,141313,143855,146916,150105,152236,152547,153095,156373,161231,164865,166176,165055,163033,161532,159465,156748,155096,153987,148907,141463,140123,142326,142241,142467,143035,141639,138801,136626,135568,134566,135463,139557,143986,145864,145924,146131,146164,144865,142510,140677,140942,142623,143115,142269,141031,139266,137599,136223,134331,131476
"Illinois","State","Illinois","All Homes",83269,84458,86413,86809,85221,84748,85308,84966,84367,83989,84753,86605,87688,88898,90553,90559,89533,89173,89386,89304,88936,88698,88053,86866,85529,83486,80850,78998,78129,76767,74323,70796,66512,63823,62820,62027,61849,61635,60671,59763,58263,55715,54272,54754,55710,56224,56407,56554,56437,55907,55402,55847,57552,59247,60136,60884,61810,62146,61602,61044,60846,60696,60817,61381,62065,62294,61856,61582,61894,62011,61215,59842,58646,57896,57563,57481,57563,58222,58797,58426,58084,58058,57862,57343,56524,55697,54703,53481,52459,51840,51634,52198,53149
"Pennsylvania","State","Pennsylvania","All Homes",66785,68532,71994,73535,72010,70782,70837,71608,72794,73713,75148,77059,78226,79323,80608,81072,81086,82399,84440,84303,82664,81709,81013,79948,78684,77280,75288,72925,71415,69849,67307,65842,65815,65751,65152,64745,65628,66792,67129,67197,67109,66350,65418,65185,65297,65349,65592,65897,65540,64336,64103,66108,67941,68203,68334,68536,68236,67696,67115,66499,65758,64691,63017,61766,62454,64095,65136,65157,64721,64242,63403,62443,61871,61754,61873,61602,60690,59834,59159,58447,57822,57399,57055,56812,56688,55973,54415,52889,51811,50851,50179,49998,50111
"Ohio","State","Ohio","All Homes",56817,58141,61580,65458,66532,66169,66495,66972,67249,67036,67413,68309,68421,70085,73113,73637,72337,71604,71059,69832,68657,68087,67172,65928,65188,64110,62043,59965,58673,57564,56143,54900,54130,53998,54020,54028,54834,55743,55599,55157,55050,54546,53519,52790,52517,52362,52420,52639,52251,50982,50039,50426,51211,51654,52151,52449,52335,52029,51524,51148,50947,50136,48841,48248,48920,49965,50295,50053,49835,49709,49259,48552,47899,46977,45757,44697,44078,43824,44078,44784,44923,44228,43393,43052,42993,42362,41081,39569,38121,37154,36785,36711,36791
"Michigan","State","Michigan","All Homes",84310,85359,86423,85288,82290,80591,80160,78922,78184,78821,79554,80102,80704,81070,81270,80966,79718,78516,77650,76188,74688,74039,73278,72022,71015,70094,68848,67764,67281,66398,64607,62929,61800,60799,59938,59422,59108,58972,58885,58868,58464,56593,54633,54333,54695,55026,55598,55951,55488,54576,53946,54160,55485,57439,58875,59336,58925,57997,57504,57302,56648,55593,54749,54501,54712,55168,56015,57022,57224,56342,54957,53608,52442,51615,51231,50893,50502,50449,50307,49766,49273,48704,47756,46818,46344,45789,44631,43524,42631,41507,40517,39930,39582
"Georgia","State","Georgia","All Homes",93684,93860,94603,95112,94500,94485,94597,93841,94161,95071,95676,96254,96622,98509,101170,101509,99799,98447,97928,96421,91342,87377,89221,89561,86957,84666,80872,76467,73400,70534,66380,62026,59204,57424,55665,54824,54850,54546,53847,53294,52797,51602,51302,53200,55649,56990,56609,55998,55913,55517,55160,55622,56659,57501,58016,58424,59272,59825,59148,58765,58720,58461,59403,61006,61696,62190,63116,63626,63987,63676,61702,59635,58051,56575,55734,55930,57168,58319,58455,58084,58095,57998,57021,56258,56019,55072,53294,51651,50583,49964,49730,49594,49292
"North Carolina","State","North Carolina","All Homes",90531,91331,92744,93735,93512,93481,92985,92445,93537,94482,94702,95081,95349,96258,98560,100204,100424,101120,102040,100838,97885,96300,95928,94826,93562,92703,90972,88506,86534,83750,79860,77618,77720,78083,77868,77529,77525,77758,77918,78154,77925,76746,75897,76002,76226,76511,76646,76293,75513,74267,73702,74591,75513,75872,76070,75715,74428,72705,71278,70180,69016,67867,65560,62452,61330,61509,62085,62670,62400,61534,60683,60356,60098,59371,58934,59247,59303,59258,59233,58664,57977,57228,56194,55563,55234,54034,52250,50471,48759,47967,47959,47993,48009
"New Jersey","State","New Jersey","All Homes",67023,67852,69742,69737,67538,66130,65871,66523,68007,68917,69546,69947,69571,69405,70234,72461,74173,74901,76319,76287,74381,73673,73913,73318,72300,71344,69629,67704,66905,65661,63472,61997,60784,59084,57556,56868,56950,56953,56263,55244,54381,53496,52639,52436,52695,52955,53301,53780,54132,53966,53966,54852,55801,56402,56950,57477,58024,58422,58439,58127,57559,57123,56804,56236,56794,58672,59670,59299,58770,58592,58172,57525,57101,56856,57205,57603,56947,55966,55245,54685,54314,53593,52626,52305,52597,52325,50877,49150,47684,46317,45311,44853,44795
"Virginia","State","Virginia","All Homes",54584,54534,54854,55112,54501,54371,54642,54856,55767,56209,56541,57251,57374,58096,58938,58250,57369,57228,57349,56916,55498,54432,54191,53651,52846,52126,50699,48591,46919,45459,43759,42501,41906,41791,41874,42089,42549,42696,42165,41555,41249,40808,40489,40713,41320,42258,43159,43623,43744,43840,44327,45411,46606,47517,48128,48416,48519,48411,47973,47387,46808,46113,45813,46738,48152,48841,48958,48893,48660,48167,47139,45920,45029,44451,44639,45192,45042,44676,44497,44117,43550,42774,41883,41497,41516,41312,40873,40227,39354,38720,38581,38614,38587
"Washington","State","Washington","All Homes",43808,44946,47677,48786,47509,46646,46408,46118,46078,46125,46256,46786,47523,48345,49113,48934,48137,48176,48672,48024,46673,46234,46323,45871,44785,42611,39244,36318,34880,34000,32955,32291,32047,31618,31033,30499,30700,31375,31221,30838,30852,30618,30465,30707,30976,31186,31440,31690,31630,31386,31592,32394,33091,33197,32922,32714,32612,32151,31278,30440,29705,28966,28434,28412,28510,27956,27017,26175,25415,24820,24335,23857,23421,23133,23243,23562,23675,23721,23810,23735,23434,22845,22042,21495,21062,20146,19043,18365,18056,17808,17558,17437,17359
"Massachusetts","State","Massachusetts","All Homes",37826,38715,39111,38105,36843,36562,36367,36018,36438,37337,37935,37934,37432,37346,38777,41002,42151,42777,43896,44088,43177,42262,41361,40377,39587,39271,39006,38269,37538,36585,35164,33909,32830,31923,31234,30616,30361,30492,30324,29529,27740,25189,23833,24022,24315,24382,24598,25025,25283,25118,24860,24912,25427,26178,26454,26273,25973,25402,24747,24394,24147,23272,22192,22328,23631,24776,25131,25055,24928,24776,24475,23874,22989,22156,21477,20590,19870,19711,19490,19067,18779,18618,18672,19105,19424,18946,17808,16649,15941,15612,15329,15169,15274
"Indiana","State","Indiana","All Homes",47340,48123,48851,47404,44053,42202,41970,42130,42738,42653,42204,42442,42974,43615,44319,44801,44818,44672,44364,43356,42112,41513,41139,40184,39242,38956,38783,38534,38786,38739,37881,37000,36033,35157,34848,34906,34936,34727,34358,34147,34049,33762,33565,33528,33339,33012,32937,33120,32866,32153,31779,32310,33173,33424,33403,33517,33528,33426,33130,32715,32250,31579,31100,31354,32078,32533,32635,32681,32774,32836,32400,31511,30716,29949,29135,28333,27528,27056,26875,26611,26452,26559,26654,26631,26518,26100,25085,23747,22675,22067,21688,21440,21418
"Arizona","State","Arizona","All Homes",50243,51191,53140,54228,54286,54731,55230,56005,57446,58708,59887,60604,60434,61088,61765,60540,59139,58712,57914,55972,53396,51119,49829,49099,47584,43232,37685,34796,33890,33357,33230,33426,33447,33005,32405,31955,31783,32043,32562,32753,32444,31908,31850,32487,33314,34242,35184,35937,36739,37862,39040,39880,40150,40085,39935,39393,38580,37738,37040,36666,36402,36242,36175,35794,35151,34693,34411,34179,34313,34574,33712,32147,31548,31845,32381,33574,35130,35577,35126,34605,33816,32873,32239,32036,31955,31853,31762,31533,30995,30237,29545,29052,28744
"Tennessee","State","Tennessee","All Homes",56171,56433,57293,57590,56928,56983,57303,57223,57528,57781,58007,58090,58708,61052,63345,64468,64862,64784,65007,65141,64193,63430,63016,61861,60334,58999,58063,56955,55722,54610,53400,52701,52371,51770,51341,51337,51536,52001,52870,53793,54012,53226,52121,51318,50951,50782,50555,50093,48981,48057,48579,49763,50289,50266,49855,49017,48195,47435,46581,45961,45490,43291,38143,33770,33197,33859,34135,34301,34155,33820,33401,33203,33108,32952,33408,33932,33533,32948,32589,32199,32001,31858,31499,31365,31396,30943,30261,29413,28166,27470,27608,27677,27556
"Missouri","State","Missouri","All Homes",49594,51050,53752,54714,53115,51474,50807,50613,50633,50602,50506,50677,50997,51433,52129,52629,52966,53836,54856,54927,54190,53754,53355,52005,50672,50466,50131,48910,47805,46704,45322,44285,43505,42672,42026,41958,42483,42691,41995,41299,41232,41005,40484,40371,40619,40944,41198,41168,40815,40351,40044,40194,40561,40591,40395,40281,40110,39768,39339,39079,38667,37035,35359,35456,36139,36553,36946,36922,36609,36041,35344,35041,34767,34294,33844,33238,32648,32331,31979,31503,31125,30926,30975,31403,31795,31413,30422,29491,28809,28336,28018,27857,27867
"Maryland","State","Maryland","All Homes",33801,33781,34272,34589,34002,33661,33806,34224,35235,35958,36532,37169,37393,38257,38925,38205,37798,38131,38023,37050,35930,35292,34744,34032,33350,32686,31659,30216,28872,27707,26647,25525,24049,22957,22591,22441,22508,22582,22210,21777,21359,20654,20316,20590,21067,21711,22441,22971,23127,23082,23511,24583,25731,26736,27336,27510,27620,27721,27631,27419,27263,26789,26450,27050,27806,27959,27856,27970,28212,28184,27630,26740,26007,25673,25727,25766,25603,25495,25428,25277,25037,24539,23808,23365,23132,22624,21968,21460,21010,20572,20394,20501,20650
"Wisconsin","State","Wisconsin","All Homes",42757,43207,44476,45085,43817,42140,41277,41125,41710,42628,44072,45680,46444,46959,47543,47506,47370,48568,50465,51307,50979,50533,50047,49272,48610,48067,47468,46569,45488,44520,43440,42491,41993,41679,41396,41364,41606,41519,41248,41308,41262,40767,40369,40518,40795,40899,40864,40619,40234,39827,39903,40855,41729,42043,42383,42596,42485,42313,41885,41073,40465,40185,38766,37112,37541,38076,37391,36621,35963,35303,34844,34756,34608,34333,34509,34826,34841,34988,35015,34635,34150,33491,32678,31983,31571,31287,31047,30812,30137,29186,28424,27895,27619
"Minnesota","State","Minnesota","All Homes",31717,32315,33595,34191,33793,33320,32905,32823,33139,33742,34767,35505,35709,35884,35904,35319,34604,34633,34629,33567,32124,31352,30912,30243,29783,29324,28361,27037,25683,24494,23413,22459,21709,20790,20178,20633,21283,21341,20917,20575,20524,20432,20517,20762,20860,21149,21750,22192,22199,21845,21671,22126,23063,24179,25080,25583,26223,26941,26590,25470,24641,24191,23902,23983,24179,23747,23318,23657,24075,24043,23912,23573,23065,22991,23468,23996,24210,24170,23929,23447,22820,21965,20926,20337,20207,19944,19498,19183,18879,18433,18089,18029,18148
"Colorado","State","Colorado","All Homes",46699,47033,48096,48917,48234,47243,46726,46905,48062,49062,49671,49927,49841,50488,51172,50573,49677,49825,50311,49124,46542,44839,44180,43561,42836,41742,39882,37903,36696,35544,34117,33433,33414,33184,32651,32397,32724,33138,33336,33465,33327,32795,32281,31826,31245,31045,31122,30878,30376,29808,29728,30313,30658,30559,30360,30037,29503,28501,27383,26787,26502,26080,25227,24384,24258,24399,24476,24705,25026,25180,24929,24145,22886,21772,21504,21748,22069,22713,23324,23525,23471,23135,22741,22718,22802,22395,21628,21218,21027,20203,19134,18729,18685
"Alabama","State","Alabama","All Homes",32635,32762,33365,34404,35055,35725,36414,36105,35641,35636,35725,35706,35605,36541,38253,38617,37693,37076,37139,37248,37056,36926,36723,36276,35947,34941,32794,31136,30590,30167,29484,29194,29616,30095,30281,30372,30565,30833,30989,30935,30918,30818,30314,29439,28209,27374,27502,27922,27928,27694,27887,28406,28632,28585,28948,29911,30720,30945,30801,30710,30779,30849,30705,30505,30834,31278,31364,31192,30821,30396,29911,29486,29218,29016,29080,29334,29399,29389,29296,29295,29621,29734,29516,29378,29347,29036,28373,27908,27621,27230,26934,26776,26777
"South Carolina","State","South Carolina","All Homes",48746,49485,50128,49787,48973,48765,48471,47874,47388,46689,46661,47444,47711,47505,47711,48099,48293,49040,50451,50698,49463,48860,48604,47417,46617,46633,46211,45377,44533,43247,41856,41196,41081,40905,40539,40333,40377,40650,41291,41899,42100,41692,40966,40641,40744,40946,41019,40921,40742,40646,40965,41806,42333,42040,41350,40876,40956,41116,41000,40655,40063,38801,36622,34526,33899,34556,35321,35742,35708,34955,34026,33754,33501,32890,32569,32572,32500,32322,32163,31947,31728,31582,31478,31567,31688,31458,31040,30634,30001,29241,28819,28629,28416
"Louisiana","State","Louisiana","All Homes",16730,16741,16681,16535,16381,16703,17287,17452,17399,17274,17173,17327,17529,17596,17688,17751,17600,17601,17795,17664,17306,17249,17389,17300,17003,16814,16527,15896,15479,15180,14667,14475,14619,14752,14738,14542,14550,14713,14660,14519,14402,14179,13963,14007,14170,14290,14403,14479,14354,14077,14021,14267,14428,14302,14128,14049,14021,14008,14055,14129,14029,13855,13876,14036,14143,14129,14100,14162,14218,14088,13851,13729,13645,13629,13810,13953,13984,14242,14669,14798,14728,14803,14898,14980,15367,15936,16265,16742,17522,18005,18210,18498,18947
"Kentucky","State","Kentucky","All Homes",23127,23052,23068,22978,22412,22139,22608,23209,23544,23700,24051,24405,24541,24847,25373,25913,26232,26284,26288,26067,25808,25941,25850,25249,24872,24831,24595,24140,23964,23913,23535,23220,23155,23059,23128,23415,23637,24014,24560,24880,24884,24468,23888,23571,23449,23362,23231,23089,22894,22562,22442,22711,22988,23193,23403,23480,23410,23241,23055,22901,22632,22122,21375,20754,20680,20875,20858,20649,20391,20031,19597,19240,18919,18597,18469,18471,18302,18103,18069,17990,17807,17646,17539,17499,17566,17545,17137,16483,15966,15702,15585,15575,15542
"Oregon","State","Oregon","All Homes",29027,29616,30987,31369,30430,29883,29834,29626,29404,29266,29352,29585,29668,29936,30353,30077,29194,28901,29266,28976,28101,28078,28673,28843,28633,27812,26036,24251,23413,22935,21999,21115,20820,20582,20119,19824,20009,20303,20311,20346,20332,19951,19761,20117,20473,20513,20422,20304,20091,19867,19965,20736,21700,21989,21735,21503,21393,21058,20362,19762,19406,19114,18889,18865,19006,18869,18488,18244,17982,17542,17072,16613,16164,15752,15505,15440,15368,15398,15523,15505,15436,15419,15367,15353,15248,14787,14281,13956,13769,13867,14126,14323,14411
"Oklahoma","State","Oklahoma","All Homes",22207,22376,22743,22763,22194,21777,21886,22509,23424,24049,24657,25385,25694,25526,25424,25404,25173,25397,25854,25451,24714,24518,24514,23896,22848,22349,22079,21721,21871,21778,20796,20067,19975,19910,19789,19787,19911,19899,19827,19933,19997,19833,19647,19494,19221,18956,18776,18673,18588,18332,18128,18334,18660,18736,18752,18846,18840,18620,18245,18046,18131,18061,17567,17200,17338,17468,17634,17988,18251,18454,18599,18539,18425,18624,19173,19548,19380,19252,19443,19527,19407,19163,18898,18891,19227,19800,20203,20027,19674,19653,19820,19878,19822
"Connecticut","State","Connecticut","All Homes",25106,25375,25459,24930,24025,23440,23086,22720,22673,23158,24217,25456,26153,26262,26503,26984,27149,27533,28622,29253,29187,29214,29137,28762,28403,28695,29393,29460,29153,28680,27657,26606,25723,24679,23958,23729,23729,23858,23765,23475,23180,22810,22429,22386,22789,23206,23483,23644,23624,23517,23445,23890,24853,25564,25802,25834,25948,26299,26245,25674,25373,24926,24275,24226,24635,25062,25285,25304,25309,25134,24632,23965,23230,22796,22788,22705,22327,21941,21586,21121,20842,20779,20732,20910,21060,20766,20136,19375,18718,18192,18346,19234,19651
"Iowa","State","Iowa","All Homes",13142,13249,13570,13721,13476,13363,13552,13876,14419,14875,15348,15986,16394,16812,17413,17825,17986,18066,18217,18231,17911,17698,17651,17470,17295,17194,17196,17244,17227,17189,16950,16609,16425,16272,15919,15532,15616,15968,16145,16299,16390,16262,16104,15970,15755,15582,15495,15310,15021,14743,14775,15195,15510,15591,15592,15509,15418,15294,15074,14878,14749,14555,13675,12395,12062,12242,12228,12274,12392,12483,12507,12503,12353,12085,12108,12388,12509,12576,12742,12780,12689,12722,12957,13246,13363,13247,13094,12929,12563,12201,12056,12185,12540
"Mississippi","State","Mississippi","All Homes",13547,13511,13581,13711,13634,13654,13845,13824,13857,13953,13819,13669,13744,14059,14441,14674,14571,14293,14175,13999,13601,13305,12995,12604,12535,12724,12740,12550,12462,12426,12122,11752,11564,11638,12086,12492,12608,12694,12905,13142,13287,13328,13308,13355,13378,13170,12923,12818,12568,12108,12003,12398,12712,12720,12653,12685,12706,12582,12478,12535,12597,12576,11902,10643,10143,10301,10449,10584,10756,11152,11493,11498,11349,11236,11451,11947,12250,12371,12485,12676,12905,12872,12673,12642,12769,12728,12556,12497,12305,12075,12100,12134,12052
"Arkansas","State","Arkansas","All Homes",18482,18421,18502,18477,18301,18440,18727,18779,18673,18600,18586,18634,19175,20020,20584,20851,20662,20396,20522,20487,20040,19730,19712,19632,19322,19009,18957,19076,19279,19264,18934,18952,19297,19478,19499,19403,19220,19145,19451,20052,20562,20675,20151,19481,19460,19814,19995,19966,19771,19513,19576,20107,20275,19766,19440,19573,19797,19868,19803,19767,19694,19462,18209,16282,15574,16012,16692,17009,16852,16741,16719,16754,16893,17089,17471,17972,18290,18410,18397,18267,18030,17695,17413,17326,17287,17117,17024,16769,16203,15993,16111,16259,16372
"Kansas","State","Kansas","All Homes",16560,16745,17220,17407,17384,17650,17790,17754,17797,17571,17253,17205,17114,17072,17378,17572,17317,17122,17194,17077,16772,16608,16414,16058,15832,15766,15587,15006,14132,13402,12987,12797,12577,12363,12261,12231,12381,12455,12254,12105,12044,11882,11722,11648,11595,11566,11621,11686,11584,11318,11179,11482,11928,12027,11850,11641,11576,11588,11466,11317,11283,11169,10647,10141,10262,10499,10561,10632,10655,10684,10740,10687,10468,10285,10299,10436,10587,10759,10896,10946,10927,10869,10865,10930,11025,11017,10948,10937,10820,10653,10562,10572,10663
"Utah","State","Utah","All Homes",17251,17126,17424,17590,17072,16481,15933,15695,16015,16225,16507,17153,17670,18283,18917,19000,18706,18622,18759,18440,17794,17509,17423,17149,16708,15976,14902,14015,13661,13372,12933,12640,12408,12120,11802,11423,11198,11217,11419,11896,12384,12544,12685,12967,13139,13280,13460,13531,13481,13446,13796,14519,14955,15042,14987,14709,14422,14174,13775,13373,13124,12841,11959,10670,9925,9566,9229,9072,9083,9110,8974,8706,8557,8627,8842,9029,9150,9446,9723,9711,9545,9375,9229,9054,8802,8477,8212,8073,7938,7764,7702,7846,8033
"Nevada","State","Nevada","All Homes",23288,23368,23389,23019,22493,22402,22922,23707,25212,27032,27862,28091,28302,28683,29664,30731,30920,30870,31134,30831,30067,29582,28880,27654,26536,25607,24459,23439,22877,21785,19901,18180,15703,12573,11401,11669,11529,11243,11088,10993,10973,10896,10866,11218,11965,12784,13394,13677,13663,13645,13788,14010,14205,14196,14016,13952,14225,14583,14695,14703,14785,14752,14509,14229,13905,13801,13998,14110,14232,14422,14308,14005,13911,13998,14070,14027,14528,15901,17269,18043,18174,17912,17438,16914,16624,16521,16443,16362,16020,15251,14363,13667,13249
"New Mexico","State","New Mexico","All Homes",12879,12900,12903,12760,12517,12457,12496,12498,12615,12748,12943,13356,13773,14152,14478,14434,14103,14018,14290,14447,14369,14416,14499,14348,14034,13687,13240,12785,12668,12637,12368,12336,12648,12819,12792,12696,12676,12888,13161,13346,13494,13600,13706,13802,13780,13697,13628,13580,13528,13455,13527,13839,14132,14216,14180,14114,14024,13863,13535,13180,12994,12859,12752,12796,12792,12640,12536,12335,12022,11945,12173,12371,12369,12303,12278,12310,12322,12316,12317,12288,12225,12107,11990,11975,11998,11905,11735,11621,11610,11610,11503,11422,11451
"West Virginia","State","West Virginia","All Homes",7784,7692,7678,7705,7490,7137,6854,6741,6845,6958,7100,7395,7692,7979,8169,8207,8248,8406,8739,8910,8692,8646,8999,9142,9001,8961,8888,8588,8257,8030,7860,7827,7944,7982,7906,7868,7932,8060,8120,8112,8192,8309,8289,8130,8035,8088,8154,8232,8287,8246,8303,8553,8806,8971,9066,9093,9094,9081,8991,8831,8741,8728,8741,8823,8950,9027,9051,9158,9360,9428,9259,9045,8900,8789,8822,8999,9212,9448,9665,9822,9891,9879,9857,9917,10002,10004,9924,9836,9761,9640,9562,9566,9563
"Nebraska","State","Nebraska","All Homes",7127,7388,7432,7372,7330,7258,7191,7187,7333,7649,7961,7717,7134,7177,7675,7910,7919,7873,7783,7617,7379,7171,6976,6890,6907,6783,6616,6521,6441,6290,6043,5880,5821,5714,5603,5664,5788,5804,5791,5788,5764,5899,6228,6386,6329,6282,6254,6240,6246,6162,6116,6217,6265,6181,6071,6026,6011,5953,5894,5925,5918,5766,5453,5099,5018,5148,5236,5251,5250,5251,5244,5270,5297,5230,5177,5243,5282,5195,5069,5036,5032,4946,4858,4888,4982,4982,4881,4762,4622,4484,4381,4340,4364
"Idaho","State","Idaho","All Homes",13147,13282,13444,13347,12813,12209,11812,11706,11831,11912,11980,12172,12393,12537,12701,12779,12645,12722,13271,13709,13612,13498,13714,13828,13587,13278,12896,12419,12115,11925,11528,11067,10981,11086,11086,10944,10804,10780,10822,10964,11095,11077,11065,11162,11238,11300,11356,11355,11324,11309,11323,11542,11982,12202,12075,11835,11708,11671,11519,11342,11246,11134,10963,10758,10646,10619,10505,10303,10067,9788,9455,9216,9141,9111,9162,9225,9238,9316,9403,9364,9226,9026,8784,8638,8535,8322,8062,7827,7575,7313,7205,7306,7407
"Hawaii","State","Hawaii","All Homes",6214,6125,5991,5738,5339,4922,4576,4466,4642,4796,4837,4878,4909,5106,5576,6011,6239,6592,7233,7718,7809,7940,8242,8316,8153,7981,7823,7648,7515,7417,7207,6893,6647,6454,6218,6032,6038,6119,6094,6040,6029,5961,5784,5672,5679,5680,5685,5754,5842,5886,5961,6048,6022,5957,5969,6083,6220,6237,6196,6263,6345,6337,6281,6423,6950,7484,7762,7773,7686,7763,7876,7912,7915,7930,8015,8063,7985,7851,7766,7765,7771,7737,7702,7609,7500,7418,7203,6942,6714,6505,6379,6350,6400
"Maine","State","Maine","All Homes",14201,14478,14635,14389,13783,13200,12732,12684,13147,13379,13469,13525,13281,13160,13425,13707,13831,14350,15221,15845,16155,16343,16559,16491,16013,15619,15432,15211,15001,14737,14296,13115,11444,10794,10825,11423,12852,13701,13957,14182,14024,13577,13152,13160,13633,13864,13767,13526,13085,12774,12848,13169,13392,13420,13295,13310,13695,13865,13610,13283,13041,12858,12069,11372,12010,12841,13567,14040,13454,12772,12480,12099,11588,11220,11213,11167,10778,10446,10061,9724,9825,9937,9914,9866,9698,9456,9296,9098,8618,8090,7683,7626,7991
"New Hampshire","State","New Hampshire","All Homes",12878,13006,13237,13043,12289,11559,11254,11404,11670,11847,12090,12244,12359,12535,12588,12491,12483,13046,13973,14362,14100,13850,13740,13594,13473,13400,13229,12927,12662,12370,11925,11591,11559,11620,11627,11613,11749,11994,12046,12054,12129,11948,11614,11425,11331,11206,11079,11029,10730,10225,10127,10453,10843,11067,11153,11239,11303,11235,11011,10815,10771,10764,10819,11106,11508,11803,11807,11531,11276,11067,10757,10333,9896,9587,9360,9081,8755,8447,8140,7854,7627,7518,7630,7891,8061,7937,7513,6977,6459,6032,5844,5848,5852
"Rhode Island","State","Rhode Island","All Homes",5967,6297,6808,6856,6640,6595,6559,6447,6443,6637,6875,7031,7080,7124,7346,7643,7773,7911,8146,8187,8118,8111,8074,7986,7895,7778,7531,7244,7103,6948,6664,6482,6429,6345,6233,6185,6226,6237,6143,6064,6002,5833,5686,5697,5749,5763,5752,5718,5682,5676,5694,5757,5859,5956,6043,6080,6083,6080,5997,5851,5722,5502,5370,5538,5665,5659,5666,5631,5445,5173,5088,5204,5279,5234,5100,4919,4809,4804,4813,4809,4818,4816,4744,4662,4667,4663,4511,4278,4148,4099,4037,4014,4024
"Montana","State","Montana","All Homes",5287,5290,5335,5288,5154,5074,4997,4913,4918,5091,5517,6142,6655,6978,7229,7371,7611,8115,8700,9104,9228,9303,9409,9288,8977,8705,8403,8087,7955,7937,7857,7751,7665,7510,7064,6592,6746,7246,7692,8105,7941,7231,6786,6684,6671,6685,6738,6754,6571,6335,6300,6462,6650,6844,6998,7057,7090,7035,6866,6734,6642,6520,6314,6172,6325,6458,6399,6341,6325,6413,6663,6870,6851,6817,6887,6842,6803,6982,7064,6969,6922,6887,6841,6843,6807,6685,6508,6347,6266,6223,6185,6183,6230
"Delaware","State","Delaware","All Homes",6756,6791,6949,7056,6975,6915,7184,7780,8192,8236,8298,8437,8485,8677,9032,9193,9223,9432,9658,9469,9055,8924,9077,9191,9090,8814,8522,8371,8313,8122,7736,7406,7319,7304,7168,6999,7071,7346,7546,7602,7517,7296,7046,6874,6743,6665,6684,6714,6690,6609,6664,6953,7197,7308,7368,7296,7154,7074,6981,6876,6815,6710,6327,5838,5743,5884,6026,6403,6922,7107,7032,6993,6941,6875,6900,6958,6962,6994,7063,7055,6941,6836,6761,6689,6666,6611,6524,6473,6366,6232,6111,5902,5690
"South Dakota","State","South Dakota","All Homes",3428,3527,3661,3672,3566,3517,3528,3533,3553,3610,3700,3877,3967,3874,3923,4026,4042,4206,4488,4610,4533,4384,4207,4082,4044,4019,3930,3824,3775,3749,3706,3668,3613,3530,3510,3501,3454,3476,3493,3459,3467,3511,3557,3581,3529,3418,3360,3334,3289,3232,3214,3409,3675,3653,3412,3261,3269,3317,3379,3410,3363,3302,3184,2970,2748,2566,2476,2487,2656,2952,3052,2998,3085,3207,3271,3327,3343,3361,3386,3361,3270,3177,3150,3138,3123,3121,3104,3056,3015,3037,3075,3107,3137
"Alaska","State","Alaska","All Homes",3478,3467,3452,3385,3285,3176,3083,3110,3256,3385,3489,3596,3640,3696,3819,3938,4035,4202,4444,4485,4346,4335,4367,4297,4227,4169,4031,3888,3863,3884,3865,3886,3944,3952,3940,3925,3944,4013,4062,4075,4112,4183,4216,4170,4067,3938,3790,3648,3526,3413,3342,3335,3336,3315,3269,3210,3203,3253,3309,3348,3336,3324,3395,3438,3363,3268,3216,3199,3203,3212,3230,3268,3348,3450,3507,3538,3577,3589,3541,3482,3455,3436,3426,3450,3461,3386,3297,3300,3283,3161,3095,3197,3338
"North Dakota","State","North Dakota","All Homes",1618,1669,1654,1593,1545,1523,1522,1502,1470,1449,1474,1556,1612,1629,1676,1738,1761,1775,1799,1810,1805,1817,1874,1899,1839,1752,1635,1496,1436,1431,1423,1436,1466,1492,1496,1477,1457,1432,1399,1331,1256,1204,1149,1166,1248,1301,1324,1355,1386,1391,1398,1425,1443,1416,1392,1424,1503,1593,1623,1604,1600,1610,1670,1769,1795,1770,1792,1852,1915,1952,1975,2025,2098,2205,2323,2449,2612,2778,2901,2896,2788,2727,2710,2692,2722,2816,2931,3060,3203,3356,3472,3504,3538
"Vermont","State","Vermont","All Homes",4821,4942,5105,5145,5015,4806,4611,4514,4522,4593,4753,4954,5193,5388,5427,5436,5509,5807,6334,6665,6676,6753,7063,7401,7585,7626,7564,7491,7464,7340,7159,7158,7333,7438,7415,7392,7454,7535,7530,7522,7571,7544,7409,7332,7354,7354,7271,7190,7032,6818,6877,7166,7425,7573,7688,7799,7838,7804,7694,7600,7612,7721,7870,7894,7810,7851,7955,7934,7839,7768,7690,7497,7265,7119,7017,6957,6966,7002,6953,6823,6706,6608,6552,6571,6624,6623,6497,6302,6119,5938,5757,5623,5558
"District of Columbia","State","District of Columbia","All Homes",2129,2131,2191,2226,2178,2144,2072,1958,2026,2207,2301,2312,2280,2296,2339,2330,2357,2432,2472,2447,2352,2253,2204,2145,2080,2050,1967,1824,1715,1640,1594,1542,1396,1235,1152,1123,1124,1107,1073,1085,1074,994,967,1004,1027,1052,1094,1127,1121,1082,1056,1066,1096,1138,1169,1182,1197,1193,1147,1109,1106,1100,1117,1168,1185,1175,1185,1216,1256,1297,1295,1253,1226,1216,1224,1236,1233,1226,1206,1190,1189,1169,1161,1198,1239,1247,1207,1161,1171,1191,1168,1167,1210
"Wyoming","State","Wyoming","All Homes",2683,2669,2670,2697,2658,2601,2608,2661,2771,2908,3021,3139,3279,3570,3976,4177,4243,4472,4868,5139,5155,5136,5117,5017,4921,4841,4664,4473,4424,4401,4333,4354,4400,4408,4475,4518,4475,4407,4317,4216,4143,4090,4026,3987,3967,3909,3847,3841,3832,3745,3692,3753,3788,3734,3504,3163,3050,3121,3212,3309,3360,3370,3382,3439,3492,3490,3546,3656,3716,3749,3748,3717,3770,3941,4126,4211,4229,4279,4367,4447,4491,4486,4427,4371,4330,4251,4192,4280,4461,4561,4603,4664,4693
