"RegionName","SizeRank","2010-02","2010-03","2010-04","2010-05","2010-06","2010-07","2010-08","2010-09","2010-10","2010-11","2010-12","2011-01","2011-02","2011-03","2011-04","2011-05","2011-06","2011-07","2011-08","2011-09","2011-10","2011-11","2011-12","2012-01","2012-02","2012-03","2012-04","2012-05","2012-06","2012-07","2012-08","2012-09","2012-10","2012-11","2012-12","2013-01","2013-02","2013-03","2013-04","2013-05","2013-06","2013-07","2013-08","2013-09","2013-10","2013-11","2013-12","2014-01","2014-02","2014-03","2014-04","2014-05","2014-06","2014-07","2014-08","2014-09","2014-10","2014-11","2014-12","2015-01","2015-02","2015-03","2015-04","2015-05","2015-06","2015-07","2015-08","2015-09","2015-10","2015-11","2015-12","2016-01","2016-02","2016-03","2016-04","2016-05","2016-06","2016-07","2016-08","2016-09","2016-10","2016-11","2016-12","2017-01","2017-02","2017-03","2017-04","2017-05","2017-06","2017-07","2017-08","2017-09"
"California",1,,,,,,,,,,,,,,,,,,,,,,,,,,,,,,,2.198,2.19945564032522,2.19399122807018,2.19618055555556,2.22290472290472,2.21153846153846,2.2267316017316,2.3013698630137,2.2741116751269,2.26547916666667,2.24285714285714,2.20296847716203,2.2375,2.17647058823529,2.20381526104418,2.11764705882353,2.26023702653752,2.2507204610951,2.24848216204599,2.23076923076923,2.3463687150838,2.39555555555556,2.36,2.4581589958159,2.4704321984882,2.53565768621236,2.58215962441315,2.58673469387755,2.64900662251656,2.71428571428571,2.74527557575985,2.78155339805825,2.82608695652174,2.85168126447196,2.89568345323741,2.90778533635677,2.98373015873016,2.94511378848728,2.91161178509532,2.91728070175439,2.94166666666667,3.00216259343243,3.00730623465357,3.07777804450633,3.09712186160441,3.15833333333333,3.1496062992126,3.24473684210526,3.15692640692641,3.17073170731707,3.06408221837674,3.09107838158118,3.03179598918614,3.26232454638822,3.39414802065404,3.4,3.40715502555366,3.375,3.4297520661157,3.5042328042328,3.48511383537653,3.47826086956522
"Texas",2,0.873015873015873,0.819604612850082,0.844681634155318,0.827932474906824,0.825695176290051,0.778436885124783,0.745712155108128,0.754949448100439,0.787728026533997,0.782118511879627,0.781006011867583,0.735294117647059,0.725075528700906,0.738339021615472,0.747936169733679,0.75642523364486,0.751034464697255,0.743099787685775,0.637755102040816,0.635179761749361,0.625,0.671025464556091,0.668117285702573,0.683709869203329,0.788288288288288,0.802139037433155,0.800492610837438,0.783707865168539,0.790057962172056,0.782921617987247,0.764388489208633,0.755718954248366,0.750900640949548,0.748955798339633,0.744711920859018,0.756484149855908,0.753222141579739,0.764793144064993,0.768156424581006,0.769230769230769,0.767819994005741,0.767987065481002,0.762388818297332,0.762556300364409,0.763442042018038,0.76555023923445,0.760287275366031,0.764388489208633,0.766550454755295,0.775375939849624,0.790048722675797,0.808189655172414,0.809061488673139,0.816882232811436,0.819238900634249,0.814956855225312,0.807155322862129,0.807984790874525,0.810970081595648,0.812460077987518,0.813338755591704,0.823045267489712,0.833333333333333,0.841429499675114,0.848214285714286,0.85,0.84936747703516,0.846423912101081,0.844433071761629,0.86376293323689,0.857799338463048,0.849103726462217,0.852059925093633,0.870097675356213,0.887222088900916,0.892060660124888,0.88782412626832,0.89920424403183,0.88604404555523,0.885416666666667,0.869624484377223,0.870105655686762,0.860166377040163,0.886774794501196,0.892058165548098,0.90293453724605,0.920509198199018,0.93984962406015,0.935771778657958,0.934080190696693,0.916401292606813,0.916230366492147
"Florida",3,,1.15942028985507,1.15384615384615,1.14649681528662,1.12522509003601,1.0126582278481,0.975889781859931,1.07406350390383,1.11111111111111,1.11205991829324,1.1058981233244,1.05520393811533,1.02803738317757,1.02256699576869,1.02880658436214,1.01404056162246,0.970873786407767,0.978126249568851,0.980295566502463,0.998549642150783,1,1.00834492350487,1.00235881858794,0.984831925380914,0.998500887705282,1.00077476041198,1.00874243443174,1.00877192982456,1.01551135118708,1.02370689655172,1.02796052631579,1.03107344632768,1.0230179028133,1.02403058438012,1.02564102564103,1.02489019033675,1.02564102564103,1.04166666666667,1.03481487570818,1.01651842439644,1.0254329004329,1.06209150326797,1.03260869565217,1.04655330499291,1.08695652173913,1.10732538330494,1.09794628751975,1.07316417166323,1.05558416294771,1.03857566765579,1.03397341211226,1.08398707891094,1.09073990605615,1.10017371163868,1.11111111111111,1.1167656571935,1.0957324106113,1.08784128224141,1.07612457872642,1.07217573221757,1.07097095030469,1.09126984126984,1.09942687842588,1.11569764536455,1.13636363636364,1.13636363636364,1.17057291666667,1.16230918204602,1.17259270965023,1.18704722908343,1.18035882908404,1.18694362017804,1.21396054628225,1.23867069486405,1.23873873873874,1.20528771384137,1.19040854978355,1.16883116883117,1.15100312588804,1.18055555555556,1.19739993157715,1.29384513567174,1.165371809101,1.19660125056653,1.19233826586768,1.22582936217009,1.26012601260126,1.25259384915667,1.26760563380282,1.28322639780018,1.32547864506627,1.35289520061017
"Illinois",4,,,,,,,,,,,,,,,,,,,,,,,,,,,,,,,,,,,,,,,,,,,,,,,,,,,,,,,,,,,,,,2.1,1.79022546419098,1.79445350734095,1.59090909090909,1.7,1.68181818181818,1.7938367557646,1.75,1.85185185185185,1.7310070391274,1.65833333333333,1.92388155777277,1.71428571428571,1.75101078167116,1.83278145695364,1.75,1.86724137931034,1.8375,1.79,1.71428571428571,1.7,1.75,1.73893458676067,1.75454545454545,1.74072743318205,1.79,1.8328125,1.87847439916405,1.825,1.88349576487397,1.95357991681521
"Pennsylvania",5,,,,,,,,,,,,,,,,,,,,,,,,,,,,,1.13636363636364,1.15652173913043,1.10361611703864,1.06696428571429,1.0844306738962,1.12748055892662,1.15454545454545,1.20857279693487,1.18260869565217,1.25,1.31048387096774,1.43207282913165,1.38764880952381,1.26245210727969,1.18316040843215,1.12964174454829,1.11731843575419,1.20833333333333,1.18888888888889,1.20431238618206,1.21163166397415,1.22222222222222,1.29032258064516,1.3470435169467,1.34569081153588,1.28571428571429,1.22619379089517,1.15049640534064,1.1080069124424,1.1,1.118695060171,1.11111111111111,1.28211019984917,1.45833333333333,1.51791135397693,1.52959183673469,1.48635082087444,1.5,1.45189558531345,1.37931034482759,1.27511498426531,1.3671875,1.27954606092947,1.39234914422571,1.45657315454076,1.51207729468599,1.59176636439838,1.7,1.6,1.6366341991342,1.5625,1.46341463414634,1.38439481884888,1.29411764705882,1.30270719224208,1.39344262295082,1.47058823529412,1.62960122699387,1.70119098690527,1.75,1.74050632911392,1.74615510033892,1.72727272727273,1.5916955017301
"Ohio",6,,,,,,,,,,,,,,,,,,,,,,,,,,,,,,,,,,,,,,,,,,,,,,,,,,,,,,,,,,0.944073083778966,0.971092503987241,0.965727515815561,0.982214567176166,1.02640178878569,1.01261049387722,1,1.02648920558375,1.1,1.06666666666667,1.0353982300885,1.01674641148325,1.06904761904762,1.08071022727273,1.08180288461538,1.0859375,1.12062128222075,1.28031531531532,1.25157430730479,1.31944444444444,1.31666666666667,1.14111842105263,1.25277777777778,1.09411764705882,1.16822429906542,1.21212121212121,1.30789473684211,1.26916260162602,1.29,1.25621094832918,1.27338287879597,1.26930894308943,1.22916666666667,1.39285714285714,1.37046052631579
"Michigan",7,0.842198581560284,0.834128878281623,0.843060959792477,0.838271594501834,0.843962779513049,0.838772718389681,0.842992623814542,0.8274231678487,0.837548329731759,0.833142663228606,0.824175824175824,0.798730276093791,0.804093567251462,0.798934753661784,0.806451612903226,0.825593395252838,0.825593395252838,0.82256169212691,0.841219872013492,0.82135523613963,0.767645472421716,0.767195767195767,0.760869565217391,0.756556967622541,0.767148014440433,0.772513259810441,0.782997762863535,0.783330684887971,0.775314020812896,0.778546712802768,0.778356597542551,0.770218228498074,0.775903876383826,0.77559462254395,0.77841845140033,0.799573560767591,0.779569892473118,0.789473684210526,0.793650793650794,0.782064650677789,0.771365149833518,0.780379041248606,0.780345583049273,0.774376226183455,0.779787897691828,0.785914007359666,0.787234042553192,0.783622301572925,0.776071160141688,0.776297076004596,0.780226984410786,0.798936705587951,0.804597701149425,0.802334062727936,0.80441414394604,0.805270863836018,0.805432722678459,0.802139037433155,0.797660196756182,0.792861143542331,0.801068090787717,0.802139037433155,0.807823129251701,0.80999545900536,0.814671370503873,0.830564784053156,0.829048588347256,0.822631909060798,0.825406251178223,0.824514289826232,0.830223490914154,0.837988826815642,0.838264299802761,0.847457627118644,0.857338820301783,0.855614973262032,0.856531049250535,0.863002576039908,0.862068965517241,0.866727493917275,0.879765395894428,0.870473537604457,0.854408749145591,0.874125874125874,0.86376820799458,0.875856816450876,0.883776892064185,0.891601508896851,0.904374253452506,0.908125730804209,0.892326312213351,0.91324200913242
"Georgia",8,,0.695012264922322,0.667828106852497,0.662479959881602,0.708333333333333,0.703802615900463,0.689149196146692,0.671241637150728,0.677813998513085,0.677049511325996,0.674970994033058,0.641368435486083,0.642155676276535,0.641711229946524,0.649812234667638,0.658365351623264,0.654550423613009,0.643874506864512,0.639039504260263,0.644733456647346,0.645950374531835,0.645624103299857,0.63281372089389,0.645161290322581,0.654777495073462,0.657706659444495,0.657452253127077,0.659213363881656,0.646551724137931,0.653027501624348,0.649350649350649,0.641773628938156,0.645872057001239,0.643939393939394,0.652741514360313,0.668449197860963,0.661375661375661,0.670164157139375,0.673784194528875,0.659738585192167,0.659370797225789,0.668676106782227,0.65947242206235,0.654761904761905,0.645577792123951,0.644723895106222,0.641539695268645,0.640542577241899,0.64157883949472,0.645896656534954,0.651285548735521,0.657008086253369,0.665955177307545,0.666666666666667,0.666793699186992,0.663829806466776,0.662544169611307,0.665360910094444,0.673940949935815,0.674536256323777,0.675675675675676,0.681818181818182,0.689484126984127,0.692574923194253,0.687154696132597,0.68886337543054,0.680801833607288,0.68335240707224,0.680970149253731,0.721153846153846,0.716911764705882,0.717680608365019,0.72273150452593,0.735294117647059,0.752733389402859,0.734925692793316,0.727857142857143,0.721561969439728,0.727892572274283,0.715185117937863,0.717994575506043,0.733783387144115,0.735612426788897,0.750289687137891,0.758521183433358,0.763105507631055,0.763888888888889,0.768597680779751,0.776196636481242,0.794491525423729,0.775193798449612,0.770509977827051
"North Carolina",9,,,,,,,,,,,,,0.680458460584081,0.691712089168762,0.690021231422505,0.696644295302013,0.696564885496183,0.698271835590845,0.696619361273298,0.696579656370383,0.689396925502562,0.697289788215559,0.702617444363263,0.705882352941177,0.705854579792257,0.712045563190196,0.716275368085953,0.720022063562894,0.729481225042417,0.726832222895215,0.727150570183318,0.720136652352836,0.705128205128205,0.706064630367419,0.710648328191301,0.718455321059722,0.723140495867769,0.725746891845096,0.725725725725726,0.725363546166104,0.729166666666667,0.726598904236387,0.72593143865349,0.722450307354063,0.721986831695023,0.718823356807512,0.724158190784404,0.726277372262774,0.729696464810964,0.732536850430119,0.737044414932861,0.747419813096909,0.746910263299301,0.745604125542052,0.744167337087691,0.734090915157776,0.744794447410571,0.742811501597444,0.741152494952479,0.741585852823731,0.745209368346345,0.750514050719671,0.759753227010445,0.760738121449018,0.766417023776149,0.767141355240447,0.76589927396379,0.757575757575758,0.756963090754274,0.781695156695157,0.781740663146583,0.787743293003682,0.79593846019052,0.831450719964078,0.808165264687004,0.822482638888889,0.801039697542533,0.804234685813633,0.789473684210526,0.801068090787717,0.786713286713287,0.78405017921147,0.783783783783784,0.811688311688312,0.81266318537859,0.846262341325811,0.850159404888417,0.853310502283105,0.854341736694678,0.856979622928966,0.848139284285687,0.844623273528197
"New Jersey",10,1.05296466597836,1.0510396408703,1.11198165928605,1.12469437652812,1.13728675873274,1.10555409318242,1.07370864770749,1.10247814491036,1.13544173242743,1.12714248544573,1.13636363636364,1.13636363636364,1.12007168458781,1.12107623318386,1.16834838024429,1.17370892018779,1.17548278757347,1.19246923473505,1.19521912350598,1.16792929292929,1.15702479338843,1.17827868852459,1.19047619047619,1.2,1.2012012012012,1.2274868065783,1.2531328320802,1.25996835554802,1.26602827552195,1.24193889671139,1.23196778184386,1.21255349500713,1.19462419113987,1.18421052631579,1.19047619047619,1.2037037037037,1.21019108280255,1.2396694214876,1.2555690562981,1.26422250316056,1.2461647419789,1.24378109452736,1.24946050927924,1.2391907554587,1.23027613412229,1.22137404580153,1.23433229667326,1.23106060606061,1.23361230998396,1.24444444444444,1.25714285714286,1.3013698630137,1.30208333333333,1.29371626157567,1.28585558852621,1.27055306427504,1.24936454743505,1.25,1.25374631356757,1.27681307456588,1.29464285714286,1.32091727807701,1.34548611111111,1.36203866432337,1.35640993338322,1.35309278350515,1.33587786259542,1.31284794285053,1.30475551793916,1.30237825594564,1.2962962962963,1.314885983919,1.3234242194732,1.34568237936879,1.36363636363636,1.38200881192505,1.38449367088608,1.38221153846154,1.34042812683078,1.32395554313948,1.30952380952381,1.27504553734062,1.27732974910394,1.3118408739157,1.33056133056133,1.34402774766963,1.37867647058824,1.42347876587203,1.45244227925206,1.43849206349206,1.40758873929009,1.38392857142857
"Virginia",11,,,,,,,,,,,,,,,,,,,,,,,,,,,,,,,,,,,,,,,1.43382352941176,1.34336260330579,1.30111524163569,1.24007936507937,1.19418483904465,1.18272185389648,1.17489204790435,1.17779061164711,1.18205481941871,1.18333333333333,1.18694362017804,1.19002525252525,1.21951219512195,1.22299225438239,1.25,1.25808770668584,1.24406249296504,1.21875,1.19423955040393,1.19786338993453,1.19047619047619,1.18187203791469,1.21812064746847,1.23355263157895,1.26008064516129,1.25,1.27855736382615,1.27887788778878,1.29540819406357,1.26785714285714,1.22602701177306,1.30075649812492,1.25,1.27551020408163,1.32013569848562,1.35416666666667,1.35833333333333,1.34615384615385,1.34690374483611,1.3632034395512,1.34660421545667,1.36010362694301,1.35381048971313,1.26650698851147,1.25836955667127,1.36690647482014,1.44508670520231,1.5,1.56625,1.57128748895473,1.60714285714286,1.6271582477169,1.61290322580645,1.71847133757962
"Washington",12,,,,,,,,,,,,,,,,,,,,,,,,,,,,,,,,,,,,,,,,,,,,,,,,,,,,,,,,,,,2.1203735916718,2.11111111111111,2.27710921325052,2.28134377978516,2.35378031383738,2.35185185185185,2.44061962134251,2.42857142857143,2.38991596638655,2.35151515151515,2.3045737022842,2.5197628458498,2.3898052792908,2.42456896551724,2.52747252747253,2.52828175026681,2.6320938215103,2.64876033057851,2.63476027861344,2.72712586282861,2.66666666666667,2.6521057319955,2.51677852348993,2.54807692307692,2.65839829762013,2.75193798449612,2.73421624713959,2.84738041002278,2.84045454545455,2.97669118030564,3.15972440944882,3.15601973684211,3.1619051698291,3.23122529644269
"Massachusetts",13,,,,,,,,,,,,,,,,,,,,,,,,,,,,,,,,,,,,,,,,,,,,,,,,,,,,,,,,,,,,,,,3.77065702065702,3.83561643835616,3.83986928104575,3.88297872340426,3.73088685015291,3.66666666666667,3.7006237006237,3.71525096525097,3.73717105263158,3.73194002371591,3.8125,3.71794871794872,3.75,3.83333333333333,3.875,3.79,3.81679389312977,3.83187134502924,3.67441860465116,3.7483850129199,3.6,3.77035409666581,3.72156862745098,3.75,3.85538170492077,3.97637795275591,3.95833333333333,3.92905536198219,3.97800338409475,3.91949884792627
"Indiana",14,,,,,,,,,,,,0.659433962264151,0.643724696356275,0.642452686850899,0.657171973823712,0.702702702702703,0.667127071823204,0.64331279809221,0.656677583697234,0.672947510094213,0.683131897004729,0.683131897004729,0.647792706333973,0.677739197530864,0.721970554926387,0.727662050318435,0.685611926711103,0.691252050647693,0.69612755937168,0.686619718309859,0.672586705491515,0.703125,0.717213114754098,0.701843689428955,0.684242208052793,0.72826867816092,0.722433460076046,0.704887218045113,0.719246031746032,0.711103752946205,0.710714285714286,0.713174273858921,0.713174273858921,0.727083333333333,0.731415879442195,0.742701063139101,0.743605311394874,0.743122571750846,0.728966472118158,0.728981218666286,0.725124422167514,0.739577384351799,0.750838926174497,0.738562517474063,0.733333333333333,0.731707317073171,0.718096140608941,0.718085106382979,0.718279253230528,0.723771328643054,0.731395717107945,0.748366013071895,0.747297218326321,0.746794871794872,0.749453974636854,0.754419191919192,0.75609756097561,0.754364768373389,0.756088294165616,0.76837416481069,0.766169178785383,0.76837416481069,0.782509426819898,0.781758957654723,0.790230822560254,0.795092838196287,0.791642469996129,0.763024490659689,0.7725,0.789866732477789,0.750968992248062,0.768927444794953,0.78125,0.775669642857143,0.793343653250774,0.803066989507668,0.821391903784101,0.819038176375133,0.828301799968999,0.821185617103984,0.809500232991612,0.830555555555556
"Arizona",15,,0.807514831905076,0.788863109048724,0.775259404461085,0.835079686447624,0.797165633303809,0.768646474891512,0.78781512605042,0.802879291251384,0.797872340425532,0.792893433321898,0.74718045112782,0.73394495412844,0.731452455590387,0.745378652355397,0.744906701469116,0.736715359274504,0.721017507053462,0.717868381894593,0.712175523028202,0.710612257986243,0.706558312364679,0.70495279292609,0.711662075298439,0.7109662512017,0.721519033701775,0.730897009966777,0.730792654361473,0.733565195556723,0.734036369877776,0.730769230769231,0.722060957910015,0.718032786885246,0.714729645742697,0.711870757155286,0.714285714285714,0.716422775302108,0.717717717717718,0.724149281514608,0.716845878136201,0.715042372881356,0.721153846153846,0.705659460077785,0.71681653595666,0.71409056621939,0.710227272727273,0.710227272727273,0.705238917674151,0.706033376123235,0.709183673469388,0.714285714285714,0.7375,0.741839762611276,0.73958738808875,0.739051094890511,0.734042291152299,0.732860231448882,0.732666190135811,0.735294117647059,0.738121064721905,0.751267526892776,0.766423357664234,0.784763899659463,0.794276004434737,0.798258345428157,0.790598290598291,0.78847199564981,0.788461538461538,0.787918322090919,0.798137743588382,0.798397040690506,0.805880200312034,0.818284424379233,0.83224295626397,0.845521023765996,0.820016820857864,0.820181143877226,0.820348304307974,0.818568979463714,0.80856073373679,0.808491418247516,0.824015556635877,0.795454545454545,0.835170412364176,0.848385331143952,0.875796178343949,0.897666068222621,0.907613377946524,0.909090909090909,0.910931174089069,0.901745313510019,0.897948974487244
"Tennessee",16,,0.728985599592201,0.748928819794962,0.780211184982401,0.772690106295993,0.775526110678098,0.738401392245326,0.732217573221757,0.737924865831843,0.737613913855718,0.735234643220097,0.701113716295428,0.674603174603175,0.683841745669703,0.71656050955414,0.726422578813802,0.713087248322148,0.732514177693762,0.731587706536325,0.723404255319149,0.730331085580547,0.721500721500722,0.72250566893424,0.730897009966777,0.739334337160424,0.749583564686285,0.746467661691542,0.744960560911481,0.745174137211323,0.741239892183288,0.734060402684564,0.730769230769231,0.727420642971465,0.726978998384491,0.726216412490922,0.729166666666667,0.733364083640836,0.737547892720307,0.738856589147287,0.748337028824834,0.744151319064211,0.740740740740741,0.740419466053748,0.73782587309395,0.737265415549598,0.735113233485276,0.735113233485276,0.733654801432717,0.731331793687452,0.734914904589995,0.737987839701418,0.747950819672131,0.750163078930202,0.756705374576097,0.753367003367003,0.753367003367003,0.753496543712547,0.750577367205543,0.752177355502771,0.760416666666667,0.758928571428571,0.762785749117078,0.769984601984782,0.776385504892292,0.774264915786469,0.770455170517052,0.771704192830168,0.770895835236202,0.773014757554462,0.773466177241741,0.769230769230769,0.779376498800959,0.787740350960221,0.797448165869219,0.803858520900322,0.795012258657677,0.795217803030303,0.815217391304348,0.804365400161681,0.811688311688312,0.778561611572219,0.796274781233005,0.78792735042735,0.796855559938789,0.810185185185185,0.832713610157414,0.858641358641359,0.862068965517241,0.861852092821514,0.861600856173278,0.872093023255814,0.883258129310365
"Missouri",17,,,,,,,,,,,,,0.701778017241379,0.695488721804511,0.793111628709455,0.831589958158996,0.84005376344086,0.841272302965851,0.835866261398176,0.919100512661178,0.962019230769231,0.980392156862745,0.970528455284553,0.998979591836735,0.986842105263158,0.946969696969697,0.941454185169269,0.955477566749243,0.919994413623054,0.913461538461538,0.921296296296296,0.85,0.833333333333333,0.827424463937622,0.822033898305085,0.824070525105404,0.738883399209486,0.750903563671296,0.786423193507382,0.773570204145239,0.770664560219831,0.804455445544555,0.799116847826087,0.785014005602241,0.783132530120482,0.774632788228984,0.79066265060241,0.766856060606061,0.78125,0.789779326364692,0.81877035002035,0.834875655206374,0.869565217391304,0.857142857142857,0.860323886639676,0.826273285770908,0.791666666666667,0.791666666666667,0.818152724239112,0.819672131147541,0.83292523669605,0.804748091628975,0.85920177383592,0.862641388469112,0.854437114279634,0.836120401337793,0.819672131147541,0.812433768986224,0.807584269662921,0.794728434504792,0.784518828451883,0.805921052631579,0.793902906355257,0.840336134453782,0.888606880992668,0.878342013888889,0.851339671564391,0.93730407523511,0.880069129847784,0.90890902948539,0.892705106233384,0.903614457831325,0.887430631806986,0.888157894736842,0.885416666666667,0.955204216073781,0.919963201471941,0.935828877005348,0.972644376899696,0.992063492063492,1,1
"Maryland",18,1.20225464190981,1.19931467732724,1.19994746040573,1.18711385701677,1.19999885907265,1.20137457044674,1.16772823779193,1.16782876536061,1.18371212121212,1.17288165266106,1.18369279529994,1.17790746020432,1.17647058823529,1.18838028169014,1.19760479041916,1.21391076115486,1.21763255240444,1.22549019607843,1.21621621621622,1.20967741935484,1.21025181509052,1.21212121212121,1.21155638397018,1.21145374449339,1.21012101210121,1.22257053291536,1.21710526315789,1.21944444444444,1.23777323384512,1.23697916666667,1.23273026315789,1.23152709359606,1.23343838032584,1.24019472129937,1.23376623376623,1.23709026592719,1.2402088772846,1.24677558039553,1.25,1.25,1.25,1.25,1.24172185430464,1.23851378345985,1.23490766429185,1.23574144486692,1.25,1.2396694214876,1.24627354718322,1.24750499001996,1.25369277024314,1.26811594202899,1.27118644067797,1.2822173508702,1.27659574468085,1.25284738041002,1.24821683309558,1.24146492861577,1.25,1.25,1.25762195121951,1.27040850326536,1.28472222222222,1.28968253968254,1.2939453125,1.29943502824859,1.29206224777168,1.27159309021113,1.26979648142176,1.26736111111111,1.26470195905354,1.26923076923077,1.27467105263158,1.2890625,1.30208333333333,1.29928315412186,1.3047138047138,1.29950495049505,1.29015613036386,1.27232142857143,1.27840909090909,1.26196692776327,1.25679849841861,1.2939453125,1.2987012987013,1.31468173575497,1.33482142857143,1.34331386896685,1.34782608695652,1.35135135135135,1.34680134680135,1.33156842970267
"Minnesota",19,,,,,,,,,,,,,,,,,,,,,,,,,,,,,,,,,,1.34436922415646,1.56848404255319,1.42,1.425859030837,1.4975,1.45,1.44444444444444,1.35,1.302,1.32900878926784,1.37096774193548,1.32,1.35,1.375,1.43826219512195,1.625,1.64670014347202,1.6875,1.54630573248408,1.53863906581741,1.60542168674699,1.79333333333333,1.625,1.55617352614016,1.48588410104012,1.55056179775281,1.50793650793651,1.58944444444444,1.6875,1.68665667166417,1.68808962264151,1.75,1.746875,1.716,1.75641025641026,1.77527777777778,1.83823529411765,1.82043367346939,1.78972712680578,1.82839587616213,1.86666666666667,1.90030303030303,1.87375,1.6682301438399,1.782,1.79537037037037,1.89699381078691,1.92295345104334,1.77777777777778,1.8,1.75292153589316,1.93800247371676,1.90082644628099,1.93217054263566,2,2.0625,2,2.05128205128205,2.04721231927114
"Colorado",20,,,,,,,,,,,,,,,,,,,,,,,,,,,,,,,,,,,,,,,,,,,,,,,,,,,,,,,,,,,,,,,,1.90869633838384,1.96619217081851,1.89169139465875,1.88565976809042,1.99222714954422,1.94444444444444,2.01191151446398,2.06013745704467,2.09954058192956,2.14939024390244,2.11111111111111,2.1875,2.27820626140511,2.26765799256506,2.24571428571429,2.33423913043478,2.19852941176471,2.08279120683889,2.06686384976526,2.11128048780488,2.27868852459016,2.26694915254237,2.39852398523985,2.44718309859155,2.50880281690141,2.51836734693878,2.48175182481752,2.46326438848921,2.46478873239437
"Alabama",21,,,,0.662450066577896,0.646725949878739,0.630388433702296,0.648148148148148,0.62330477074385,0.628381263210125,0.625906234896085,0.628882664681771,0.598699631159057,0.608337952668938,0.608216706819591,0.621911075036075,0.630149884958422,0.638977635782748,0.624133148404993,0.618666961297321,0.612244897959184,0.626539641233404,0.628402485791911,0.644211918378711,0.63755206023109,0.633357057270786,0.651401500197394,0.622890992684118,0.620891161431702,0.625,0.625,0.620039682539683,0.607988401254278,0.604412264326708,0.616559013505578,0.611390284757119,0.619047619047619,0.611845325501713,0.612848689771767,0.621966801866223,0.620736698499318,0.616067177738265,0.618131868131868,0.617657207810661,0.623052959501558,0.622775800711744,0.618521078092605,0.616004528539082,0.614754098360656,0.601933482600989,0.605536332179931,0.605963976499691,0.605413105413105,0.608126560549313,0.611224121948707,0.613593455003147,0.605474718796518,0.603132721866231,0.598802395209581,0.598802395209581,0.605410916566417,0.6103515625,0.609375,0.611745513866232,0.612892931284732,0.615050651230101,0.611353711790393,0.607202680067002,0.604229607250755,0.604464492637126,0.607064017660044,0.609756097560976,0.613812308887055,0.615302300695559,0.616308470290771,0.615319672302016,0.622641509433962,0.620736698499318,0.633562239821683,0.63318619623851,0.612800726282342,0.619631345091291,0.622148593133915,0.628673315389664,0.625,0.634146341463415,0.637335526315789,0.635876840696118,0.639039504260263,0.63768115942029,0.64066498072773,0.634517766497462,0.641711229946524
"South Carolina",22,,0.723712076335146,0.715337016020944,0.714645408938887,0.701754385964912,0.677767179141885,0.709821428571429,0.723763570566948,0.787852112676056,0.791184971098266,0.733284090909091,0.728862973760933,0.724054706355591,0.726232394366197,0.724054706355591,0.724911516050757,0.689655172413793,0.684308641614196,0.728055394366826,0.714285714285714,0.717787114845938,0.722772277227723,0.726461038961039,0.735948532144184,0.732807215332582,0.742390497401633,0.75266783791258,0.752710439688222,0.735620431604594,0.748129675810474,0.747508305647841,0.748129675810474,0.747818990729157,0.752364438839849,0.753040114515524,0.748197115384615,0.749625187406297,0.748197115384615,0.78072567114094,0.775759196773928,0.747537304127354,0.757296002864688,0.76530612244898,0.782051282051282,0.758703316073593,0.78125,0.799200799200799,0.792440318302387,0.785714285714286,0.781758957654723,0.78625472887768,0.774219838578226,0.780409946236559,0.788074712643678,0.802170083279949,0.757831005472515,0.764388489208633,0.77930174563591,0.790180475871255,0.792253521126761,0.788892473632221,0.808383233532934,0.790145005370569,0.797494714662342,0.813609467455621,0.804721030042919,0.807023274806043,0.805341596658453,0.79156722354813,0.791666666666667,0.802706339712919,0.801435406698565,0.832129094412331,0.882899628252788,0.929427604613478,0.855752718946766,0.896206255701228,0.854479544277576,0.87719298245614,0.882167611846251,0.840672538030424,0.832338902147971,0.832210242587601,0.921637426900585,0.916666666666667,0.935162094763092,0.998402555910543,0.990675990675991,0.929368029739777,0.94915722575297,0.966370313103981,0.998402555910543
"Louisiana",23,,,,,,,,,,,0.834716229671424,0.882352941176471,0.843347158667622,0.854961832061069,0.854961832061069,0.843345912956122,0.824097123439229,0.846805736636245,0.814814814814815,0.818330605564648,0.815343650595089,0.824117776192306,0.825206301575394,0.840457212576557,0.855404438081603,0.859528487229863,0.883333333333333,0.833333333333333,0.849619600843377,0.85978835978836,0.873465725638277,0.85981308411215,0.860881542699725,0.842468078309224,0.833333333333333,0.817822176684882,0.830382320152141,0.841902823305488,0.860548298231583,0.872582642052537,0.896495517522412,0.942740046838408,0.918838295716778,0.900762829403606,0.878660555131143,0.894668045035768,0.902255639097744,0.88792620290437,0.86136235161108,0.86648865153538,0.87917435221783,0.887096774193548,0.909233176838811,0.903328141463191,0.916740938799762,0.906183368869936,0.891315249827457,0.875,0.880530973451327,0.882515168229454,0.875,0.869565217391304,0.902158747383924,0.912662965195863,0.915458175704077,0.918768499051318,0.901317584121264,0.90032154340836,0.892232767232767,0.891913319238901,0.894804361770366,0.9,0.89913995308835,0.914115646258503,0.927773828307874,0.909692557739562,0.909703504043127,0.926229508196721,0.920245398773006,0.930232558139535,0.925925925925926,0.90489532370008,0.914360362041616,0.909090909090909,0.921743947364844,0.922879177377892,0.944206008583691,0.960118168389956,0.951790609491604,0.960118168389956,0.94774481400309,0.940766550522648
"Kentucky",24,,,,,,,,,,,,,0.780434874661247,0.769589552238806,0.773382319434951,0.78569948093144,0.745952146758853,0.751702238015362,0.77068384122803,0.747757468746253,0.77457264957265,0.784285714285714,0.775619658119658,0.781034876429613,0.774932614555256,0.801732018675112,0.804976611365065,0.8,0.806378242353852,0.814256721368715,0.818181818181818,0.742842505854801,0.80972972972973,0.794871794871795,0.785,0.776470588235294,0.779556148977138,0.788954635108481,0.798856396628305,0.829081632653061,0.828598484848485,0.8175608544461,0.8,0.805555555555556,0.797275641025641,0.801282051282051,0.804878048780488,0.802529182879377,0.802529182879377,0.797413793103448,0.797413793103448,0.804924242424242,0.793943870014771,0.811909470446056,0.818181818181818,0.805200819557102,0.805555555555556,0.816633210661314,0.808491418247516,0.809038099653639,0.818140926782698,0.825084777694047,0.846047123302762,0.867269984917044,0.859375,0.863636363636364,0.863783783783784,0.847065837121194,0.813704496788009,0.849941383352872,0.849899870146691,0.862068965517241,0.883333333333333,0.892857142857143,0.875295807978364,0.846153846153846,0.86977648202138,0.887939221272555,0.863675820707071,0.88607743192849,0.876541976201433,0.889513108614232,0.885413197242367,0.884955752212389,0.905349794238683,0.916145108947612,0.916666666666667,0.934092947367284,0.919811320754717,0.921658986175115,0.927040585194265,0.924439688484632
"Oregon",25,,,,,,,,,,,,,,,,,,,,,,,,,,,,,,,,,,,,,,,,,,,,,,,,,,,,,,,,,,1.73076923076923,1.65015479876161,1.66666666666667,1.83167782012424,1.85272727272727,1.62970887690728,1.73587978384781,1.92695673310647,2.00980392156863,2.00490196078431,2.04380145303019,1.98265179677819,2.15659848845198,2.1078431372549,2.1399730820996,2.13651315789474,2.20928494455452,2.15953307392996,2.21130221130221,2.2103022684418,2.10144927536232,2.05696202531646,2.26884779516358,1.98214285714286,2.02211690363349,2.07011101225264,2.14992486789618,2.2188995215311,2.25586854460094,2.3683742273834,2.35568513119534,2.31666666666667,2.32717231222386,2.36784140969163,2.31848983543078
"Oklahoma",26,,,,,,,,,,,,0.627376425855513,0.622119815668203,0.632197828312372,0.689428759028234,0.674273858921162,0.668704623614826,0.668704623614826,0.677331849401006,0.687536383746653,0.688364055299539,0.682694490966236,0.699293997036424,0.718685831622177,0.69759330310429,0.71227839902686,0.727411944869832,0.702702702702703,0.709515859766277,0.70482533471493,0.698412698412698,0.697924123120974,0.687876238794984,0.69759330310429,0.694720236519283,0.692341524379357,0.693612774451098,0.700280197897811,0.714285714285714,0.731875757984099,0.728099775784753,0.746745412715336,0.725454545454545,0.720100187852223,0.734268199453989,0.745614035087719,0.736648250460405,0.728277247614264,0.745403171390014,0.75,0.753968253968254,0.756901157613535,0.759429860885083,0.76538227231191,0.755717015166259,0.76219512195122,0.762105767306208,0.753657471755943,0.763201320132013,0.76219512195122,0.768608414239482,0.775945683802134,0.78262442777481,0.791723057197806,0.787344294611736,0.78125,0.783661622651207,0.759029054040102,0.756811301715439,0.76960076960077,0.775193798449612,0.77758470894874,0.777896995708155,0.788915945165945,0.787712895377129,0.817555938037866,0.798056904927134,0.801567509796936,0.792291762845955,0.763692737725423,0.755360623781676,0.755336617405583,0.760425839373208,0.759888124158117,0.774836091378201,0.783376091908458,0.783475783475784,0.800198289551671,0.781512605042017,0.773946046308432,0.767830619525535,0.767543859649123
"Mississippi",27,,,,,,,,,,,,,0.682831661092531,0.703564727954972,0.719028593172429,0.717131474103586,0.712518897087028,0.7078645100797,0.777439024390244,0.703399765533411,0.693313611608678,0.674020845027197,0.679478971732493,0.698174006444683,0.697600014374758,0.66412524975921,0.693263542385767,0.713502506265664,0.700311945074042,0.691278897248765,0.700262159203073,0.71301247771836,0.691304302491685,0.692520775623269,0.6900878293601,0.700636942675159,0.68375544570858,0.687285223367698,0.695393306123346,0.68851018149807,0.716131045033693,0.715609418716458,0.709515859766277,0.722518415105866,0.72692793931732,0.70109110397819,0.692731108413648,0.681663258350375,0.681506849315068,0.673545685153395,0.681506849315068,0.711662075298439,0.700934579439252,0.700934579439252,0.68742418115649,0.693877551020408,0.692520775623269,0.684931506849315,0.686833476715308,0.680544435548439,0.700934579439252,0.70753578690107,0.715454759572407,0.726786210731165,0.722983257229833,0.730307772561294,0.735950630252101,0.705882477664337,0.699644407545962,0.69515306122449,0.692046257319843,0.699440447641887,0.710714285714286,0.721817668008079,0.714285714285714,0.721370604147881,0.718076285240464,0.714586086747567,0.721358441034049,0.730538776896393,0.713822193380921,0.735727153052034,0.733390854184642,0.723386705336295,0.727642276422764,0.725044237680334,0.746237195137298,0.748826291079812,0.735294117647059,0.739709343344611,0.719142259414226,0.714285714285714
"Arkansas",28,,0.598730908477479,0.581283134163838,0.581499775482712,0.630096367679763,0.61998541210795,0.606413136499786,0.599836518270641,0.625882267336098,0.615072982523595,0.612480739599384,0.588197536649202,0.594717239095651,0.598965467757296,0.614644575093533,0.610380155407348,0.615352209412687,0.609871176699786,0.61652281134402,0.612758573524324,0.618811881188119,0.618811881188119,0.628648405927256,0.624589631978157,0.618509683271347,0.633019693464681,0.63150074294205,0.638820638820639,0.654801880456682,0.66042927903137,0.657276995305164,0.65226102070737,0.645994832041344,0.646065902859381,0.646879756468798,0.657008086253369,0.663265306122449,0.66577896138482,0.673077078651322,0.674277932083457,0.679012345679012,0.661057692307692,0.65806795820515,0.649350649350649,0.6640625,0.66450071667463,0.655947302615642,0.657894736842105,0.66577896138482,0.668764752163651,0.664599025254763,0.680548260781387,0.682085420883984,0.680700929320214,0.68359375,0.684082288375461,0.68337617823479,0.682128240109141,0.683671907458835,0.685339690107271,0.68188137222077,0.683890577507599,0.700280112044818,0.702393340270552,0.70253847804488,0.712890625,0.707124642737533,0.703324808184143,0.700560448358687,0.696122059758423,0.698324022346369,0.702425972694232,0.707931630244121,0.720288115246098,0.720046082949309,0.727086745319612,0.717592592592593,0.721395623938535,0.714285714285714,0.705052878965922,0.705467372134039,0.708333333333333,0.709500609013398,0.714142242080502,0.72289156626506,0.727775364472591,0.733048259010385,0.73909830007391,0.740979381443299,0.725679156219951,0.72289156626506,0.726164795250475
"New Mexico",29,,,,,,,,,,,,,,,,,,,,,,,,,,,,,,0.774507844252759,0.85431654676259,0.847146788656412,0.78288869242637,0.716440422322775,0.822512819330089,0.889724948486446,0.817954056844921,0.86321533382245,0.902335456475584,0.868906240348473,0.8125,0.869145340415258,0.842020850040096,0.832760989010989,0.842020850040096,0.832925036746693,0.824525000295582,0.779896013864818,0.789599236641221,0.793280620705994,0.817044814992831,0.860215053763441,0.856610752953093,0.857107924548895,0.870516185476815,0.821712018140589,0.832318640582298,0.842020850040096,0.850277264325323,0.842020850040096,0.881004485894656,0.949458643947462,0.887649645604633,0.887250029236347,0.901875901875902,0.892857142857143,0.87719298245614,0.879140461215933,0.84047351226837,0.811688311688312,0.833333333333333,0.840786544423033,0.816395353280599,0.869565217391304,0.871394230769231,0.927761188535595,0.86436170212766,0.943046601400828,0.969654970678776,0.911376902230561,0.882028665931643,0.984829695767196,0.983796296296296,0.896351136964569,0.926791714823852,0.957415729758669,0.935747331420744,0.968684315884296,0.93906510851419,0.954861111111111,1.00264850548619,1.02816785448221
"Hawaii",30,,,,,,,,,,,,,,,,,,,,,,,,,,,,,,,,,,,,,,,,,,,,,,,,,,,,,,,,,,,,,,,,,,,,,,,,,,,,,,,,,3.31944444444444,3.2463048001722,3.68982683982684,3.63201663201663,3.5,3.61386138613861,3.77373417721519,3.63201663201663,3.65853658536585,3.71428571428571,3.85164835164835,3.79861111111111
"North Dakota",31,,,,,,,,,,,,,,,,,,,,,,,,,,,,,,,,,,,,,,,,,,,,,,,,,,,,,,,,,,,,,,,,,,,,,,,,,,,,,1.20145631067961,1.29310344827586,1.17041198501873,1.27334465195246,1.27334465195246,1.27017841971113,1.28421330958279,1.27017841971113,1.14566284779051,1.15740740740741,1.2087206728641,1.14574809056192,1.11736334405145,1.15177879231631,1.13924050632911,1.13333333333333
"District of Columbia",32,,,,,,,,,,,,,,,,,,,,,,,,,,,,,,,,,,3.49786324786325,3.51540616246499,3.59464627151052,3.54209445585216,3.60833333333333,3.62903225806452,3.37428385967883,3.28027090322172,3.27759052142383,3.52381269714336,3.52057944886485,3.39605734767025,3.35144927536232,3.41207349081365,3.37777777777778,3.32985386221294,3.32985386221294,3.3617803030303,3.31905334414895,3.3125,3.3125,3.34378069744597,3.36520076481836,3.25085324232082,3.35237134426799,3.41880341880342,3.43774319066148,3.39798611323942,3.43158677239142,3.42594609904355,3.42325331772053,3.4741884628407,3.51792929292929,3.51313131313131,3.52873563218391,3.52272727272727,3.56057866184448,3.56057866184448,3.61962174940898,3.60286225402504,3.62894911872298,3.62903225806452,3.66090712742981,3.63332275812552,3.66031373775276,3.64583333333333,3.48458605664488,3.44913793103448,3.48623853211009,3.44468442524598,3.52083333333333,3.51251526251526,3.58108108108108,3.57946176164261,3.61702127659574,3.63421953421953,3.66193609022556,3.81390434295079,3.77777777777778
"Wyoming",33,,,,,,,,,,,,,,,,,,,,,,,,,,,,,,,,,,,,,,,,,,,,,,,,,,,,,1.20580024813896,1.22882904648627,1.2,1.25786163522013,1.15131578947368,1.12390350877193,1.06381474112977,1.08723591636281,1.0911730256309,1.16071428571429,1.20481927710843,1.14235500878735,1.12847222222222,1.13605898123324,1.11746361746362,1.080265263377,1.03071475625823,0.967261904761905,0.944010416666667,0.994897959183674,1.05386366193283,1.05105105105105,1.07,1.05936746180649,1.07665018356185,0.982102818705958,1.09275053304904,0.954861111111111,1.07001945525292,1.05337909811812,0.972220755540537,1.01095197978096,0.969785575048733,1.00719424460432,0.964857969236385,1.01900900358596,1.01860053144376,1.00428773003696,1.00028586402401,0.97249243406831
