"RegionID","RegionName","SizeRank","2010-09","2010-10","2010-11","2010-12","2011-01","2011-02","2011-03","2011-04","2011-05","2011-06","2011-07","2011-08","2011-09","2011-10","2011-11","2011-12","2012-01","2012-02","2012-03","2012-04","2012-05","2012-06","2012-07","2012-08","2012-09","2012-10","2012-11","2012-12","2013-01","2013-02","2013-03","2013-04","2013-05","2013-06","2013-07","2013-08","2013-09","2013-10","2013-11","2013-12","2014-01","2014-02","2014-03","2014-04","2014-05","2014-06","2014-07","2014-08","2014-09","2014-10","2014-11","2014-12","2015-01","2015-02","2015-03","2015-04","2015-05","2015-06","2015-07","2015-08","2015-09","2015-10","2015-11","2015-12","2016-01","2016-02","2016-03","2016-04","2016-05","2016-06","2016-07","2016-08","2016-09","2016-10","2016-11","2016-12","2017-01","2017-02","2017-03","2017-04","2017-05","2017-06","2017-07","2017-08","2017-09"
9,"California",1,16.3153275043523,15.5413889693809,13.5236489000223,12.9610624504644,15.5825041777178,13.378956625121,14.5959342901113,14.1015586707186,14.1204745346697,15.3583117827703,15.374511838695,14.6855219531799,14.6625330611702,14.3575960566877,12.157045849024,10.8537010412582,12.3514272475031,11.0459924721095,10.3177448444368,9.53174960031974,9.39155879265927,9.04160302379165,9.02098332410313,9.36258236954157,8.81880994424132,8.53303688671362,7.93663538045267,6.21031105370789,8.31013652975819,6.95871706432457,7.63238811069354,7.22889553435688,8.3442627007498,9.17963618994547,11.1705021924911,13.2868145010779,13.9937609982403,14.6905242637332,12.412522723982,9.70506306856566,12.8143879542708,12.3082015907525,12.3753703569151,12.7997370492956,13.8834672990689,14.5675604076909,16.3449248680472,17.0065732915394,16.6788766788767,16.8267078976279,12.7545723741508,9.70179495125265,12.1235048005266,11.7349157018405,12.1458689458689,11.0659609346781,11.8122966214217,12.1229995397888,13.5553512274382,14.1891495122826,14.1581523139006,14.0652148927396,10.99120088504,8.56737473650073,11.1588382811441,11.094423719781,11.3387537057149,10.9058032820443,11.3836911752383,12.8392878125406,13.4251174873935,14.6019668453045,13.364794714488,11.4899114092551,11.3438644688645,8.06114674727813,10.2454790437322,9.52812911838705,10.4059374784137,10.1734851638223,11.5002530346831,12.6884844571782,13.537551479894,14.8425347888257,14.5036653983458
54,"Texas",2,15.0872271011725,14.1706141386639,11.8329004539165,10.1702801702802,12.7274868955769,10.7102810035083,13.4850583993174,13.6954453677099,14.6397985895261,15.3783070492398,15.3084755914945,14.1068996648865,13.4815559550414,13.0305735204727,11.0430624106404,9.05977837467006,11.2909755545765,10.6498142304709,11.7940097287456,11.9580205743035,13.4673979280926,14.2508921653461,14.508188544839,14.4973406470497,12.9386590584879,12.338000965717,11.2182023551055,8.36735288971832,11.3061643333578,10.0144486371989,10.6756452531352,10.7499500377135,11.5530386915119,12.3656452784807,13.6656906364478,14.3983131045608,13.4405426254231,14.022628541339,11.2801192533318,8.8547565695661,11.7268156379203,10.4910121848233,11.2436626152337,11.9200636987957,12.8238421220794,13.3686152847902,15.3984033441144,15.1753245029597,14.0878475863379,14.5916818348597,11.7319505507131,9.88267816300002,12.3960428553836,10.9560925933179,11.7215305775848,11.8410756448902,12.3293103676189,12.968336604933,15.9418554075606,16.1671737389912,15.9080244016893,15.7395866149821,12.7099208941142,10.2520085678273,13.4743970850986,12.861157197734,13.0247947499931,13.2022986700178,12.9536622919569,14.7361523114099,16.038870893105,16.3783113542077,15.6752568514044,14.3178745440167,13.0335688689584,9.67302942807151,13.2673972443463,12.5582728181329,14.3385624570949,14.2947197603295,16.1446179708578,17.8730474102494,19.0107475191429,18.537948703019,16.1971661284881
43,"New York",3,13.5384639334947,13.3044008407002,10.522255846875,7.62498680645956,9.95136082400486,8.60582074591269,12.3364560177834,13.2898870164356,14.6183959581089,16.1908303923275,15.4269909827991,13.4866980817038,14.2089047754363,13.472068514058,10.5730565383577,7.71044829754739,10.179369790109,9.90225145927916,11.3228443225014,11.1000572573719,12.5354457345203,12.6423555996091,12.2424224602469,11.9200218310015,11.4451361926147,11.1989581647672,7.63974525736101,5.78032554587363,8.80671634751439,7.17446124571629,8.4543692413903,10.4074278204095,11.0518918128417,11.3378514056225,12.1177154458143,11.8444980031497,12.4477279063284,12.3300342244011,9.22599436565917,5.94777409060549,8.75251074490832,6.81982975257507,8.98207225699465,10.8056174297104,12.860155843239,13.2799513993773,14.3985619160949,12.9770018122878,13.831438773222,13.2926424617104,9.33450071593386,6.71581082845407,9.20917994445256,7.18314586062424,9.14039739105013,10.8505078790365,12.8511048558566,13.8789401183048,14.216541233624,13.0095537510486,14.0114314322667,13.3501648804617,10.3216935513639,7.70833125691447,9.42216207349081,9.03099375999175,11.1308155662994,11.362383297802,11.8029980808133,13.0945643451451,12.3137818157526,12.2242529859311,12.1629550489969,10.939190356276,9.79761478022457,6.50229381821229,9.45277937024738,8.3900326941769,9.60207612456747,9.95540344326903,11.5608824315363,12.9340377474063,12.8055947343677,12.786799424136,13.3588270092115
14,"Florida",4,13.3969983898488,13.2243411299499,11.7616973839755,11.7533894364464,13.9386921884706,11.7379528106487,13.2434817350614,11.8112169564972,11.1435051382313,11.3340897101439,11.4465372397774,10.7926851614322,10.5582143055119,10.463506459565,9.98050708557322,9.09597413162518,11.4304149469262,10.9026552290365,11.1033923419924,10.3120505284222,10.1759838260296,9.81176919975384,9.7418007288241,9.68602655194142,9.66701498681359,9.29437417479152,9.16687114413909,7.86814201729926,11.269530299881,10.2572520497668,10.7643412525206,9.78994593160182,10.1467953352403,9.63751837368611,10.149121484051,11.3893647041059,11.9040892718412,13.8558948618721,12.7806626703098,12.1141678194688,15.645790736752,15.1170982006917,15.734665886238,15.2961474641397,14.4821792367631,13.3986941826045,15.6305821920852,14.945237576286,14.9472501462076,15.5051603011511,14.0875915817196,12.9276904474002,16.6150150370425,15.011614666363,15.6163065148147,12.9227847476857,13.3800014243403,12.6974816865274,13.530683667328,13.7891005076925,13.902619750992,14.2289054837488,12.9465524111182,11.8155634313495,15.8474667291563,15.3900872062922,15.9757611536024,14.7121767044515,13.0253539705155,13.5579571398587,13.2321668939331,13.4596549709612,13.1435207868329,12.2514426434374,13.3513327994509,11.2395959973815,16.5485705822731,16.0125986532474,16.8371859122202,15.0353619532411,15.4722953679836,15.0534537302399,14.9046114783609,15.4326226970892,11.4890760063782
21,"Illinois",5,17.6236634890627,16.0183830832295,12.4002554984603,10.7118983957219,15.077871799671,13.0340207082572,16.0203741866974,16.7112299465241,16.9816155883107,18.3703066084076,18.0500707161619,17.1686774707122,16.8532202972873,16.1642005850869,13.3064707276606,10.6593901767386,13.919720475777,13.6920945446212,14.8169617417618,14.7377632808926,14.9164256326546,15.4943712778951,15.0879177678737,15.7129610241991,14.8139977097713,14.242502808746,11.6365056035275,8.76060044838678,13.1374814325796,11.5480209222094,11.7933193913275,12.471212686158,13.4857371507998,13.6474579075828,15.1391109689799,15.6603042645196,15.3169093449939,16.3483653923173,12.7525615244661,10.0039205436487,13.4030497458545,11.7940039350036,13.8282496952331,15.3374368966433,16.8373103765306,17.8060557287999,19.5512296461581,19.40660275626,19.9425514854399,19.6431521559557,14.7103363657466,11.7421934037004,14.8261581192342,13.0257094348775,15.364833763736,15.8962638182751,17.3551233206336,17.8202322986846,19.043250327654,18.8842435085703,19.4049716561973,18.8362111987224,14.2593770551896,10.7622840076797,14.0412461605968,13.5587617181043,13.2939392024268,16.0143734966744,16.2411923119489,18.2349889999821,18.3132682459832,19.4257251684735,18.8811593643565,17.101458098688,14.6277677050712,9.67682882179209,14.1720702400593,13.5314206007552,15.0922344540315,15.1403204408613,16.6904113896067,18.2557460070121,18.9243809006726,20.5355674342105,20.5848874879608
47,"Pennsylvania",6,15.7853465264809,15.7518537944936,12.2426565595659,9.33472117641848,12.0398955117549,10.5271805207181,14.7617646760466,15.3125749547546,16.1673663231989,17.7138161316496,16.8751077706438,15.6417166070064,15.6669414003276,15.2087916523705,12.3418713533082,9.01024111306146,12.212480775923,11.9100772424878,13.8246408874869,14.1234202020853,15.1699655765921,15.3733836150299,15.5373166994966,15.8667432002826,15.2151207843402,14.5933423866528,12.0010066752154,8.31527420136145,12.5752932473846,11.0787479406919,12.6716957023859,14.3005985112467,15.6383527938576,15.13353115727,16.6617048724819,16.7411553864195,16.6553552736015,17.4376939016153,13.1645599443967,8.96825905739019,13.081019043679,10.4472634811243,13.1218438760065,16.0943303665288,17.6005889203859,18.2704991276967,19.4979309179968,18.5898790902173,19.0822601727056,19.2159040184647,14.6413257619655,10.6135046611237,13.7512084236929,11.8179623370352,13.5955180149808,15.6422651933702,17.6508481855272,18.5874482729047,19.2540046729956,18.1342974987541,18.994049428832,18.6018957345972,14.0986370328157,10.762171351151,12.8523472052006,12.9551783228018,14.8058730784391,15.8072940741426,15.9794955824716,17.2616009469718,17.1893366453015,17.8075922804746,17.4190348772836,15.8961278208807,14.453174663717,10.1249648975007,13.5151198863472,12.4071494893222,13.7153523850451,14.6529629870552,16.7025848645282,17.4501221372153,17.3526977199187,18.2985392765344,17.9064357715172
44,"Ohio",7,15.0565034345225,15.160297251886,11.7074216052763,9.498920714996,13.0402911560077,11.3989126280621,15.4193878004354,14.9855807246849,15.5724063569453,17.3899519601857,16.9640735502122,16.3237403622019,15.5371480136051,14.464989532531,12.0176950615349,9.37682381168536,12.4523182721754,12.0353330879647,13.5181622434288,13.4656407130885,14.2621578426647,15.1448628268095,14.939710306125,15.3932255561633,14.219706443757,13.5231654988865,11.493040911008,8.64960952930809,13.0720365116566,11.4052583862194,12.582772263483,13.3333333333333,14.3882658320603,14.6914301004646,16.2673049872912,16.867158988978,15.8241352967519,15.5082876858505,13.4483633595534,10.259649122807,13.6031441842336,11.354742731477,12.7405713615643,14.3604043220634,15.4152652005175,16.0580553708745,18.1390366608093,18.050851557964,17.4979436177372,17.4152375382973,13.3343417397761,11.0382300406766,13.7347735431985,11.4180391412344,13.2189414394797,13.3735004572597,15.4271455775166,16.1951568886529,17.1933544570678,17.0015343908951,17.1087951002508,16.5266792054209,13.2588621628449,10.0128102004945,12.5554053629248,11.6026762422122,12.9736544274601,13.0655567678237,13.0095877520918,15.0321632733693,15.2920388973323,16.3514543931799,15.219110900174,13.6526256630982,13.2808539821689,9.75274264434529,12.9480939354105,11.6053305092225,12.3941542746466,12.1124548452961,13.3964475968601,14.6731511943928,15.4797050653714,16.895378672125,16.0007348213466
30,"Michigan",8,14.6242256884842,13.9189100674658,11.5962280744613,10.9179150873393,12.4241492414924,11.178564386746,13.0243654822335,12.7747526570352,12.3523203508448,14.0422680412371,14.1528131699227,13.3968755625788,13.2898644018523,12.678116250888,10.4937546079133,9.55251800182554,10.7072011268267,10.2997932872113,10.9208699676076,10.5544676327421,11.642322998207,12.419933384576,12.4484774898553,13.2883921831754,11.6582892798336,10.9494016750867,9.9741131691864,8.28850545546815,10.9580950846957,9.45107661768355,9.98966631349004,10.2401833765198,11.628532030757,12.7301455674216,14.665921354339,15.705422412935,14.5847912984687,15.3789428612208,12.6682947411489,10.0834578120075,12.2760510521691,10.4186466821432,11.4326093424576,12.5595287251906,13.9191727031048,15.5498733172207,18.1933898081903,18.2271046334566,16.3110715603499,16.1169181394727,12.9844648378805,10.2301303573613,12.2456493111114,9.76012515209456,11.9426729753823,12.1716784858294,14.5456707897241,16.6657189969864,17.8758054691758,17.4181344579509,17.0224809099162,16.0800828904709,12.7968386912381,10.0257456656898,11.6818945983481,10.9050412057317,12.1036183068269,11.7797181055032,12.6684154047931,15.2547940240352,16.0215849937175,17.3505872455362,15.4832082365438,13.9437071389807,12.5980459611944,8.77304909359682,11.2730627306273,10.0568651603868,10.4304091001677,10.6379098080343,12.825333166228,14.503103956229,15.8890156237566,17.5584631792524,16.4531569918654
16,"Georgia",9,13.7958695883504,13.5881478495301,11.8188608452466,11.1633123449049,13.3901975515976,12.7807559204723,14.3739486096909,14.1419817990646,13.5336131359988,14.4227160123114,14.1345434220374,13.5083417471994,12.8599376714282,12.3331262841034,11.2940345027544,9.83979038355555,11.7414757262335,10.3936661955151,11.0377666775594,10.0429969454659,11.1959125696962,10.1927336562411,11.1190478933604,10.4319134118077,9.95295613477432,10.0409059424703,8.72449116050175,7.07876943395685,10.4636991468864,8.77147130141859,9.73637349542771,9.63605967078189,10.8741048208361,10.3898408192234,11.6255737540445,12.1362897522117,11.8029549068897,12.3539525369276,10.3590354889283,8.51915060291526,11.2097150864082,10.1858566898454,11.0280445738174,11.8775713751403,12.8645000887942,13.4596965863003,14.5972499598283,14.4965916918034,14.227069568597,13.9531240585648,11.1772981331035,9.5984536560179,12.3182027195691,10.268556112836,11.0284674059928,11.5950649696945,12.3733652131793,13.1868901676257,14.1077357649041,13.2660598075618,13.1467963470129,13.2312599681021,10.4604804715612,8.99930423934167,11.5348480727866,10.4453786632547,11.6200687658342,11.7275631969048,11.7843960155736,13.1686114809304,13.460445671145,14.0141517669169,13.40931264809,12.5044972117287,10.9344194557582,8.7472880271887,11.3520424471009,10.3401919414467,11.4723975393465,11.1108565668599,12.571288266872,13.7041502020405,14.4557607354179,14.8628605061801,13.0169465668264
36,"North Carolina",10,12.7826844134843,12.0736026193579,9.51031472224178,8.31175860358126,11.333936424624,10.8086781512382,13.0181991628221,12.6244762954796,12.8529715174934,13.5304125536527,13.3758777999897,12.1234789113398,11.9213326747789,11.1280638299782,9.39711492085763,7.39430246868892,9.59213121940527,9.40690507858601,10.4788167460516,10.2727399797323,11.3945268374449,12.0407055630936,11.5990709639212,11.8637067630356,11.0328885152884,10.7336440867644,8.92382948986723,6.81171121403986,10.2989592770179,9.26129856400317,10.3246502199513,10.6558363417569,11.9837154742425,11.6488885428427,12.2790024166642,13.1702304643539,12.3131019721755,12.5037083918435,10.0721710782605,7.94778529421763,10.8725455760886,10.0126068400782,11.4135110704523,12.4327371495926,13.6332340990856,13.7710576376223,15.0659990896677,14.0744443137716,13.6405381129714,13.1741140215716,10.2793593123463,8.24840539459129,10.9015375799828,9.06404535037993,11.1911671503386,10.5316044341347,12.6418265051863,12.7484447638511,13.6391670497998,13.4624339826225,13.0619481252087,12.1083589154735,9.90986429005469,7.94489452467614,9.58796906181116,9.53420669577875,10.5504311329718,11.0799029300737,11.135045922687,11.9377775924265,12.3012817131705,13.0962696706142,11.8189550969244,10.6112509321402,10.0105022548959,7.43522592824003,9.64567994802945,9.23333863527915,10.3546757145996,10.4649320577661,11.7445288914471,12.2197052901336,12.6777155396431,13.5313069057291,12.2952526799387
40,"New Jersey",11,14.5628683693517,14.6437685972518,11.5322342374284,8.36553227324516,11.4140676075837,10.5342005261619,13.5899225427045,14.8471248920035,15.9671872095185,16.9937398086594,15.7573053758644,13.6511581247074,14.2348183703161,13.7250566580067,11.2289236552601,8.19192153322516,11.2953949831524,10.9384810469425,13.0515212795294,12.3615160349854,13.6159980036524,14.1623836877288,13.0590319047286,12.8049931568267,12.560368798478,11.4388847398556,7.53453555631167,6.69170615766076,10.2962323842393,8.82860962165247,10.2519693837645,11.1061246040127,12.1174968717216,11.8301478768485,12.3965980767242,12.2842665706422,13.1491804183454,13.7854164659906,10.6732753859124,7.09096925670884,10.47292377886,9.0756247115448,11.5385195122319,13.3806010140566,15.308956260125,15.865660781986,16.6235657435537,15.4758390553809,16.4859619614439,16.3696861470471,11.9406691962746,8.7321465843695,11.7923741029026,10.3201016579935,12.0706203614832,13.6860648002517,15.7224307159353,16.5606296243932,16.6249649237677,15.4330053360748,16.4074881141046,16.5949397620952,12.9518646653409,10.0776917830561,13.0110032562231,12.4876582325115,14.1634993577095,15.1102199447972,14.7644310899317,16.2234895332326,15.4108141118993,14.9795222650979,15.742910781992,14.4012075626167,12.7075562923056,9.7505087811864,13.5582451300965,12.6499138995139,13.627302003318,13.940185630801,16.0458100711175,16.4982751803221,16.1574892203294,16.0176087237991,16.4184888729896
56,"Virginia",12,14.9520809597212,14.3615780445969,12.4693282526486,10.4143791832744,13.5204825564441,11.8722205751556,13.7402683452046,13.5606004584781,13.0994016822268,14.5229229862419,14.3738688024626,12.6244587955742,13.4647085268994,13.0802264002064,10.9088182363527,8.92684654517355,10.9122411284918,10.3171836876961,10.8390879866651,11.4661654135338,12.4281758670913,12.6284306280897,12.5233736036812,12.673810854344,12.4412141941,11.4302998876502,10.4358659606823,7.69260822003438,11.1378564726041,9.7108999085378,10.7889874353289,10.8666434367067,12.8467440487901,12.9107633575225,13.8989433362009,14.2903545385153,14.1896401252631,14.8483208765937,11.9754332243023,9.32835820895522,11.5364527922317,10.0428464977645,11.3152771611052,13.3218823019668,16.0882809700155,16.5323597940133,17.4296968560174,17.169960243218,16.8922030272872,17.0671755725191,13.0341148255103,9.94273906876565,12.982114397025,10.6418617912256,12.4638286926886,13.9347643636467,16.0959986804305,16.922033357274,17.3707667262683,16.8812166744045,17.078499863441,16.5226925869401,13.3267601991336,10.4820687453443,12.1318294236678,10.2172944769661,13.1800803842761,14.8069828129218,14.9216282859162,16.9452548974517,16.5779654643797,16.9480944170284,16.485259702524,15.168714423976,13.2258291421939,9.8059538204641,12.1026750590087,11.4968038088735,13.0953969312875,13.5933383209186,15.8612182439923,16.8467393157756,16.5387702681008,17.2737306843267,17.0786478624045
59,"Washington",13,17.344741368097,15.8773419116552,12.9154402991011,12.3318065835143,15.0290481659123,13.4073370335183,15.3311237764837,15.5720930232558,15.2570969908431,17.1237110048469,16.772461708511,15.7688911315756,15.9927993372841,15.3436638463732,12.2367591424968,10.2265894762158,11.9030841780042,11.5865446578167,10.9159838155792,10.5982784881867,11.3015153660955,11.8187632544518,12.0871718005288,12.5440677966102,11.8240361294639,11.0450206582134,8.42914113413092,7.02394923284218,9.2627201794141,8.58169904900578,9.3154829751518,9.2404347062611,10.5902105127212,11.1305779911348,12.5945736706901,13.9418084001566,13.6650149384245,14.0352520276472,10.7823450665407,8.67675982253122,12.1648151695078,10.184869030779,10.6297624383684,11.5143462193248,11.0760963311882,13.1858599002386,14.3530562005692,15.4939853370347,15.1306387188977,14.6921588710595,10.7393954841862,8.34085403505439,11.1779750263277,9.60431392552649,9.90530425591579,9.55394469374449,10.6397676148641,11.397203203169,13.0790000871004,13.3031544668897,13.482765115841,12.4660009132601,9.45278122531874,6.80196646917938,8.281323032086,7.66440876846765,7.65645493723065,8.1515924615258,8.6407267110441,10.5897592745853,11.8732450862415,13.2342706013363,12.014569704438,9.6922690083364,9.21924131932829,6.30958617077004,7.24803431022159,6.00745833818902,6.28043616345543,6.24100808652081,7.76743676776525,9.79265246440974,10.6392106392106,13.1174057884501,12.866252320607
26,"Massachusetts",14,18.5877885722365,17.7884228323001,13.2464363683062,10.7914853581089,12.8576859713598,11.2376482213439,16.0166816952209,17.3057254378092,18.8832122615151,20.8595154870386,17.725739233975,16.5981500513875,18.8742777445706,18.3561806186544,13.6994056043023,10.0427444586436,13.0817060137958,12.3835696393395,13.3978324777324,14.8176069020396,15.8023533250403,15.745277839904,14.5141160268549,14.7098396453228,16.3033883343519,15.0222368637786,12.2754027261462,7.6869826937547,11.5299477078053,8.68277926173849,10.0426799576065,11.9228344471063,14.294125959772,14.6246327795196,15.3228321896444,15.4347372810676,17.5763404664583,18.1795918367347,13.6811820061738,9.2082920616952,11.8676970172098,9.43271538381274,11.5873457649133,13.5074266716714,15.9709067096985,17.2777625194544,17.2634300621003,17.1108265481166,20.3666973054037,19.0845157310302,13.2509920080478,8.81942868259784,11.6632384251741,7.54323422330097,10.0747394175018,12.6149229300232,14.7128675248183,15.9493725942196,15.9617703541602,15.9054897940162,18.1666743787886,18.6293321962429,13.8154042689094,9.62949320072444,11.6783048398748,10.3775229197895,11.6205161404232,12.1055285718077,12.8069059962829,14.7697345006762,13.9669421487603,14.735226400614,14.4842964228105,16.40286547555,13.7962362102531,8.96444530794638,12.3432095678626,9.35960591133005,10.4818258664413,11.0786034718159,13.5422980344619,14.8410093923277,14.7989066770793,15.4601764374648,18.104955341534
22,"Indiana",15,14.0687335635186,13.2754687586936,10.3775453609064,9.17726851461791,12.4797648462128,9.38938449631349,12.7993202533601,13.3851964366353,13.6624616714342,15.939035395568,15.1254381473751,15.1196604707824,13.9286294911397,13.7297878499648,11.1716447968117,9.16582730519183,11.3491797790425,11.2467575735942,12.6675210147918,12.7493865357943,14.1478762454116,14.6733487740596,15.5495267624021,15.1986499125696,14.0411673834078,13.7780348306664,11.0918158340012,8.2895114255665,12.5850675609034,10.6285658075939,11.9263495606082,12.6129909165249,13.2895527335253,14.1372521160209,15.6089926010245,16.625405068132,15.8702633269107,16.0988916573589,13.0883001694955,9.97784963210021,12.1150061173467,10.8364967091788,12.1531506780889,14.2517537930874,15.0161867804387,16.0232703095782,17.3925390997424,18.3416616558502,17.6917731780758,17.0969948275125,13.5861089774923,10.1853495271178,13.0782682422765,11.2433473295713,12.8765432098765,13.9572330284684,14.9951437861577,16.7356570080189,17.7346175276606,17.4710985554287,17.7185954298328,17.2655156322912,13.1584364493035,9.89786352198155,12.4250725541783,12.0372093023256,12.6760211724758,12.8149219064774,12.9161058770749,15.2557460114578,15.9468819522488,17.5170419334848,16.6658643431377,15.2731270928082,14.5399317222655,10.1451889259627,13.5682017819049,12.3127035830619,12.5851018373451,13.7401471743114,15.0850277785612,16.3845240396565,16.8918918918919,18.3965939447907,17.9156198561899
8,"Arizona",16,20.3115411231671,20.9183147919242,17.9374219061973,17.7363788822298,20.0085296664383,16.7906854591613,17.9366240097502,15.2535047675644,13.3940935424615,12.7870707539642,12.7751809964759,12.1626228341905,11.7362286144012,12.3855428968602,10.8190382756481,9.78558926487748,11.8915904191978,10.6960510874369,10.8336411376447,9.68487355807756,10.2088831604575,10.2096757696635,10.8896471371505,11.9490715739625,11.6077673098284,12.7972751049206,12.7202476078733,10.7479691950628,15.0680907316868,13.4052452586117,13.5889687193548,12.1212121212121,12.4066190055426,12.5952395621547,13.649560242507,16.0523531974031,16.7086715079026,19.0187364881095,17.6626383112297,13.6817285606846,19.7924827546672,19.0951897331733,19.9853740075219,19.5196134661175,18.7245119305857,17.6089369472591,18.7077045561466,17.9847480473438,17.7959290480552,18.2855799146227,15.8279205843929,12.93543758967,18.02793904209,17.2329969745195,17.404550144956,16.6433388471816,15.9477275355615,15.5277663512958,16.295536344983,16.4260914009764,17.1441676663609,17.9178987650026,15.6368829777738,12.9290071286838,18.2090563749532,17.8248247058624,19.3515099724287,17.4362409684674,16.4617671979665,16.9214134761881,17.0032406617772,17.5429940795038,17.0677593086296,17.4441722583165,16.6055987102448,12.891471530215,17.751435723752,16.7965476041871,17.9123019070642,16.5675534689619,16.9989580941953,17.3393973848778,17.0640820188056,18.4312202698767,17.7724141990934
53,"Tennessee",17,14.0445899987404,13.8251687533261,10.942489714894,9.15739458122943,11.2107150390213,10.2801529370872,12.4843994795401,12.9069228040494,12.7001371593085,14.2332451852445,13.7195719493552,13.2360590928007,12.2614058036787,11.4588525407277,9.64879705031964,8.15238959124667,10.6485740570377,9.99662325840882,11.2820795393495,11.3656156259936,12.7213273931917,12.7929590460643,13.0375683257657,13.2522261925018,12.1356078600734,11.1372076978407,10.1714564647019,7.63036560815637,11.1443767980197,9.89496498832944,10.7065466681429,11.4907645617981,12.3385684173025,12.7688211802988,13.5193508843617,13.6985089155347,12.4853657033705,13.2756623155943,10.9186334803748,8.22805592520263,10.9913604261956,9.64894793120322,11.0022881708501,12.391506889619,13.0985274024594,13.8501348381163,15.0297279625321,14.6153372533325,13.0220664835685,13.5424442150401,10.7942380487471,8.39317116060961,10.9022904438314,8.65720669964286,10.8326562923151,10.3319851027192,11.894399646526,13.0846122562555,13.7705596358746,13.2880600040543,13.2917596512816,12.210750441909,10.5459539887833,8.33150196566796,10.204599041655,9.88545816733068,11.1671469740634,11.3457911128657,11.1380692916624,11.998739462696,12.5835144490059,13.2388138412235,12.2985581000848,10.6926416004362,10.5379711441673,7.7146554039208,10.2602800732347,9.62406015037594,10.3518612952575,11.2143111005805,12.273937390985,13.3853404099561,13.8147071417303,14.7211996049205,12.696845874845
32,"Missouri",18,16.3003303815228,15.8110130409553,12.1984385998592,11.4561629791315,13.4202819587278,11.5366960779314,14.8924213230572,15.7986564049048,16.0825217921466,17.034266717811,16.5247501377194,15.6888309430682,14.8416063856323,13.6961849151363,11.2483646210485,9.34639888748747,10.9443725743855,10.7638831958814,12.6448796384542,12.8756717570485,13.5727517551643,14.1019026120606,14.1859848107983,14.5113328487412,13.0213011133517,12.5604623954459,10.3808005667729,8.66814738428588,11.7147707979626,9.88797579623043,10.9908586668728,12.5180843565679,13.3950639395351,14.0168236643609,15.2801979507911,15.4342173686947,14.385197706894,14.9045798100573,11.8675863114412,8.9118140575477,11.2001700861061,10.1032593271771,11.8019052222424,13.7298999212864,14.4106140500085,15.2650025797499,16.7197342008722,16.0093134833839,15.4540194553936,15.1500119421632,11.5099715099715,9.09534104879393,11.4822189393453,10.1098463037605,12.2697047986108,13.4597278886448,14.7587829887376,14.8905435848051,15.8621283929341,15.085128132821,15.0490108715024,14.5585652214107,11.7531031459823,9.24027311152054,10.6534059091011,10.3490321597317,12.047786979435,12.2460770062246,12.577571731036,14.3221696203868,13.9578843232166,14.8825812451933,14.5012854428257,12.9793338761583,11.7362295047463,8.50488285727385,11.1551583297295,10.963478423314,11.8101428782475,11.6814900073245,12.8541712947069,14.5416016952541,14.6721594252897,15.541668362985,14.6453617771805
27,"Maryland",19,17.7440134148586,16.9560329752685,13.9842993870309,12.7595003518649,15.1481249440616,13.4293558790203,16.0518987852617,14.9932317741346,16.3923748317339,16.8414070523793,15.928675027728,14.4188071397475,14.9072929542645,15.2445579145391,12.5710790421603,9.68742486174561,12.2676205350395,11.0197660551623,12.1597475227995,12.3095673369896,13.5269688782148,13.8999700807819,12.7718089754794,13.4329550902989,13.497300539892,12.6546384587584,11.3751723733239,8.23873573086585,11.0739026231984,9.87961944210731,11.1104400084559,12.0734540772052,13.4738203670269,14.0053619302949,14.7149502379922,14.8364363100873,15.5910597919287,16.8332222962469,13.9805330767925,10.3210514975221,13.6452491587887,11.5599691477054,12.1869062014165,16.4399435711407,17.6862197392924,18.3748319930747,19.4695654134999,19.1325487344936,19.3016553850278,20.2080914327346,15.9964404252249,13.1565822286389,15.600845168365,12.9819269138155,14.0878100672114,15.7446531885848,18.1111615057931,18.718501096903,19.4837866212388,18.8394780184974,20.0154157031852,20.2680102019484,16.0846273818404,13.1397333465258,14.8303661404098,13.8792793291451,15.3823856224938,16.1009495026951,16.665201722774,18.0610630782899,18.4625793919288,18.1999820402299,18.4038519690168,17.8801600421668,15.1513599344363,11.4651848491721,14.6202170188464,13.3007696862049,14.14503836786,15.0218340611354,18.2764820456475,18.9744098393176,19.2246510673235,19.151775202114,19.8582508692164
60,"Wisconsin",20,14.6249549224666,12.6577294459548,10.2197845558931,9.0119216003233,11.2731605110719,9.82253404869996,12.1934501142422,13.1914220147187,13.3050520632472,14.9542000994106,15.0558235939596,14.1698243196693,13.150941788119,12.0327727468737,9.64185883997205,7.69738206080253,9.71213132780898,9.72829297105729,10.9923081119415,10.7527805951419,11.7800150674611,12.1721325346059,12.7078466400989,12.7869865129208,11.3097149380998,10.7414431167492,8.2127111700675,6.11408964186146,9.6056838365897,8.84085510688836,9.54280927607795,9.98064808333676,11.3089700996678,12.3008097016305,13.8112346094832,14.2297555868443,13.206071932568,13.2201736415959,9.92173064546266,7.49261983974509,9.92481203007519,8.9487857178477,10.0631087940733,11.4218488782481,12.9565725707605,13.8434041631312,16.0869337339926,15.8254721171099,14.8847642823546,13.9259753745735,9.74003536657249,7.15485540473056,9.70177877930671,8.83200461050812,10.6707898248364,10.4673117772008,12.1360454004719,13.0956005480286,14.9717677439248,14.389554980544,14.0660371586483,12.8218342674311,9.20961708008674,7.15554966184856,9.22275939010785,8.71558342942318,9.52709258975537,10.2952046567495,10.8640930724484,12.6515804453709,13.1534977352793,14.0168682044508,12.9020491363588,11.2844727297612,10.0592471525614,6.55848745435269,8.96273917421954,8.51562262314035,9.34763035115004,9.53462825185999,10.8777873169826,12.3349807054363,13.4044085197315,14.5582093754399,13.5306709972688
31,"Minnesota",21,19.1770256782506,17.9335929399295,14.3811516333032,12.8953285036223,15.8248895817095,13.3875683233761,16.5506500861276,17.6522955614905,16.425026282976,19.1407850034937,18.989479779944,17.8234287111763,16.9868630875541,15.7983498521094,13.2190486331088,10.1480657810031,12.6538449431836,12.2178249168909,12.8847570999376,13.2513429459994,14.8376941581777,14.6815849734775,15.0897348135361,15.3431991818565,14.0735298814962,12.2875744868682,10.8598738905177,8.46401908380086,11.9859578736209,10.4029735732741,11.7245632065776,11.1127876273104,13.8855181499844,14.6191048070369,16.225440163307,16.9811904467269,16.7967458165223,17.3079439863892,13.1177780871502,9.90317440862851,11.9337158516742,9.97121983617445,12.322605661109,14.1702791746142,14.7917117005836,17.9704316302254,19.4826844482684,19.8954130388618,17.7265175411139,18.6365284660945,12.753347683878,9.04489795918367,11.4073090629586,10.4133010231556,12.9279004159032,12.8266633000884,14.5364783324191,15.921628305117,17.9403609476091,18.0492659865638,18.0992838936764,16.8418113514062,12.5895964072212,9.20510638297872,10.5977443609023,9.995339332449,11.8679330619629,12.2994793036344,12.9536492644802,15.8752899440579,16.0999648011264,17.5881667498989,16.6767174229861,14.8645395950897,12.8324792581747,8.06687641764835,9.81451399644894,9.03071830010009,11.4176342181024,11.3920371984888,13.4153143342806,15.4756113173729,16.4235031491669,17.6169729115363,17.7844762622457
10,"Colorado",22,17.8808046062963,16.388331203991,13.3530584678716,11.1348791639451,13.7933256023708,12.3608785580617,15.0248447204969,15.6240238067836,15.070972499204,16.7467884303101,17.0746353565841,15.2153170917881,13.8140240345351,12.9867645268449,10.2298770747969,8.37778534407748,10.6212730286346,9.64638834171623,10.0911634624064,10.9979206013087,11.5399912877138,12.94909766552,13.5424250910109,13.7250512963999,12.3583993814034,11.3111726685134,9.92609609674693,7.39000327301632,10.386737585127,9.22771013354281,9.42948966334648,9.67417230136327,11.7931883463275,13.1434408063366,15.3471634208298,16.3018200688051,14.8633078453965,14.826532369146,12.0382269785265,8.454067396437,11.2759482664928,10.1544822191804,10.9079066038681,11.668028481382,12.1723278083943,13.5993667160574,16.1913416732729,16.4908551259426,14.4079168064408,13.4457366081451,9.5911070029919,7.45072496601722,9.72497182712515,8.38022267448821,9.6058981233244,8.75680012033393,9.19004286681206,10.909518213866,13.7148170828514,14.4929178470255,13.8940059515375,13.4456662829713,9.04116301862136,6.98099415204678,8.17925099172998,7.85637871088526,8.60979223999758,8.83530808959593,9.6759698437266,12.3534777651083,13.5676302601921,14.5919733175345,11.9841196565414,9.12899242075695,9.51651717348501,6.44220821969341,7.7294200422153,7.70186335403727,8.73434309572426,8.93914278948615,11.3080014614541,14.6577711885347,17.2242938141697,18.5478130190619,17.6365513969131
4,"Alabama",23,12.707468879668,12.3865065751858,10.0272037417076,8.49729185035899,11.0209887943298,10.0515171459047,12.2914895008831,12.3980151724796,11.9065010956903,13.2658742646881,12.6640482804866,12.2771851957907,11.2849943333896,11.1256762876278,9.58030059551943,8.01927920945553,9.75228355837967,9.14004172846334,10.1768116633659,10.0280559058969,11.6353629538593,11.903139577546,11.9740411724028,11.4574780835342,11.1583250410134,10.4679235046792,8.83038530097354,7.25423139346163,11.0681586978637,9.82229865290914,10.6077528671443,11.1213744688712,11.5405178339571,11.8140703517588,12.1940117337649,12.6629947483028,11.1453903666027,12.1571109905348,9.20021217657806,7.60331640850954,10.28777441576,10.022012171436,10.7359787870379,11.5484556782614,12.6021201413428,13.4384448023509,14.2548241412344,13.86467308667,12.4803017386138,12.3569675836239,9.67890654661821,8.16649543220504,11.7141913464714,9.62860310421286,11.5792091519523,12.0866618252239,13.1248448746587,14.2703349282297,14.9275741502747,13.8635596082405,13.4307304785894,12.9126238847124,10.2453461676763,8.42303786450022,11.4306442251886,10.8980422506951,12.1018088682568,12.5195292157067,12.727135829736,13.9524494962029,13.3421763940334,14.4261632168221,13.5149668399355,12.2676774277872,11.2264385950345,8.83898849500672,12.0615047311332,11.2713276268168,12.4802785485012,12.6085805084746,13.7884625534385,14.0165647905586,14.6851453175457,14.9761062663679,13.1728995472078
51,"South Carolina",24,12.5220487358725,11.6574270763173,10.238218632164,8.93441585447444,11.5700258027523,10.5662995712278,12.2514486510229,12.1114072984649,11.6326530612245,12.6885038928246,12.7960851684106,11.9863249037933,11.3996984491671,11.0224403679444,9.63642046046463,7.28073660349139,10.3369894645692,10.1118916570104,10.8234084198653,10.8612264200515,11.6862518924375,12.0135758794692,11.6974640696965,12.193098871931,10.7229573302716,10.6192151763176,9.36375965564007,7.48631946900814,11.4042606568687,9.90175103337972,11.3414850256956,11.1600446171007,11.2808052759459,11.6184724820777,11.9064199808022,12.4106611078023,11.9855623994664,12.3800476901305,10.72816791915,8.32077753963033,11.7178659737647,10.7050802361354,11.9382925261497,12.7471325083006,13.1485623874734,12.8309238556498,14.2421086652063,13.6762191871473,13.0109865595895,13.1556272572277,10.5443576031811,8.7286410462032,12.0331523527476,10.0979329803112,11.6946807211754,11.2383014927682,12.8435867363258,13.3431026971365,13.560167248456,13.3001518150547,12.6745054858626,12.5058310516175,10.1996842599309,8.94019596801442,12.1117941970463,10.7986721343488,12.1625520339612,12.2401476844048,11.8028813261137,13.4566128531512,13.5874935768212,14.2621942752861,13.4386862518567,11.5947695382076,11.8490836261105,8.68179349750903,11.7094292689668,11.2661326212728,12.7637174352834,12.469653952187,13.4476989134598,13.7814039906293,14.1863065899018,14.7296614451743,13.4422542967943
25,"Louisiana",25,11.7116704805492,10.8001117734724,9.70030063885757,8.87343140480331,11.1627016418553,9.97175141242938,10.9398721074665,11.3267125031831,10.3956906967378,12.1188118811881,11.5237575095576,11.3423517169615,11.0756698400236,10.1605853754358,8.84181441399954,7.60478179461328,9.77031196434693,8.81268794257445,10.1105216622458,9.72593113141251,11.3779128672746,11.99609088688,11.9664595645805,11.4437345424567,10.4860236716192,10.9305017361985,9.65542560444747,7.28210697800706,10.2133712660028,9.84611953612846,10.7984326497379,11.5207373271889,12.0220266584324,12.2284958543161,12.8521845651286,13.1223523548467,12.4558398458409,13.0509177641813,9.97757262817504,8.56736782262649,12.1393671475105,10.655927685711,11.8083253749789,12.0231719313586,13.0995835689682,12.8159305591014,14.2259627646009,14.3041170711599,13.4101430976431,12.9239277887927,10.8724534986714,8.94495412844037,11.9477742135179,10.9657715800392,12.2813606610151,12.0760323803668,12.6433282597666,12.9766536964981,13.6451581696817,13.3619837976684,13.4165995165189,13.7695766785548,11.0779454832169,9.10432780303478,12.6441420664207,11.1541575112756,12.5441984442148,13.555705885414,13.5402253409765,14.3035243346919,13.7602565311704,13.0461136755723,12.3627874633686,10.7950401167031,12.3245881635143,9.61927131698257,14.1336172478041,12.3316762392007,14.9310906609132,14.3012152777778,15.7312892415546,16.8131157518354,17.4468407686768,17.9852542308133,17.8881501759875
24,"Kentucky",26,14.1213000776266,13.2445781950214,10.541095890411,8.15446090738711,11.437392303274,10.6204583566238,12.762448025841,13.9341308734506,12.8637532133676,15.069520174482,15.1085393183263,14.2368308492087,13.3378083571069,12.3850418175409,10.5923614015895,8.04613626130027,10.7367018478909,10.0512208812798,11.047741108619,11.774134303937,12.8100408407212,13.3268889962945,13.4001047394606,14.0980276521853,12.9083349831716,12.5512580782731,9.81033355134075,7.57880617035547,11.7180743730182,10.5410008334239,11.5246457792856,12.4492777146567,14.2399396852323,13.9141782928875,14.1602532274081,15.155573550939,14.191710862306,14.3130148270181,12.1885498320269,8.70538254371657,11.5575951563765,9.87774269289936,11.7274167987322,13.7019144748613,14.7637127940877,15.2469869292141,16.5707597776261,16.8919810076497,15.8130135170952,15.9708639643893,11.5776995473813,9.24135295241735,12.6774143782783,10.318826325711,11.2234432234432,12.3416126104931,13.9418526031102,14.644672484895,15.4751017061402,14.7757503677506,14.6852245634384,14.4369937591289,11.1982881597718,8.70619012811141,10.2075771787447,9.76343065115911,10.9421378577449,11.5005210142411,11.4106399583767,13.4375101947607,13.3590153765793,14.4712007809958,13.6293923179169,12.1280159663566,12.0869465561371,8.3476583791036,11.81348036073,10.6201916877982,11.6254333438386,11.9273270675213,13.2234864340348,13.7936154417223,14.3025914634146,15.4317697228145,14.8595990840799
46,"Oregon",27,17.3435784851811,16.4034706047964,13.7685861043525,13.0555634342116,15.9497682060912,13.7486114671452,15.3024911032028,15.1324232878311,15.1894621813993,16.6744226630213,16.8624605854285,16.655089054989,15.2302004505806,14.2778101339546,11.5593220338983,9.84579224948406,11.9081313756707,11.4902981836216,11.1604879358168,10.8149442866506,12.0771892633351,12.9126839852225,13.1068798895536,14.2181785746142,12.6853725573107,11.7957408710111,9.5567529984356,7.29399953664376,10.3617336849044,9.26977854614308,9.73512476007678,10.2025288938807,11.292683757192,12.2508250825083,14.7593200507037,15.6276843784513,14.0128410914928,14.2333113020489,10.4937417882581,7.59245946161834,11.1362887277521,9.64541454576827,11.0475817505385,12.3157194383163,12.2016070124178,13.9887524659188,16.8532194784214,17.3697342462574,16.4363070663555,15.3107203204206,11.4315679077084,9.0987697991589,11.672820221528,9.83976066554649,11.2343351447266,9.90910887176447,10.412633107454,11.9883124695637,13.5201601372605,14.2093528470158,14.207699462898,12.8838809456175,9.60094824180166,7.48879104899624,9.20502092050209,8.65096359743041,8.64905186290291,9.12319329521645,10.1410537163468,11.8626243201827,13.3178519593614,14.4445385027794,13.6542297313153,11.7888878348038,10.0993377483444,6.98448338077864,8.58559036997699,8.06673470293295,8.60416086558733,9.07569276548261,11.2137828323856,13.5365620823522,15.3503303827453,17.2411664866533,17.1030880116379
45,"Oklahoma",28,13.34532487614,12.5546088303641,10.3516245946462,8.55962028994866,11.3307960263192,8.9320263123952,12.0819029680712,13.0962191383459,12.6837676163439,16.0411171975384,15.6764754233109,14.1441147701337,13.0736216573126,12.9239440311957,11.2913798754507,9.26052487698196,10.9924578839783,10.8858750541047,11.0613056519834,11.7154959406989,13.7613100767193,14.1131227879118,14.6111130760797,13.3443163097199,13.4936050133763,12.9035824856258,10.9006718032414,8.18292682926829,11.4872341297488,10.7899647522289,11.7242741457634,12.2345726331928,13.3201626078037,13.2897603485839,14.9309187980232,15.5333883526499,14.6388867293788,14.9440188568061,12.1898288428466,8.83085683779696,12.7008250108554,11.2630732099759,12.4567181825859,14.3876574708978,14.8768087602659,15.5570229956495,17.2527678738975,16.7613957164904,15.9168227514239,15.7059674078706,11.2866222874121,10.1848227875625,13.6803821042023,10.7674003569304,12.0528802254953,12.1147436617609,12.7891783875183,14.6173945502053,15.6004773442303,15.3871060584257,14.6783668141272,14.8635833090166,12.054586808188,9.52552696962411,12.4984992195942,12.2203763087741,12.8941297103307,13.3707551774632,13.8735566015374,15.1258286882813,15.3399777063799,15.9597740555719,13.854947462094,11.7387154925595,13.1328697613231,9.68526930564568,13.5044509201229,12.9754091879497,14.5733859248495,15.2502910360885,16.5451947123973,18.8310534730858,19.1157715743234,19.2742020067825,17.7942368634387
11,"Connecticut",29,16.3816991922646,15.9155102542061,12.7085632668961,8.88312586445367,12.242499654362,10.1099434675545,14.7244663795542,15.5337337528204,17.2289228564605,19.0860368322025,17.2060996348025,15.3910637941152,17.4640011184119,16.4848184272883,12.1230125049511,9.33185745472435,13.3843395864012,12.1627928684776,14.8755157205861,14.6749654218534,15.8531519368574,16.6731371483293,14.9612653324726,14.3285488214553,16.5161253787128,14.5230731914378,11.6892586086899,8.05159488460973,12.6246739297223,9.82928883104953,12.4017066892345,13.684881312729,15.2652159637026,15.7551117310146,15.8428428731422,15.4243899488978,16.3425473571406,18.344779787033,12.8098892888678,9.11850685855633,13.613929798239,10.8521864257734,13.5116622805436,15.3718002114504,19.2231826884029,18.9210233592881,19.2145362859022,17.9486461512614,19.9247698181002,18.9088169675195,12.3367112067677,8.76319066657928,12.8372497824195,10.6419579325983,12.4613837200948,15.5154327855304,17.9799183117767,19.0850972386376,19.0389016018307,16.9355281207133,20.1010810051944,18.2618293781044,13.7866640909237,10.2165403813696,14.1195753980643,12.9563042288752,14.911333310107,16.7042244580569,17.2252326540229,18.6930397033033,17.1410891089109,17.0366546205472,18.51945747243,16.5470017284936,13.656868451688,8.94839718530102,13.5354362965998,12.632944228275,14.1142191142191,15.4149034038638,17.4700006703761,18.1557808796418,17.2543732282376,16.48727492204,19.7738826921618
19,"Iowa",30,14.3426294820717,13.7434554973822,11.0868486352357,8.50220935547768,10.131585790815,9.41753402722178,12.367098180524,13.5701275045537,14.0149444140696,14.5338453295231,14.2194000437924,14.2863295718839,14.2033039070011,13.2487177258107,10.8469801021307,8.16873116839638,9.86884118485042,9.5340914543448,11.2598665561903,10.9184770918477,12.327420388972,13.3559378101224,13.302752293578,13.4247273035949,13.3021564042608,12.7010072450963,10.1316035094269,6.83515808861148,9.82385184396786,7.96331040233479,9.48823127258521,10.8746395716051,11.6791499738721,12.2586133560187,14.1080801996386,14.4420317622515,14.4434927647297,14.4260255099773,11.125547375006,7.47221188108281,10.5223109951628,8.37834858339764,9.87965154338083,12.2917541649167,13.1902379071197,14.3318777292576,15.681789299784,15.2768882626703,15.1822916666667,15.4596949891068,10.628357860313,7.79306829765545,10.2414957153986,9.15247280935768,10.86678356476,10.9783420463032,13.4331429747389,13.8407793741389,14.9566155203686,14.543645859239,15.5153724871896,14.9691050428543,10.9292559491763,7.83579941274685,9.74563470485167,8.53055141579732,11.3298902517753,11.5155807365439,11.6648992576882,12.8006505178464,13.2584754912546,14.6131680055885,13.5315782294366,11.7929587316391,11.5109955072121,7.42158426368953,10.3554698263985,9.19503489425177,10.7675183894696,10.9692584228234,11.6510903426791,13.0645595761875,13.3262161158559,14.3204110228865,13.8145789101203
34,"Mississippi",31,11.4011989467197,11.4371325192221,9.31861348528015,8.53217199288475,10.6463878326996,9.48215535339398,12.0731776603602,11.6893417119151,11.0888108379328,12.5422244463906,12.6906080786706,11.3322552556288,10.5,10.041247744264,8.91445912625656,7.42378878606424,9.76153039832285,9.29544870146567,10.1159793814433,9.65955572336543,11.7936274822808,11.3427649540829,11.4287562253412,11.1330178759201,9.99260305292179,10.432792623006,9.18737060041408,6.92155119348882,11.1752835571637,9.49004635942187,10.2610769423873,10.8800482218204,11.9210463162947,11.8895092565383,12.5331183043428,12.3738381707248,12.1041940494683,12.0511762278168,9.69979740929462,8.24457593688363,11.1591863093316,10.1497726664884,10.5644845158761,11.7565261361482,12.2091614154144,12.4719169348473,14.1486381786757,13.0771075668545,12.6080992425598,12.028659906491,9.55314911625591,8.32630281004608,11.804902513949,9.54022988505747,10.9741132472389,10.0579692822566,12.0254522056195,12.1791333149324,13.236884802596,12.5774432083139,12.3558709149212,11.7958954525607,9.44805194805195,8.652994481161,11.2732278045423,10.9488063839859,11.6567117258724,11.9802931987503,11.337125782911,12.4809225029676,12.7167956612621,12.7053007415545,11.7977196195427,10.3427284348938,10.0665073932976,8.17533129459735,11.6280626589905,11.1030717621522,11.98751950078,12.0070778564206,12.905264488403,13.3316257924057,13.5419953303464,13.8492614568868,12.9450048812236
6,"Arkansas",32,10.9854327335047,9.97227478766008,9.10986576306529,8.14323945456863,9.46365148586072,8.07797208406867,12.4792013311148,11.509038847814,10.7494421840137,12.2246503496504,12.1136245898808,10.9875708125476,10.3747753914606,9.46400067209947,7.84576136506211,6.16213375377743,8.54953089900013,7.65953630207633,8.17742535001858,8.21393648229242,9.29407291622661,10.5912720819553,11.1900677938414,10.8146294203133,9.43817488024681,9.12706464835031,8.64771465010079,6.15391315709246,9.5833882084376,8.59983284212379,9.51224617961064,10.3065623503114,10.7023282663075,11.9212527290522,12.5536163289454,12.257832193014,12.1684038422236,12.4756030915762,9.84036120293477,7.4874350272778,10.6527917084587,9.10024826641555,9.81789716545814,12.1964701701741,12.4251386321627,11.3037421152432,13.4071095895864,13.1936175279829,12.3041346038834,12.308988088076,9.60157857172845,8.08503146868536,11.090006475286,8.60705468848069,10.1825249281731,10.2752654345261,12.6481208360881,12.5900161661686,13.9390444079677,12.8163868835348,11.8175594728735,12.0674435028249,9.5489217440437,8.16356730626942,10.7197854055934,9.79453982549958,11.1811443028985,11.3890773405699,11.2631843294827,13.0811694949908,12.7054515866558,13.4089148077158,11.7685025817556,10.8699488265396,10.0780596598829,7.87428683848121,11.234688878001,9.71270234796558,11.6995824928461,11.4449743043659,12.0322752261039,13.5157187425006,13.0327127279653,13.7715547620166,13.1048583390128
23,"Kansas",33,15.8330841840003,15.5654217811439,12.2366212940518,10.248751346587,12.8920906498574,10.658895584313,14.3518308453197,15.7931386658001,15.6627080650546,17.5375805297065,17.1527645829375,15.7705924002832,15.5193207583579,15.0759848998161,12.1491140752538,9.71043699618159,12.5762603018302,11.9650277942684,13.1957351071114,13.6978305282615,14.1066464493303,14.9329390643151,14.9228411951406,15.1785223084117,14.0239726027397,13.8510762070971,11.410915320607,8.61558697796777,12.2712373668397,10.1655493227528,11.6265750286369,12.7165521852775,14.1733669816304,14.6574949842362,16.3224094161089,16.1243208506163,15.089625882206,16.2756508422665,12.9564423578508,9.62936564504633,12.6776036326351,10.6344547301874,12.568082788671,14.6035547712089,14.9908904577545,16.1492109038737,17.0903796617762,17.2908790170132,17.0101857399641,16.7417508827469,13.6823552451204,10.2826303081949,13.0715165567712,10.8030661222151,12.4829889892367,12.9065213689767,14.3260451705911,14.6522501461134,15.8648111332008,15.1191827468785,16.0753420600604,15.5788064967455,12.0749073411795,9.46615689606344,11.4846942433149,11.0561860335584,12.5458323148374,13.3735545500251,12.9273105434377,15.0611699393441,16.010165184244,16.0480753957749,15.2346813039095,13.8386448463968,13.1789629264688,9.15396236780662,12.080631519594,11.4838709677419,12.3547034152187,12.9915439654663,14.4176915526301,15.744291192125,16.6209352559986,17.0941176470588,15.4532034248598
55,"Utah",34,16.3286745227003,15.1586946803755,12.2877215837715,10.8989330036177,14.3296179074354,12.4265544155047,14.5870830019673,14.5716945996276,14.2018101290198,15.2975850922229,14.8020246936941,14.3807883836738,14.108564535585,12.1187571483035,10.1507584165742,8.70454213524171,10.2349869451697,9.8321921111004,9.97408716136631,10.6232370003726,11.1879423045757,12.3074471475619,11.438284805615,13.0522088353414,10.9754825247783,11.3081031935447,10.3060471976401,7.02851762173796,9.65976023837572,8.82819504793434,9.71166530560965,9.35455349248453,11.8779917622175,12.6236027515047,14.0354602399405,16.0024746094757,16.1667378309137,16.1382354524412,12.6846583494284,8.68194494967867,13.1895332390382,12.719087635054,14.0897414876756,15.0585095462944,17.4061762297056,16.9751908396947,18.6300861989063,18.364896073903,17.6155647975525,17.1635580359328,13.7726098191214,10.1133391455972,13.2306993126172,12.0576671035387,12.6859142607174,10.6412083214591,12.1138376259041,12.4108878807518,13.7868994469248,13.6158641729672,13.5882831570382,13.3138156977555,10.3754721173073,7.63149403033237,9.85242685319457,9.63235294117647,10.4044960437773,10.2010892333473,11.3044066878765,12.3230535894843,12.6347852573865,14.266518665654,11.8443106338072,8.8588302533816,11.105775826588,7.25886389630194,7.91919191919192,8.11374249499666,8.22700587084149,8.69322709163347,10.7738542449286,13.4031109172845,14.3466515000711,16.7898699520876,16.079642979746
42,"Nevada",35,15.7746216819648,15.0793874615753,14.7967525511642,14.1935310407872,17.4804487273366,15.4375327930974,16.2427840104564,13.1454859114434,13.1684530291741,15.1195981046983,15.5667123967425,15.2338386936582,13.9067524115756,13.9312751360303,11.8813009056217,11.429430332181,11.5905219142016,9.50400397293438,8.22459106781842,6.25645467568378,5.65116437888411,5.25484131253362,5.84163365765489,6.77117833222934,6.38537060631042,6.54460772504617,5.37612676341,5.33385840553076,6.86424562868142,5.46952224052718,5.68207645802082,5.175983436853,6.6587604866693,7.18393308355842,7.99785734888129,11.0241732899559,12.3069743763788,13.4005180508337,12.0302596606011,10.0176064286037,13.6988215566631,11.7099686751428,11.7659966646186,11.8145456109415,12.4942543144875,12.9016147827535,13.8413019778851,15.79397046259,15.372925414917,16.3569075602912,12.8593677652902,10.411434312069,13.1716638609582,10.9095500652384,12.6249138525155,11.99773169151,12.3606320686613,13.168739421591,14.8068029240639,14.9334811529933,15.9252669039146,15.9724303266407,12.926597513659,10.2072109407377,13.2042253521127,12.4459809853068,12.5484836171549,12.2923223303813,12.0690262370136,12.7826643750211,13.8760031151593,16.1997524268682,15.2729885057471,13.9124584158786,12.84938193843,9.26284951100771,12.1161638901396,11.2310918745259,11.4431366047745,10.7654196582273,11.5639849254465,11.3449904698765,12.7011880744228,13.5626070494907,13.512745190941
41,"New Mexico",36,15.1231438964756,13.3796698523023,11.9789324940587,10.1015836961322,13.1196054254007,10.8886346300534,14.1342330401253,13.6089298461938,14.4507920020774,14.9891429301316,14.775,13.9303182174989,13.5902391882097,12.0838183934808,9.95358432181537,8.23015294974508,10.0218393593788,9.64734238234175,10.6305430688859,11.1054116440113,11.8113184001997,12.8705668384359,13.4845085793973,12.8551303122799,11.8711438063598,11.1604197901049,10.1470321292431,7.69974850067711,11.265779597407,10.3605499438833,11.7959478067012,12.1122320302648,12.7512714943085,13.6484963520968,14.2384294926668,14.0528680388674,13.5905044510386,13.3877269593197,10.9782541354315,8.87182910547397,11.9746340147069,11.1960865371366,12.8517457008859,13.3730781299027,14.0216771249287,15.1821049612848,16.870687736479,17.2782190401611,14.6841436655503,14.8634330115376,11.882183005715,8.7402088772846,12.1949523743308,10.4882961728138,12.9251234229292,11.8590143480973,14.9149777247914,15.2896725440806,16.4242053789731,15.9050151505782,14.5939004815409,14.2154908994287,11.756829137654,9.59804264243272,11.9543902970441,11.2587512501786,12.7435671124992,13.3813044626353,13.4780413932357,16.2564007650071,16.3974398049375,17.2136996075633,15.8114856429463,14.5524081156414,11.6855247756535,9.05364091161757,11.6241364725786,10.3777619387028,12.2459857418882,11.4001035196687,12.9799127710547,14.8275653802017,15.3199975826434,15.9384279740622,15.5773215294782
61,"West Virginia",37,11.213603022894,10.3301622831561,9.23182129017552,6.73155857863258,8.33998859098688,8.01982428474882,10.0204498977505,11.3279888462879,10.1299605476909,10.9430212014134,10.5693614344133,10.6298033735902,10.2732894474367,9.81326219512195,7.706954392964,6.10079575596817,7.00934579439252,7.54279083260807,8.93609393206059,9.11134001310984,9.4124358243012,10.8319528805448,9.92081974848626,10.9027714259581,10.9351988217968,9.57169459962756,8.12685827552032,6.36834867237914,8.90063890724829,7.77570912276859,8.80640465793304,9.81753272510908,10.9072375127421,10.8331091381939,11.9157857954049,12.3555404486744,11.7095570649574,11.6186046511628,9.56198670316777,7.05041929806398,8.88840358156803,7.68540334343094,9.11379129522811,10.2342786683107,12.3530994886517,11.9926842013586,14.0185355264256,13.4601013036619,12.2745490981964,12.5695693124411,8.77034358047016,7.03522504892368,9.44098129901468,7.43818610854622,9.19815845002877,11.0869565217391,12.1023856858847,12.5624219725343,13.7428703560968,13.5714285714286,12.6335346028797,12.7119987319702,10.4874699622382,8.02434975096846,9.65544476256294,9.7772521190617,11.9339322987567,13.1813848687061,12.5997581620314,14.1767818238406,14.0540540540541,15.1707530647986,13.2495673764201,12.472885032538,10.667544653881,8.40042941492217,11.2784013139885,10.5579868708972,12.2582331416623,12.0671745152355,14.1099735799207,14.5938057402303,14.2442797292942,15.6876790830946,14.4090575873585
38,"Nebraska",38,17.0571229189513,16.0187185025198,14.0536988358994,9.79301822675317,12.4856216668409,10.1901725843685,14.0732608044715,17.4787234042553,16.0604425256341,18.3624635871827,18.7685992816829,17.795403701444,18.0278155390568,17.2592592592593,14.021250958484,9.43732193732194,12.4031917390284,12.1565362198168,13.6348629910862,13.8712502737026,15.2071717503006,16.7399935615409,16.3857779710775,17.3984813469792,16.8346312414109,16.0440835266821,13.7619164018577,8.72420262664165,13.067784765898,11.2295762946552,12.5999238675295,13.9343254212274,14.4620400558919,15.2954337435167,17.0202171098496,18.0734856007944,18.4762724631443,18.4387330702783,14.9750792931581,10.413325107958,13.7493389740878,11.6757330502853,13.7401768172888,15.8678455095393,15.8465299181635,18.0887372013652,19.3927211172239,18.7918737843095,19.0763052208835,19.8931314705555,14.1855121538275,10.9375,13.2421927355582,11.37861466039,13.1623314065511,13.4337422567715,14.2912722085333,16.451385627055,18.0842827120894,17.9877709838799,17.8612059158134,18.4645623771534,15.0086398420143,10.5042016806723,12.9009265858874,11.9931953501559,13.1495362723923,13.4225092250923,13.2663316582915,15.6588299617277,17.0774647887324,18.8513809732573,17.6718252162039,14.6758489669912,14.812916453101,9.7027972027972,12.0888888888889,10.3228672985782,11.8613374725133,12.2329839458671,14.4584647739222,15.4997397188964,16.1213405749106,17.7921552769915,18.7212703719181
20,"Idaho",39,14.57373988799,13.4532556371928,11.1229024341713,10.0915656435388,11.3055459869101,11.3299814036779,12.018654230513,12.2456448543405,12.0198089847895,12.7268962661329,12.4782916318261,12.8364258121715,11.9151319064211,10.8688939665287,8.10507409070498,7.96743239313754,8.16993464052288,7.63344051446945,6.96334145327075,7.54599701640975,8.88155885407122,9.99940866891373,9.76039464411557,10.733379823338,9.26531994131588,8.6796455759391,7.36476490641281,5.29176201372998,7.5454406598442,7.1912620585187,8.09538047540739,8.6876698244841,9.76229733443254,10.8564458140729,12.575975938342,13.505255438768,11.7097655505432,12.0566916903961,9.092166217244,7.16808949072711,9.1468043115227,9.39403918985674,10.3312063202674,11.6140896873674,12.1446055356807,13.3049066864417,15.6231294145816,15.9661850230829,11.6382505559674,12.5016210608222,8.99008802938934,7.35240324822591,8.33646263612467,8.1185368112363,9.78744438952051,9.56610169491525,11.5350668748727,12.1149765288406,14.3628852875755,14.2065588557438,13.0641976989584,12.2066754117476,8.94150191196811,7.25318399421913,8.4623421027638,7.7616472151058,8.95366087791256,9.37752627324171,10.1163897225679,13.7476193835085,14.3126439991622,14.871936105756,13.3589446216295,10.8736059479554,9.81675392670157,7.0360165321787,7.10794730131747,6.72195547795722,8.60462786737454,9.17021909388322,10.68780126066,13.2115435530845,15.1167764564976,15.7968737077165,13.8141188420518
18,"Hawaii",40,11.4129653586316,9.60394603220659,9.32587666263603,9.13050241095038,11.28269776237,9.71491835040133,10,11.7554364954302,10.6335914046453,12.1499481404653,12.1160184574819,12.1130723970325,12.5829442123372,10.3765127745406,8.73777777777778,7.73953649256313,9.25925925925926,8.53815192258286,7.54808469371262,8.66056490502903,7.22827056933785,8.94,7.60255579220298,8.86894824707846,7.08694732388407,6.85166152792052,6.70948503268724,5.86656909379193,7.3287180711387,6.67696328858263,7.24884456336658,6.45679012345679,6.34828862164662,6.41025641025641,7.18970424452419,7.95551753635586,6.83410442828817,8.40896956753871,7.57030521124883,6.19767755873616,8.65950370938859,8.81462799495586,9.01364615752933,8.87896825396825,9.09203059462127,8.22351748606184,10.2377725760749,9.93197278911565,9.72728415231871,10,8.71348026652998,8.09493264913406,10.3667664670659,10.3543257793915,10.3733459357278,8.12965488303787,10.3828682673589,10.1437857002167,10.451926539431,9.72917826006307,8.97220667785861,9.97177798682973,8.84922142043297,7.75313735602544,11.3508529276164,8.88783269961977,10.9442805068564,9.66663734717213,9.15295764788239,9.27753303964758,10.2258469259724,10.3343465045593,10.1391288533236,9.63387573964497,8.31191088260497,7.59731543624161,9.96156642775527,9.60788138899727,10.4132391367463,9.52763012736937,9.88318943626206,10.3093853820598,10.4616687844134,11.256012827365,10.4927211646137
28,"Maine",41,12.5689944804416,11.2145072774994,9.02795754594874,8.02469135802469,8.51981863390376,7.33582411265987,11.0824202665922,11.0268158942387,11.704080192009,14.5301360985094,13.6508488324932,13.4628340444644,12.0419426048565,11.2315054177438,8.35010060362173,5.69477306947731,7.03238984534578,7.40494066359893,8.44341699691766,8.38005606728074,11.1268243013916,11.9770347137313,12.4056553630275,12.8859764089122,8.15526879473382,9.06608793055167,7.44940546499724,5.16863775733684,7.26048452023714,6.38109305760709,8.25093998050411,8.43505780533488,10.3995299647474,11.950259540243,13.4538716379359,13.8161160443439,13.1606765327696,12.2419500451399,8.74177263722922,6.09669138619509,8.1103552532124,7.48633446882674,8.85225885225885,10.4804421768707,12.4057361849425,14.0679468242245,16.4766956325471,16.3099506947557,14.8169271130375,12.9180405087141,8.85608856088561,6.07183580387685,7.40113410413138,6.09841690712002,8.55233853006682,9.31328256099135,10.8413760435787,14.0269120987942,15.1767382498197,14.4949145321902,13.49096678438,12.6812731496014,8.98036200992382,7.00498132004981,7.31994285234053,7.40194376952447,9.01472622243918,9.18618988902589,10.1946506091584,12.3551088777219,13.928475396612,14.3575456954542,13.0372492836676,10.8333972245649,8.82678708358184,5.52792654934966,7.83089364315692,6.38686131386861,8.38755591703945,9.12172573189522,12.168243181192,13.783501566307,15.1714014333823,16.1303943923655,15.3886832363829
39,"New Hampshire",42,13.8590203106332,14.1123289367763,10.4432855280313,9.5458274293385,10.3960787414025,8.5981026953772,11.7432530999271,11.2919230005954,14.5591604463824,15.9263568544247,15.8748626462414,14.4897704590818,14.2981637099284,12.6346059716104,9.8094439117929,8.43541018340727,10.126582278481,10.2908443389227,10.4276545720277,11.9621286320601,13.296937751004,13.6659567995132,13.5458661539416,13.955961466283,12.5109361329834,10.670456013435,9.47562726464757,6.31139299249749,9.25956877820491,8.29818369630714,9.77700182525196,9.64794219735071,12.4186795491143,13.0814493651285,14.5657210846014,15.344986200552,13.9285947392468,13.5781156629706,9.86543751393948,7.16279069767442,9.30459464254036,7.41111667501252,9.73880597014925,11.5963243067415,13.3216905344045,13.9846868660428,16.046626984127,16.7018633540373,16.539069914584,14.4443714266938,10.1587757741217,7.0576782672183,8.23623588010317,7.1147383581373,8.39320963284643,9.94482664668619,12.0151026125084,13.5203940450495,15.2972972972973,14.854183701281,14.6941142360104,13.6916342412451,10.2582685465806,7.48847926267281,8.12926028780611,8.01419084872191,9.25036040365209,9.90487255827463,10.5445285975451,12.7765521588402,13.2855640283986,13.6865490776895,12.508553441905,11.1035883547732,9.23167550281915,6.53827160493827,7.78692908332442,6.85830692621095,8.39167833566713,8.3608967291437,11.0474036986191,12.2931807638782,12.8818776452482,14.6510553073486,14.2130710236746
50,"Rhode Island",43,17.2735446167678,16.8907468082703,14.5069756443604,9.76709241172051,13.4851818299469,10.6449511400651,16.1715018058954,16.4527421236873,18.035694490633,20.1192411924119,18.2949989449251,15.564448188711,18.1684520058811,17.0859431153096,14.4783608613841,10.7714701601164,12.7533310939424,12.2959609198141,14.3415178571429,14.288898796255,16.4233187679847,14.9631298648095,15.2101400933956,15.6592791582718,14.58643175838,13.7511916110582,12.1919584954604,7.65509391007399,11.6063548102383,9.32587666263603,11.3642717360917,11.4045618247299,13.8210413439771,13.9850160542276,14.5846078551328,15.6423905153641,16.3682219419924,16.8994234465086,13.0476320458578,9.14036996735582,13.1263348118942,10.9475465313029,11.4012833905387,14.4964807796427,16.5778053316801,17.7863237591636,17.5203660305769,17.7183600713012,18.4291825095057,19.0458804916636,13.9059577878707,9.95211014666268,12.5638569604087,7.94770342336143,11.3724879264683,12.4519107463452,16.5878546540567,17.0212765957447,17.5376229411068,18.0401704199635,18.3398628795299,18.6412698412698,13.5607555680857,9.74549968963377,12.4299541518085,10.6382978723404,12.3300515705579,12.9116117850953,14.1691196146642,15.1294393131261,14.7797062750334,16.6358350951374,16.1685514270328,16.3481030987547,13.3542812254517,8.30935251798561,12.6321861180542,9.5648912228057,9.84789085777011,10.2459016393443,12.6827766661536,14.4695496034715,14.623292926193,16.7840735068913,16.0515156274541
35,"Montana",44,11.3055365686945,8.6377309840997,8.70208473436449,7.09739401945479,8.44082654978084,7.54281549860318,8.2082659893789,9.24583031182016,10.0505828018474,11.7307107370982,11.4790697674419,11.88919164396,10.0812572551121,8.31431079894644,6.00620753292509,5.55654974946314,6.75562190911636,6.78244090689822,6.99481865284974,7.41238684234113,8.10245687401986,8.54680392626287,10.017144256674,9.20283164050477,7.57327080890973,6.60377358490566,5.45992001391062,3.56389920690694,5.02244961887856,5.91187953151143,5.92981432876446,7.07924698455642,7.76985743380855,8.01417081577939,10.4853981859862,10.9672957217666,8.93612521150592,9.57470010905125,6.43355045137699,4.10408042578356,5.79601990049751,6.04703247480403,7.2405261101706,7.59591073980433,8.61458139101249,9.8174144416919,12.8916191311979,11.5820178448868,10.5462221831296,9.71746178786475,6.60525489375065,5.18334087822544,6.25449317038102,6.29347826086957,7.84886868030746,7.35735735735736,8.22065451695081,10.0816175106659,12.2501141031492,11.9665194996321,10.0715990453461,8.74987428341547,6.91248972884141,5.21671997353038,6.97620697620698,7.71685854325772,8.65625,8.5942001152295,9.41040049950941,10.9007607192254,12.2457773181661,13.0763995235664,11.3134057971014,8.73362445414847,7.8475798146241,5.04945939728548,6.97092469018112,6.18808854102972,7.09109153751812,8.16087049285257,9.92990654205608,11.3293326059284,12.3761467889908,12.9488574537541,11.6565001906214
13,"Delaware",45,17.1832681312067,17.3710317460317,13.8466251404064,10.8051948051948,13.8894792773645,12.949861581052,14.8038842345773,15.0639744102359,16.5725806451613,17.1065687636436,16.3367288103018,15.0157909847832,15.7078342823483,15.7378640776699,11.8915035027843,9.73625140291807,12.4327832375301,11.7960131604413,13.1695821626031,12.3331504845493,12.7263779527559,14.7977573087705,12.962577962578,12.4934217450795,12.5277044854881,12.433569530558,10.4743083003953,7.19354049425006,9.00213610009155,9.72577271670927,10.9995682210708,10.5559660140377,10.5476673427992,12.1423516327975,12.7887697579308,14.3263865163421,13.6481089969462,15.1057044998228,10.9952721542005,7.40929344366645,11.4598254981117,9.83823919384779,10.8233233233233,13.5361653272101,15.4067515218594,15.7331586417731,16.7313497197068,15.6933115823817,16.0880609652837,17.1347393727461,12.4490033803474,9.40044411547002,12.2974869243526,11.2309074573226,12.5614287426585,13.1322399357725,16.7952910398954,16.3795195340937,16.9594924353343,14.5183608302288,15.0167434072834,16.8562015091933,12.8149829738933,9.5031355523396,11.4606464347397,11.9719162329016,14.3342391304348,15.0359789496295,14.3528908838303,16.2539682539683,13.7347130761994,15.3948173842073,16.7649265730518,15.989875646528,13.833021515435,10.3588699414609,13.7114325950583,12.9978505500063,13.6018056545498,13.8300404665556,16.6008364312268,16.8074126202205,16.7210736307581,16.3492456096958,16.7360322865431
52,"South Dakota",46,13.0150554675119,12.6388888888889,9.49123557075673,7.66766339171294,10.4066736183524,7.76324254771606,8.08290155440415,8.79747785617775,11.9481571486432,14.3554470823164,15.1860134173613,12.4730339282212,12.4437487771473,11.872233981143,9.68129885748647,6.66095523666738,7.49292093225877,7.66496334147967,8.49428458809618,8.9126213592233,10.1603245122658,10.8491434886719,11.1796733212341,11.0290237467018,10.7520891364902,10.0641993957704,8.14829500396511,5.13199577613516,8.27279118818842,6.75054439874183,8.1682617404852,8.32623509369676,10.1153846153846,11.2446828185685,11.9696127478229,11.8933333333333,12.0328702797887,11.3599348534202,9.53441746491423,7.07762557077626,9.60571579783011,8.22027134876297,8.83453955577739,10.3554551058147,11.2900307580966,12.2551762730834,13.3885819521179,13.3996023856859,13.6061709877866,13.8034831219093,9.49160447761194,6.86348725712844,9.03192317674539,8.14289466771736,8.80314232902033,9.60477941176471,10.783055198973,10.3993971363979,13.0491291915779,13.8588356517259,13.4574593448032,14.0803952391646,10.3405107661492,7.87798408488064,8.36796896647271,8.01710315339391,9.67286420334196,10.3228547153781,10.6919468334636,12.7145229747186,12.4007561436673,14.0768509840675,12.1390809272062,10.0235596487471,10.4110921916809,5.94462540716612,9.93377483443709,7.5993091537133,8.70765370138018,9.59737827715356,10.6660861993905,13.440635451505,13.3347333053339,14.2146705346042,14.6912242686891
3,"Alaska",47,18.1146025878004,15.2739581129681,13.0049031053,10.470677070224,11.9121447028424,11.1361361361361,14.2597225380942,14.5882352941176,15.1735962280326,16.5320197044335,17.5032655346147,16.6369789811186,16.5413533834586,14.9853264856933,9.90787742056778,7.31313855529665,9.60067969413764,9.39048029291406,11.0574989947728,11.6104868913858,13.9739592884651,16.777380344064,18.1564703952764,17.8525016244315,15.5012056493283,13.2565846851561,12.0722798923491,8.62761683231127,10.6832027850305,9.75663231747424,11.600237953599,12.0689655172414,13.6535812672176,16.6928638792832,18.3445532435741,20.1077199281867,16.6020562952975,15.1294203426905,11.0819539765846,9.47082096933729,11.3966770508827,11.7757009345794,11.3753370924246,14.362296180478,14.3690736688549,18.0569185475957,18.0120812740253,19.9586932031543,15.7290247226007,17.0212765957447,11.7837338262477,9.54838709677419,12.4149196841819,10.2669404517454,11.217587373168,13.1650323388275,15.0988615937687,16.7043314500942,18.6821144098479,20.1536210680322,18.6705767350929,16.9626070607896,13.9145216124332,10.6702412868633,11.6674218396013,12.0932185597313,13.4781808138464,15.0977792509115,16.2223568615571,17.5876496897995,17.1935345444142,19.0648001154568,17.2085026570803,13.4396741897166,11.5530303030303,8.24654622741764,10.3814037463327,10.6572341396623,10.081466395112,9.86290936785986,14.2582897033159,17.9710144927536,18.0114099429503,20.8116216642981,18.4821277316619
37,"North Dakota",48,14.5758122743682,13.1687242798354,11.5073704232049,7.71182141045155,9.33403251179864,7.22394220846233,9.27021696252466,7.84108729743858,10.3343465045593,11.8199802176063,12.6815101645692,11.4583333333333,11.0821382007823,11.328890631125,9.48876839659179,6.06060606060606,7.39773716275022,6.24120131393712,7.87262273330385,8.33333333333333,9.64074579354252,10.0381194409149,9.65297167929797,10.1727447216891,11.8676302776721,11.8098159509202,9.74683544303798,6.00656968559362,7.26978998384491,4.82204362801378,6.38085742771685,6.56488549618321,8.15006468305304,9.63699222126188,11.7912694430507,13.4562211981567,13.4321445113478,14.9954832881662,12.220566318927,6.72800460034503,8.21428571428571,7.64959901295497,8.93665158371041,9.24024640657084,11.1416781292985,12.0072496601722,13.4851138353765,13.5328836424958,15.8467741935484,13.5320177204994,10.5897546276367,7.7070368597415,9.66616841056303,9.97931747673216,9.73338975878121,11.1368015414258,12.1069750632454,14.9019607843137,14.3050388907677,16.6941060256832,17.3241288625904,17.1428571428571,13.9118457300275,8.83652430044183,9.94826900119379,10.803738317757,12.7061105722599,12.1702339472374,15.0297619047619,13.778801843318,14.9853306251411,15.8498896247241,14.6247902181731,12.4497991967871,12.8477491148204,6.55021834061135,5.6677951294092,9.26711084191399,13.0051813471503,13.8156302927655,16.7305236270753,17.1991159332932,17.0928402832415,19.0260475651189,17.9992275009656
58,"Vermont",49,9.8960831334932,8.72326203208556,6.73334524022147,6.3281687511667,6.89267653118562,5.77301161751564,8.19958129797627,7.58643290185155,10.0088731144632,11.4156723637536,10.7172877556739,10.6025727826676,8.93025765547012,8.44739929605006,5.6669776119403,4.69709743466217,5.66175575307439,6.10822455962489,7.4274708077525,7.70539620807001,8.6412602803197,9.10406232609905,9.64816433566433,9.25171526586621,9.36536621664718,7.48124330117899,5.66549813411738,4.52563347083088,6.15657461363061,6.34039256198347,7.03313444204646,7.06436420722135,9.78224077626086,9.59913326110509,11.4059490691205,11.039501039501,10.0885720457982,8.86378448837715,6.69318979639597,4.63850738533299,6.75361570247934,6.241388812345,7.35660847880299,9.59621773575262,10.715114929185,11.3102526995436,12.4236463402008,11.7901679892817,11.6616251173464,9.17987448143814,6.6804170963676,5.34022394487511,6.15748227391467,5.59239334417615,7.41025359534526,7.45241423809012,9.38372342709899,10.5382492113565,12.1371778906025,12.0167189132706,11.4013790424395,8.9582284851535,6.59747961452928,5.25764801675003,7.19362745098039,6.95707879564382,7.68944099378882,7.62834417932032,8.72358963188848,9.85331632653061,10.8609132802681,11.3861903269612,9.45507792071959,7.61017719218537,6.6325894526867,5.60568772217665,7.65320530923468,7.29979762937265,8.13008130081301,7.40484429065744,9.13177498073465,10.4830677290837,10.8245505269684,11.7544947303162,10.5093488072211
12,"District of Columbia",50,15.7843770174306,17.2839506172839,14.8090169067001,12.2448979591837,13.3888310787374,12.1662723893207,13.9750559641829,13.9846102375376,15.330426031533,15.3346328784925,14.2903225806452,11.8331053351573,14.0161725067385,16.0855263157895,12.6561472715319,8.50987432675045,10.2941176470588,9.23892464975388,10.8467459762071,10.1966496722505,11.9093353822512,11.5050924179555,11.63914619412,10.6290672451193,12.0416666666667,12.0674740484429,11.1111111111111,8.41121495327103,10.4705882352941,9.39445387662705,8.92667375132837,9.49041608228144,9.65909090909091,11.0151187904968,11.8329466357309,12.0994739359158,14.3269230769231,15.1608638166593,14.1952983725136,9.77068793619143,11.6776315789474,9.28293496386882,9.14483440434998,11.7596932253941,12.7952755905512,13.5379771743408,14.5056726094003,13.1211857018309,15.6644963615473,16.9712793733681,13.5506003430532,10.9235352532274,12.4416796267496,9.69785575048733,9.88372093023256,10.7326007326007,11.6213352172377,11.4417989417989,12.0830496936692,12.7920792079208,12.8767123287671,16.8535725728933,14.5473758365622,10.8187134502924,11.810261374637,11.533180778032,11.4209320091673,14.2503536067893,13.612746795982,14.5226811103588,12.8688233202986,11.8271119842829,14.169741697417,13.933236574746,14.4687264506405,10,12.4048365427676,12.739893834218,13.386686067661,13.0956711531466,15.5586494953011,17.2967547674808,16.7091372406261,15.7403651115619,18.2218956649522
62,"Wyoming",51,11.6775032509753,10.2212602212602,8.56838744012773,7.25560786485738,8.9519043647484,8.48849945235487,11.1817325800377,10.0788565795959,9.59334980903168,11.4194915254237,10.5473204104903,11.9575169382897,10.58307439225,9.16940079433604,6.90283065717596,5.01231093914879,6.96517412935323,6.00826135936913,7.80447390223695,7.61767876392382,10.0272975432211,10.0187106650791,10.7679465776294,10.990099009901,8.13104736038024,8.97959183673469,7.61459307764266,5.78838174273859,9.035488787285,7.8738370773769,8.10352142554094,6.68592653735039,9.1884510339446,10.0297176820208,11.6789634694979,12.3120467008668,10.2583879676051,9.85250737463127,8.00594606073476,6.57863711388823,8.2703213610586,7.50185689527111,8.11053695798697,8.59113712374582,9.61947073594746,10.1521900519673,10.8891638677744,9.99814505657577,9.8619768477293,9.81318928651812,6.38246628131021,5.95918367346939,7.62186910853757,6.87160940325497,8.0477908025248,7.73143438453713,8.3969465648855,10.1750336603193,12.5670498084291,12.3334602207842,12.2680210978707,11.8757612667479,10.1164649463348,6.8931560807484,9.1327705295472,10.0571144772784,10.5730598435187,11.4678011989944,11.7771137282475,13.1084897823559,12,14.2399487425917,11.6153064679986,8.90171388597412,9.55547112462006,6.2962962962963,8.74785591766724,8.52747252747253,9.53450387913434,9.99231360491929,11.0940956270206,13.7273746596188,14.1235028775859,14.4945376211725,12.5059894585529
