"RegionName","State","Metro","StateCodeFIPS","MunicipalCodeFIPS","SizeRank","2010-02","2010-03","2010-04","2010-05","2010-06","2010-07","2010-08","2010-09","2010-10","2010-11","2010-12","2011-01","2011-02","2011-03","2011-04","2011-05","2011-06","2011-07","2011-08","2011-09","2011-10","2011-11","2011-12","2012-01","2012-02","2012-03","2012-04","2012-05","2012-06","2012-07","2012-08","2012-09","2012-10","2012-11","2012-12","2013-01","2013-02","2013-03","2013-04","2013-05","2013-06","2013-07","2013-08","2013-09","2013-10","2013-11","2013-12","2014-01","2014-02","2014-03","2014-04","2014-05","2014-06","2014-07","2014-08","2014-09","2014-10","2014-11","2014-12","2015-01","2015-02","2015-03","2015-04","2015-05","2015-06","2015-07","2015-08","2015-09","2015-10","2015-11","2015-12","2016-01","2016-02","2016-03","2016-04","2016-05","2016-06","2016-07","2016-08","2016-09","2016-10","2016-11","2016-12","2017-01","2017-02","2017-03","2017-04","2017-05","2017-06","2017-07","2017-08","2017-09"
"Los Angeles","CA","Los Angeles-Long Beach-Anaheim","06","037",1,,,,,,,,,,,,,,,,,,,,,,,,,,,,,,,,,,,,,,,,,,,,,,,,,,,,,,,,2400,2400,2400,2400,2495,2400,2500,2600,2600,2597,2650,2643.5,2650,2680,2650,2650,2695,2695,2700,2695,2600,2625,2600,2600,2795,2550,2750,2550,2675,2700,2800,2850,2875,2895,2850,2800,2800
"Cook","IL","Chicago","17","031",2,1450,1450,1425,1450,1450,1450,1450,1500,1572.5,1596,1650,1550,1550,1534,1595,1595,1600,1600,1600,1600,1600,1595,1575,1600,1600,1637,1599,1550,1600,1600,1615,1615.5,1650,1600,1600,1600,1625,1614,1600,1600,1600,1600,1600,1641.5,1690,1675,1675,1675,1665,1650,1665,1747,1750,1750,1750,1750,1750,1700,1725,1700,1700,1750,1700,1701,1750,1750,1750,1700,1690.5,1700,1695,1700,1750,1750,1775,1750,1750,1700,1725,1700,1700,1695,1681.5,1700,1725,1725,1750,1790,1800,1800,1800,1795
"Harris","TX","Houston","48","201",3,,,,,,,,,,,,,,,,,,,,,,,,,,,,,,,,,,,,,,,,,,,1232,1279,1270,1244.5,1280.5,1269.5,1255,1255,1250,1282,1240,1263,1280.5,1269,1250,1255,1269.5,1264,1250,1250,1400,1390,1350,1350,1350,1350,1350,1350,1390,1399,1400,1400,1375,1350,1350,1317,1325,1300,1282,1300,1320,1276,1300,1298,1300,1300,1300,1275,1266.5,1280
"Maricopa","AZ","Phoenix","04","013",4,,1100,1100,1050,1100,1050,1100,1197,1150,1199,1199,1095,1025,1000,1095,1000,1000,999,995,1000,995,995,995,995,995,995,930,925,950,950,950,950,950,985,995,975,975,995,995,950,950,950,900,950,999,990,995,995,995,995,995,1050,1045,1050,1049,1025,1045,1050,1075,1072.5,1150,1180,1200,1200,1200,1190,1200,1200,1200,1200,1200,1200,1250,1250,1250,1175,1150,1107.5,1100,1075,1100,1150,1025,1195,1195,1200,1221,1200,1239,1250,1250,1250
"San Diego","CA","San Diego","06","073",5,,,,,,,,,2450,2200,2325,1950,1975,1895,1950,1900,1900,1850,1850,1850,1875,1850,1850,1800,1800,1800,1675,1645,1695,1695,1695,1700,1700,1750,1750,1700,1700,1700,1725,1700,1700,1695,1650,1850,1900,1895,1950,1995,1950,1900,1900,1975,2000,1995,2000,2100,2100,2091.5,2050,2075,2099.5,2000,1995,1995,1995,2000,2050,2100,2100,2100,2100,2100,2100,2100,2099,2075,2100,2100,2085,2150,2025,2000,2050,2100,2195,2200,2250,2300,2350,2350,2350,2300
"Orange","CA","Los Angeles-Long Beach-Anaheim","06","059",6,2000,1962.5,1990,1900,1995,2150,2200,2100,2000,2000,2000,2000,1995,2000,1995,1995,2000,2085,2100,2000,2000,2000,2000,2000,2000,1982.5,1950,1995,2095,2100,2075,2100,2095,2000,2000,2000,2050,2050,2050,2100,2099.5,2095,1887,2150,2200,2200,2200,2200,2200,2200,2195,2250,2250,2275,2300,2350,2300,2300,2300,2300,2300,2300,2300,2300,2395,2400,2400,2395,2400,2395,2400,2400,2400,2400,2400,2395,2495,2425,2400,2400,2300,2485,2395,2450,2500,2500,2550,2595,2600,2600,2600,2600
"Kings","NY","New York","36","047",7,,,,,,,,,,,,,,,,,,,,,,,1850,1800,1800,1800,1800,1833,1900,1950,1942.5,1900,1900,1875,1850,1899,1950,1995,2050,2200,2200,2195,2275,2300,2500,2500,2500,2600,2600,2695,2700,2700,2700,2700,2700,2695,2650,2650,2600,2700,2600,2650,2650,2700,2799.5,2850,2872.5,2837.5,2850,2800,2800,2819.5,2800,2750,2650,2600,2600,2699,2700,2600,2700,2680,2500,2575,2650,2697,2700,2700,2700,2750,2700,2700
"Miami-Dade","FL","Miami-Fort Lauderdale","12","086",8,,1800,1800,1800,1800,1850,1925,1990,1800,1850,1900,1700,1652,1650,1675,1700,1700,1700,1700,1700,1700,1750,1750,1750,1750,1800,1800,1800,1800,1800,1800,1775,1750,1750,1800,1800,1800,1850,1850,1895,1950,2000,1950,1900,1950,1950,1950,1925,1900,1900,1850,1900,1950,2000,1950,1950,1900,1950,1925,1950,2000,2100,2195,2200,2250,2300,2300,2200,2200,2200,2200,2250,2300,2300,2200,2200,2160,2100,2000,2050,2000,2150,1950,2000,2000,2100,2100,2100,2050,2050,2100,2100
"Dallas","TX","Dallas-Fort Worth","48","113",9,,,,,,,,,,,,,,,,,,,,,,,,,,,,,,,,,,,,,,,,,,,,1125,1300,1300,1311,1200,1200,1200,1200,1250,1250,1300,1295,1250,1250,1295,1225,1295,1295,1300,1350,1350,1297.5,1372,1350,1311,1369,1375,1364,1395,1378,1395,1369,1300,1323,1300,1350,1300,1323,1364,1343,1397,1400,1450,1477.5,1450,1475,1450,1448,1450
"Queens","NY","New York","36","081",10,,1600,1675,1600,1600,1550,1500,1600,1600,1550,1550,1500,1450,1437.5,1450,1450,1412.5,1495,1500,1577.5,1600,1600,1575,1595,1575,1575,1550,1550,1575,1550,1600,1650,1675,1650,1695,1695,1650,1675,1700,1750,1800,1850,1900,1975,1850,1850,1875,1850,1850,1850,1850,1950,1950,1950,1977.5,1950,1950,1950,1950,2000,2000,2000,2000,2000,2100,2000,2075,2100,2100,2100,2100,2100,2100,2100,2100,2037.5,2100,2100,2097,2100,2100,2100,2100,2100,2150,2122.5,2200,2200,2245,2250,2250,2200
"San Bernardino","CA","Riverside","06","071",11,,,,,,,,1450,1472.5,1500,1450,1400,1400,1425,1450,1350,1300,1395,1415,1300,1300,1300,1300,1250,1300,1275,1050,975,1100,1100,1200,1200,1200,1250,1175,1195,1175,1100,1125,1200,1100,1100,1150,1332.5,1500,1437.5,1500,1477.5,1450,1450,1500,1575,1506,1500,1575,1600,1595,1500,1550,1650,1623,1595,1600,1585,1600,1650,1699,1750,1600,1659,1650,1650,1650,1662.5,1650,1695,1699,1675,1685,1697.5,1700,1750,1622.5,1700,1750,1750,1750,1770,1850,1875,1895,1850
"Clark","NV","Las Vegas","32","003",12,800,899.5,895,875,825,850,895,899,897,795,765,815,800,800,825,850,820,825,845,825,800,800,845,825,800,800,795,795,799,799,795,800,795,800,800,825,800,849,850,825,845,925,945,875,825,850,850,850,850,850,850,850,875,850,875,895,900,900,900,925,900,900,950,925,925,900,900,900,900,925,922.5,900,925,910,925,948,999,945,950,950,1100,1200,1125,1197,1250,1250,1250,1100,1075,1050,1050,1050
"King","WA","Seattle","53","033",13,,,,,,,,,,,,1297.5,1300,1300,1295,1325,1337.5,1295,1300,1295,1280,1195,1145,1145,1145,1150,1150,1200,1250,1250,1250,1260,1295,1255,1225,1250,1225,1285,1300,1350,1345,1300,1350,1350,1495,1495,1495,1480,1475,1490,1495,1500,1500,1550,1550,1550,1595,1600,1575,1595,1575,1600,1595,1595,1650,1700,1795,1750,1750,1795,1745,1750,1750,1750,1750,1800,1850,1875,1850,1812.5,1800,1795,1750,1799,1800,1800,1800,1895,1900,1950,1950,1895
"Wayne","MI","Detroit","26","163",14,,,,,,,,,,,,,,,,,,,,,,,,,,,,,,,,,,,,,,,,,,,,,,,,,,,,,,,,1325,1300,1295,1275,1295,1300,1300,1300,1237.5,1212.5,1250,1350,1350,1300,1300,1300,1300,1200,1300,1300,1200,1285,1300,1325,1350,1300,1300,1300,1200,1285,1250,1300,1395,1500,1450,1425,1412.5
"Tarrant","TX","Dallas-Fort Worth","48","439",15,,,,,,,,,,,,,,,,,,,,,,,799,816,950,930.5,850,756,750,695,688,722.5,705,774.5,777.5,714,715,700,699.5,733,782.5,798.5,840,865,895,890.5,855.5,850,850,800,800,795,782.5,775,795,795,850,899,895,925,899,874,855.5,850,850,885,890.5,890.5,874,850.5,874,880.5,900,905,900,886,874,874,885,895,855.5,856,885.5,900,950,960,967,950,960,930,933.5,942
"Santa Clara","CA","San Jose","06","085",16,,,,,,,,,,,,1775,1772.5,1900,2050,1995,1985,2200,2200,2195,2000,1895,1895,1899.5,1900,1997.5,1779,1640.5,1795,1837.5,1850,1900,1900,1985,1900,1995,2000,1995,1962.5,2100,1895,1952.5,2180,2250,2400,2425,2400,2395,2300,2300,2395,2595,2595,2650,2700,2695,2600,2600,2600,2600,2695,2662.5,2800,2875,2950,2950,2900,2995,3000,2950,2950,2990,2995,2995,2900,3000,3000,3000,2875,2900,2850,2850,2895,2850,2901,2995,2995,3000,3100,3100,3150,3000
"Broward","FL","Miami-Fort Lauderdale","12","011",17,,,,,,,,,,,,,1250,1250,1300,1300,1300,1300,1300,1300,1300,1300,1300,1250,1265,1295,1250,1250,1275,1270,1300,1290,1300,1300,1300,1275,1295,1300,1300,1350,1350,1350,1350,1350,1350,1350,1300,1300,1300,1300,1300,1344.5,1350,1350,1350,1350,1350,1370,1350,1377.5,1395,1400,1400,1400,1450,1450,1450,1400,1450,1495,1495,1450,1475,1500,1475,1500,1500,1450,1450,1450,1425,1500,1400,1450,1450,1499.5,1499,1500,1500,1500,1500,1500
"Bexar","TX","San Antonio","48","029",18,,,,,,,,,,,,,,,,,,,,,,,,,,,,738.5,764,782,853,870,850,875,840,825.5,857,882,851.5,850,873.5,879,885,885,995,950,949,900,900,922.5,940,995,995,1010,1000,977,950,900,883,877,875,900,884,875.5,1017.5,1030,1092.5,1100,1030,1050,1050,1085,1100,1100,1010,1000,950,995,1010,995,975,1050,960,1027.5,1050,1050,1027.5,1050,1100,1132.5,1200,1200
"New York","NY","New York","36","061",19,,,,,,,,,,,,,,2807.5,2850,2895,2900,3000,3100,3100,3144.5,3000,2995,2900,3000,2995,2995,3000,3100,3050,3100,3150,3200,3200,3200,3150,3150,3125,3150,3195,3090,2995,3095,3200,3395,3500,3495,3495,3495,3500,3500,3500,3500,3500,3500,3500,3500,3500,3500,3500,3500,3500,3500,3510,3539.5,3550,3500,3540,3510,3500,3500,3500,3550,3550,3500,3500,3480,3450,3480,3395,3400,3450,3350,3495,3500,3500,3500,3530,3512.5,3500,3500,3500
"Philadelphia","PA","Philadelphia","42","101",20,1800,1800,1575,1650,1900,1925,1995,1872.5,1897.5,1872.5,1695,1650,1650,1595,1600,1700,1650,1737.5,1750,1737.5,1700,1700,1700,1545,1650,1500,1562.5,1600,1600,1550,1585,1575,1550,1600,1492.5,1450,1500,1500,1495,1500,1395,1330,1375,1450,1650,1625,1650,1600,1600,1600,1600,1650,1650,1650,1650,1700,1700,1700,1575,1695,1700,1725,1695,1725,1695,1695,1750,1700,1742.5,1725,1675,1730,1700,1725,1750,1750,1695,1700,1695,1700,1600,1650,1700,1625,1720,1750,1775,1800,1750,1750,1750,1725
"Alameda","CA","San Francisco","06","001",21,,,,,,,,,,,,,,,,,,,,,,,,,,,,,,,,,,,,,,,,,,,,,,,,,,,,,,,2300,2200,2200,2250,2285,2172.5,2100,2200,2295,2350,2497.5,2500,2600,2620,2550,2500,2500,2595,2600,2590,2550,2612.5,2550,2649,2600,2685,2580,2500,2495,2550,2697.5,2700,2700,2800,2767.5,2750,2725,2750
"Middlesex","MA","Boston","25","017",22,,,,,,,,,,,,,1601,1550,1500,1600,1650,1750,1700,1647.5,1650,1700,1750,1699.5,1600,1700,1800,1850,1900,1908,1950,1950,2002,2100,1995,2056,2106,2156,2212.5,2140,2140,2200,2189,2000,2095,2000,2000,2000,2000,1950,2000,2100,2200,2200,2200,2200,2170,2100,2100,2200,2150,2200,2300,2395,2400,2400,2350,2300,2200,2200,2200,2248,2300,2350,2350,2400,2400,2400,2400,2400,2300,2300,2300,2250,2300,2350,2400,2435,2500,2500,2450,2400
"Sacramento","CA","Sacramento","06","067",23,,,,,,,,,,,,895,885,912.5,895,895,885,925,995,950,950,900,900,900,950,900,899.5,882.5,900,895,895,975,895,895,850,895,900,925,912.5,895,875,850,860,895,962.5,950,950,975,975,995,995,995,1000,1037.5,1050,975,995,995,995,1050,1050,995,950,1000,1047.5,1025,1025,1000,1050,1105,1050,1095,1095,1050,1050,1050,1050,1175,1097.5,1085,1095,1095,1100,1162.5,1200,1195,1250,1295,1300,1300,1350,1295
"Bronx","NY","New York","36","005",24,,,,,,,,,,,,,1500,1450,1400,1450,1400,1450,1450,1495,1495,1400,1300,1275,1400,1375,1417.5,1400,1475,1400,1400,1417,1400,1400,1425,1450,1450,1400,1450,1450,1450,1400,1350,1350,1405,1437.5,1425,1400,1400,1400,1400,1450,1492.5,1517.5,1450,1482.5,1425,1400,1450,1495,1450,1495,1500,1500,1500,1535,1575,1592.5,1600,1600,1600,1650,1550,1550,1550,1600,1600,1500,1570,1500,1465,1600,1500,1600,1490,1455,1450,1450,1500,1500,1500,1500
"Nassau","NY","New York","36","059",25,,,,,,,,,,,,2350,2000,2000,2000,2000,2000,2000,2200,2200,2175,2000,1990,1950,2157,1850,1950,2100,2000,2000,1950,2100,2150,2200,2257.5,2293,2100,1950,2000,2025,2200,2000,2000,2050,2200,2200,2075,2125,2200,2190,2200,2150,2290,2450,2200,2200,2300,2350,2350,2292,2275,2350,2300,2500,2500,2500,2500,2600,2500,2500,2500,2500,2425,2500,2675,2500,2600,2750,2500,2600,2500,2500,2400,2650,2700,2500,2700,2750,2800,2800,2700,2700
"Palm Beach","FL","Miami-Fort Lauderdale","12","099",26,,1225,1350,1300,1300,1400,1525,1400,1350,1400,1500,1400,1300,1300,1300,1300,1300,1300,1300,1350,1300,1300,1295,1295,1299,1300,1275,1295,1300,1300,1300,1350,1350,1300,1300,1300,1300,1299.5,1300,1300,1349,1350,1350,1400,1500,1500,1600,1600,1500,1450,1400,1425,1400,1450,1450,1485,1475,1495,1450,1400,1425,1450,1500,1500,1500,1575,1600,1600,1600,1650,1600,1600,1550,1550,1575,1540,1500,1500,1500,1500,1550,1650,1500,1500,1500,1500,1550,1595,1600,1600,1700,1700
"Cuyahoga","OH","Cleveland","39","035",27,,,,,,,,,,,,,,,,,,,,,,,,,,,,,,,,,,,,,,,,,,,,,,,,,,,,,,,,,,,,,,,,,,,,,,,,,,,1250,1100,1250,1300,1100,1000,1100,1100,1000,1100,1050,1050,1050,1100,1150,1150,1150,1100
"Hillsborough","FL","Tampa","12","057",28,,,,,,,,1000,1000,995,1000,950,950,912.5,925,925,925,925,950,950,950,925,950,945,920,900,875,900,949,925,900,937,900,900,900,900,900,900,922.5,950,1025,1100,1200,1050,1000,1000,1000,1000,995,995,995,995,999,1000,1000,1000,975,995,1000,1000,1025,1050,1095,1095,1095,1100,1150,1100,1100,1245,1095,1100,1100,1100,1100,1150,1100,1150,1100,1100,1150,1100,1150,1125,1195,1200,1200,1200,1200,1200,1200,1195
"Allegheny","PA","Pittsburgh","42","003",29,,,,,,,,,,,,,,,,,,,,,,,,,,,,,,,,,,,,,,,,,,,,,,,,,,,,,,,,,,,,,,,,,,,,,,,,,,,,,,,,1295,1482.5,1295,1437.5,1337.5,1290,1250,1295,1300,1395,1350,1300,1350
"Oakland","MI","Detroit","26","125",30,,1200,1200,1200,1300,1250,1300,1300,1200,1200,1200,1200,1125,1100,1200,1250,1200,1200,1212.5,1200,1150,1150,1200,1200,1150,1100,1150,1200,1200,1200,1199.5,1200,1250,1200,1220,1200,1200,1200,1200,1200,1200,1197,1200,1250,1249,1250,1250,1250,1250,1250,1250,1250,1250,1300,1300,1350,1300,1300,1300,1300,1300,1300,1325,1350,1350,1300,1350,1375,1400,1395,1380,1390,1350,1350,1350,1300,1300,1300,1350,1350,1350,1337.5,1300,1350,1400,1350,1400,1400,1425,1500,1450,1450
"Franklin","OH","Columbus","39","049",31,,,,,,,,,,,,,,,,,,,,,,,,,,,,,,,,,,,,,,,,,,,,,,,,,,,,,,,,,,,,,,,,,1097,1099.5,1100,1200,1172,1150,1150,1147.5,1190,1199,1230,1170,1197,1212.5,1100,1050,1112.5,1190,1115,1095,1100,1197,1250,1200,1250,1275,1295,1287.5
"Hennepin","MN","Minneapolis-St Paul","27","053",32,,,,,,,,,,,,,,,,,,,,,,,,,,,,,,,,,,,,,1575,1515,1450,1350,1350,1280,1295,1350,1250,1299.5,1295,1295,1295,1250,1275,1250,1295,1295,1295,1299,1295,1295,1295,1295,1295,1287.5,1295,1350,1325,1325,1349,1300,1295,1300,1300,1350,1350,1350,1300,1300,1295,1350,1300,1350,1295,1295,1350,1350,1347.5,1350,1350,1375,1395,1425,1395,1350
"Orange","FL","Orlando","12","095",33,,,,,,,,895,895,825,800,850,850,875,850,850,875,875,875,850,870,850,850,875,875,875,875,850,850,895,900,875,875,870,875,895,899,900,925,950,925,925,950,950,950,950,950,950,950,950,950,950,950,975,987.5,975,975,975,975,995,975,1005,1025,1010,1050,1050,1050,1075,1075,1100,1095,1075,1099.5,1095,1100,1075,1112.5,1097.5,1100,1094.5,1100,1100,1142.5,1150,1195,1175,1195,1175,1200,1200,1200,1200
"Fairfax","VA","Washington","51","059",34,1495,1550,1575,1500,1450,1500,1550,1600,1608,1600,1600,1600,1600,1595,1600,1600,1550,1550,1600,1595,1600,1600,1550,1599,1600,1600,1650,1640,1630,1650,1650,1650,1650,1670,1647.5,1650,1650,1650,1650,1650,1682.5,1650,1675,1650,1650,1650,1600,1600,1600,1600,1625,1650,1695,1700,1695,1650,1650,1650,1650,1675,1650,1650,1650,1675,1700,1700,1700,1675,1650,1650,1650,1650,1675,1700,1695,1695,1700,1700,1707.5,1675,1650,1650,1625,1650,1700,1700,1700,1750,1750,1700,1700,1700
"Contra Costa","CA","San Francisco","06","013",35,,,,,,,,1225,1385,1397.5,1450,1497.5,1400,1400,1375,1395,1500,1500,1500,1500,1450,1395,1390,1400,1400,1400,1390,1350,1350,1395,1350,1400,1435,1400,1400,1450,1427.5,1450,1500,1400,1400,1490,1495,1512.5,1700,1750,1820,1850,1800,1785,1750,1850,1850,1800,2000,2000,2100,2100,2000,1995,1950,1997.5,2200,2200,2000,2065,2050,2200,2225,2250,2250,2200,2250,2125,2195,2325,2300,2300,2350,2200,2300,2200,2195,2200,2200,2300,2350,2400,2400,2395,2400,2400
"Salt Lake","UT","Salt Lake City","49","035",36,,,,,,,,,,,,,,,,,1225,1200,1200,1037.5,1097,1099,1050,985,950,895,912.5,1000,1097,1050,1024.5,1085,1095,1022.5,950,885,900,997.5,912.5,845,847,850,895,995,1150,1150,1125,1195,1200,1205,1200,1082.5,1150,1150,1195,1150,1150,1095,1095,1150,1195,1195,1212.5,1212.5,1225,1250,1200,1195,1225,1250,1225,1200,1200,1200,1150,1150,1245,1295,1250,1275,1295,1195,1195,1300,1350,1300,1295,1300,1385,1395,1395,1395
"Travis","TX","Austin","48","453",37,,,,,,,,,,,,,,,,,,,,,,,,,,,,,,,,,,,,,,,,,,,,,,1400,1400,1400,1365,1399,1400,1486.5,1450,1478,1447.5,1425,1400,1399.5,1395,1404,1400,1437,1450,1400,1445,1495,1495,1476.5,1500,1508,1495,1500,1550,1500,1440,1425,1450,1450,1475,1375,1406,1400,1399.5,1500,1495,1500,1495,1495,1500,1472.5,1400,1400
"Saint Louis","MO","St. Louis","29","189",38,,,,,,,,,,,,,,,,,,,,,,,,,,1000,1050,1100,1197.5,1170,1190,1012.5,1012.5,995,950,975,999.5,950,995,950,995,950,975,995,1075,1000,1062.5,995,975,995,995,1050,1100,1170,1135,1200,1112.5,1100,1000,950,975,1000,1050,1075,1050,1075,1000,1000,1095,995,997.5,1000,1100,1100,1100,1195,1100,1050,1185,1150,1095,1100,1100,1150,1150,1125,1100,1100,1150,1150,1100,1150
"Pima","AZ","Tucson","04","019",39,,,,,,,,,,,,,,,,,,,,,,,,,,,,,,,,,,,,,,,,,,,,,,,,,,,,,,,,,,,,,,,,,,,,,,,,,,,,,950,950,975,895,995,975,950,910,950,1000,1150,1195,1162.5,1150,1149,1149
"Montgomery","MD","Washington","24","031",40,,1500,1512.5,1500,1550,1650,1640,1550,1550,1547.5,1600,1650,1600,1600,1550,1592.5,1650,1650,1600,1650,1650,1690,1700,1650,1650,1600,1630,1650,1600,1650,1650,1650,1625,1600,1600,1600,1628.5,1650,1600,1600,1600,1627.5,1600,1650,1695,1650,1650,1600,1600,1600,1600,1650,1650,1695,1695,1695,1653,1675,1650,1650,1675,1692.5,1675,1650,1650,1650,1650,1650,1650,1675,1695,1700,1699.5,1700,1700,1712.5,1700,1650,1675,1685,1700,1695,1700,1700,1650,1700,1680,1695,1700,1700,1750,1700
"Honolulu","HI","Urban Honolulu","15","003",41,,,,,,,,,,,,,1800,1850,1750,1800,1700,1800,1800,1800,1750,1725,1750,1700,1795,1800,1862.5,1825,1800,1800,1800,1850,1890,1895,1950,2000,2000,1950,2000,2022.5,2000,1875,1850,1900,1997.5,1995,2100,2000,2000,1900,1850,2100,2000,2000,2000,2000,2000,2100,2100,2297.5,2300,2300,2300,2250,2200,2200,2100,2100,2100,2100,2100,2200,2150,2200,2300,2200,2200,2100,2100,1995,2000,2050,2000,2000,2100,2150,2200,2150,2100,2100,2100,2000
"Westchester","NY","New York","36","119",42,,,,,,,,,,,,,,,,,,,,,,,,,,,,,,,,,,,,,,,,,,1850,1762.5,1750,1875,1900,1900,1900,1900,1850,1800,1950,1862.5,1850,1950,1900,1850,1850,2000,1800,1950,1925,1825,1850,1990,2000,1950,1950,2050,1997.5,1995,1995,1950,1962.5,1982.5,1824.5,1950,2000,1850,1950,1995,1900,1872.5,1900,1900,2000,2000,2000,2050,2200,2075,2025
"Milwaukee","WI","Milwaukee","55","079",43,,,,,,,,,,,,,,,,,,,,,,,,,,,,,,,,,,,,,,,,,,,,,,,,,,,,,,,,1400,1395,1597.5,1400,1397.5,1395,1412.5,1425,1400,1399.5,1650,1500,1295,1400,1400,1395,1400,1395,1400,1550,1550,1550,1550,1350,1295,1472.5,1297.5,1295,1395,1375,1395,1395,1400,1375,1350,1350,1395
"Shelby","TN","Memphis","47","157",44,,,,,,,,1300,1250,1250,1250,1250,1295,1295,1310,1295,1295,1262.5,1200,1295,1250,1250,1250,1175,1200,1285,1200,1180,1195,1250,1250,1250,1200,1200,1195,1150,1095,1095,1150,1050,1025,977.5,950,1000,1150,1150,1250,1250,1200,1185,1150,1195,1195,1165,1162.5,1145,1175,1175,995,1050,995,1047.5,995,1095,1110,1200,1175,1200,1195,1195,1195,1195,1195,1245,1275,1200,1249.5,1199,1175,1200,1125,1175,1195,1195,1195,1162.5,1200,1200,1235,1195,1195,1195
"Fulton","GA","Atlanta","13","121",45,,1200,1237.5,1250,1225,1275,1150,1200,1225,1250,1262.5,1300,1300,1250,1300,1300,1300,1300,1350,1325,1300,1300,1250,1200,1250,1200,1150,1200,1250,1270,1250,1199,1199,1200,1231.5,1200,1200,1275,1300,1290,1250,1200,1100,1195,1300,1250,1275,1250,1250,1250,1275,1300,1300,1301.5,1400,1350,1395,1400,1150,1200,1195,1162.5,1200,1250,1295,1255,1295,1297.5,1300,1337,1390,1379,1450,1450,1475,1480,1450,1512.5,1500,1550,1550,1525,1500,1500,1550,1600,1650,1650,1600,1600,1635,1600
"Mecklenburg","NC","Charlotte","37","119",46,950,995,995,1000,1062.5,1000,950,1000,995,995,900,962.5,999,1000,1000,1050,995,995,995,1000,995,975,950,995,995,995,1000,1025,1050,1100,1095,1060,1000,1050,1050,1005.5,1000,1000,1000,1100,1100,1000,1050,1095,1100,1150,1125,1095,1100,1095,1095,1150,1150,1195,1200,1150,1200,1195,1195,1200,1200,1250,1250,1200,1200,1200,1250,1250,1200,1275,1195,1250,1250,1295,1299,1250,1275,1275,1250,1200,1250,1275,1262.5,1300,1331.5,1350,1350,1399.5,1367,1395,1395,1375
"Du Page","IL","Chicago","17","043",47,,,,,,,,,1125,1100,1200,1200,1175,1175,1225,1295,1295,1300,1295,1277.5,1200,1150,1200,1200,1200,1200,1200,1200,1200,1292.5,1295,1250,1250,1225,1200,1200,1200,1250,1275,1250,1250,1250,1275,1322.5,1400,1375,1350,1350,1350,1350,1350,1400,1395,1385,1400,1400,1400,1400,1375,1350,1400,1400,1400,1395,1447.5,1450,1450,1425,1400,1400,1400,1390,1390,1400,1400,1400,1490,1450,1395,1425,1400,1400,1495,1400,1400,1400,1445,1450,1450,1475,1450,1450
"Fairfield","CT","Stamford","09","001",48,1350,1562.5,1550,1700,1625,1687.5,1900,1949.5,1775,1762.5,1795,1775,1775,1775,1800,1800,1850,1800,1800,1800,1750,1750,1800,1800,1800,1800,1700,1750,1750,1750,1800,1750,1700,1725,1650,1695,1682.5,1700,1750,1750,1700,1700,1750,1895,1900,1850,1850,1850,1850,1850,1850,1850,1850,1900,1982.5,1950,1900,1900,1900,1850,1895,1900,1900,1950,1950,1925,1945,1950,1900,1950,1900,1900,1900,1900,1950,1995,2000,1950,1900,1950,1900,1900,1900,1850,1850,1850,1875,1875,1850,1900,1900,1900
"Bergen","NJ","New York","34","003",49,,,,,,,,,,,,,2000,1850,1897.5,1850,1995,1970,1900,1800,1750,1775,1850,1687.5,1725,1850,1875,1925,1950,2050,2050,2000,2075,2295,2160,2100,2100,2025,1960,1935,1900,1900,1850,1800,2075,2150,2150,2175,2100,2100,2050,2050,2100,2200,2150,2150,2100,2050,2100,2100,2100,2100,2150,2200,2100,2200,2200,2250,2200,2250,2300,2300,2250,2200,2100,2150,2100,2200,2100,2200,2100,2150,2000,2195,2150,2195,2150,2150,2150,2200,2200,2100
"Marion","IN","Indianapolis","18","097",50,,,,,,,,,,,,1097.5,1025,1025,950,947.5,945,1003.5,995,1022.5,962.5,950,950,925,950,850,800,850,900,900,862.5,825,850,900,825,775,750,785,800,744.5,700,790,809,900,950,975,975,950,975,995,1000,995,992.5,950,975,900,995,850,975,995,975,1000,1025,1000,1000,1000,975,1000,985,995,975,995,1000,1010,1020,1030,1050,1025,1150,975,995,1025,950,1000,1025,1072.5,1095,1150,1100,1095,1100,1075
"Hartford","CT","Hartford","09","003",51,,,,,,,,,,,,,1295,1225,1272.5,1200,1295,1175,1000,1100,1105,1110,1100,1100,1100,1295,1200,1100,1275,1300,1300,1300,1300,1347.5,1200,1200,1150,1150,1100,1100,1100,1100,1150,1250,1300,1350,1350,1350,1340,1250,1250,1275,1350,1350,1300,1300,1300,1350,1350,1350,1300,1300,1350,1300,1350,1300,1300,1300,1300,1250,1275,1272.5,1297.5,1300,1337.5,1300,1300,1325,1300,1300,1350,1300,1300,1350,1350,1350,1350,1350,1400,1397.5,1400,1450
"Duval","FL","Jacksonville","12","031",52,,,,,,,,1000,1000,995,995,995,1000,995,995,975,975,995,995,975,950,950,950,950,950,950,945,950,950,960,975,950,950,950,950,950,975,975,995,950,950,952,955,1000,1050,1035,1042.5,1000,1015,1015,1000,999,1000,1050,1075,1075,1025,1050,1025,1025,1050,1050,1050,1050,1050,1025,1050,1075,1095,1100,1075,1095,1095,1095,1100,1098,1085,1095,1100,1100,1095,1150,1100,1100,1100,1132,1150,1150,1181,1150,1150,1150
"Prince Georges","MD","Washington","24","033",53,,,,,,,,1400,1350,1350,1400,1350,1350,1305.5,1350,1350,1400,1400,1475,1450,1350,1350,1350,1350,1350,1400,1370,1372.5,1400,1382.5,1350,1350,1387,1395,1350,1350,1350,1400,1400,1400,1400,1400,1400,1350,1370,1400,1450,1500,1490,1495,1495,1450,1450,1450,1450,1500,1500,1500,1495,1495,1475,1495,1500,1500,1350,1375,1375,1399,1400,1400,1400,1425,1450,1450,1475,1500,1550,1462.5,1495,1450,1495,1450,1500,1400,1500,1500,1500,1500,1500,1500,1500,1500
"New Haven","CT","New Haven","09","009",54,,,,,,1450,1450,1400,1225,1250,1200,1295,1200,1262.5,1300,1350,1400,1395,1350,1300,1250,1250,1200,1200,1225,1200,1225,1200,1250,1300,1300,1300,1250,1250,1250,1200,1150,1200,1250,1250,1200,1200,1200,1200,1285,1250,1250,1250,1250,1250,1250,1250,1295,1300,1300,1250,1250,1272.5,1295,1300,1297.5,1300,1325,1297,1297.5,1285,1300,1300,1300,1275,1275,1285,1250,1295,1275,1350,1300,1300,1275,1300,1250,1300,1275,1250,1295,1295,1300,1300,1300,1300,1350,1350
"Ventura","CA","Ventura","06","111",55,,,,,,,,,,,,1800,1900,1900,1850,1850,1895,1900,1850,1795,1820,1800,1825,1850,1850,1850,1750,1800,1797.5,1795,1750,1750,1795,1850,1795,1795,1850,1800,1795,1800,1802.5,1895,1750,1900,1995,1995,2100,2000,1995,1995,1995,2000,1997,2000,2000,2050,2050,2100,2100,2100,2150,2200,2200,2200,2200,2250,2250,2197.5,2250,2375,2200,2250,2300,2300,2300,2095,2350,2250,2297.5,2225,2100,2262.5,2250,2200,2220,2300,2350,2400,2357.5,2395,2375,2400
"Middlesex","NJ","New York","34","023",56,,1500,1500,1487,1475,1450,1500,1462.5,1475,1450,1450,1497.5,1500,1500,1472.5,1475,1500,1562.5,1600,1600,1600,1575,1525,1550,1500,1512.5,1500,1525,1550,1600,1600,1650,1600,1600,1600,1650,1600,1650,1650,1675,1650,1650,1650,1650,1650,1650,1650,1650,1650,1650,1650,1682.5,1675,1675,1700,1687.5,1700,1650,1700,1662.5,1650,1650,1650,1700,1700,1700,1700,1670,1650,1675,1650,1700,1700,1700,1700,1750,1750,1800,1725,1750,1800,1675,1700,1750,1750,1750,1750,1800,1800,1800,1800,1750
"Gwinnett","GA","Atlanta","13","135",57,,,,,,,,,,,,,,,,,,,,,,,,,,,,,,,,,,,,,,,,,,,,,,,,,,,,,,,,1150,1000,1025,975,1125,1162.5,1152.5,1292.5,1262.5,1365,1350,1372.5,1350,1379.5,1375,1350,1350,1350,1350,1350,1350,1299,1225,1250,1335,1350,1395,1400,1400,1450,1420,1395,1350,1325,1200,1262.5,1250
"San Francisco","CA","San Francisco","06","075",58,,,,,,,,,2950,3200,3200,3097.5,3167.5,3195,3200,3150,3200,3200,3375,3500,3447.5,3400,3316,3198.5,3300,3437.5,3400,3487.5,3600,3612.5,3482.5,3550,3485,3475,3600,3700,3712.5,3700,3500,3800,3695,3450,3300,3500,3950,3900,3800,3850,3772.5,3800,3825,3995,3900,3995,4000,3995,4195,4100,4400,4337.5,4385,4287.5,4200,4500,4600,4550,4700,4600,4700,4500,4265,4450,4500,4500,4500,4450,4395,4325,4199,4195,4200,3995,4000,4170,4300,4295,4205,4250,4165,4250,4250,4250
"Baltimore","MD","Baltimore","24","005",59,,,,,,,,,1200,1200,1197,1200,1200,1275,1275,1200,1250,1200,1300,1325,1300,1300,1290,1300,1200,1200,1155,1125,1200,1200,1250,1250,1250,1250,1225,1200,1300,1300,1300,1285,1300,1300,1295,1300,1350,1350,1350,1350,1350,1350,1350,1350,1350,1350,1375,1350,1350,1337.5,1300,1300,1325,1350,1350,1350,1397.5,1350,1380,1395,1395,1350,1380,1350,1372.5,1400,1387.5,1350,1395,1350,1400,1400,1397.5,1397.5,1375,1395,1400,1400,1395,1400,1395,1352.5,1375,1400
"El Paso","TX","El Paso","48","141",60,,,,,,,,,,,,,,,,,,,,,,,,,,,,,,895,850,850,850,875,850,797.5,875,900,897.5,875,875,850,795,841,895,950,950,950,950,900,900,950,930,917.5,950,850,837.5,799,799,850,950,977.5,975,925,887.5,887.5,900,900,850,900,895,850,950,900,882.5,962.5,995,897.5,875,850,825,825,825,795,825,800,837.5,850,850,850,850,850
"Montgomery","PA","Philadelphia","42","091",61,,,,,,,,,,,,,1300,1299,1425,1350,1350,1299.5,1350,1297.5,1300,1400,1400,1350,1400,1300,1300,1350,1325,1370,1395,1300,1300,1300,1200,1200,1225,1200,1250,1225,1225,1175,1200,1200,1285,1295,1295,1295,1295,1295,1350,1395,1395,1400,1395,1395,1395,1395,1395,1350,1350,1395,1420,1400,1385,1350,1325,1340,1390,1362.5,1325,1300,1300,1300,1385,1395,1425,1375,1400,1350,1400,1300,1385,1395,1350,1300,1350,1395,1475,1500,1450,1412.5
"Worcester","MA","Worcester","25","027",62,,,,,,,,,,,,,,1175,1050,1125,1250,1200,1222,1200,1250,1212.5,1209,1200,1200,1100,1050,1050,1050,1100,1100,1100,1100,1150,1200,1200,1100,1150,1200,1200,1100,1100,1050,1100,1250,1200,1195,1200,1150,1197.5,1200,1250,1200,1300,1300,1287.5,1300,1300,1260,1200,1200,1200,1200,1200,1212.5,1300,1300,1300,1300,1300,1300,1300,1300,1300,1300,1275,1350,1400,1287.5,1400,1400,1300,1300,1350,1337.5,1325,1350,1300,1325,1400,1400,1400
"Pierce","WA","Seattle","53","053",63,,,,,,,,,,,,,,,,,,,,,,,,,,,,,,,,,,,,,,,,,,,,,,,,,,,,,,,,,,,,,,,,,,,,,,,1250,1195,1250,1270,1250,1360,1395,1250,1250,1200,1250,1300,1300,1237.5,1285,1250,1250,1372.5,1350,1395,1412.5,1395
"Essex","NJ","New York","34","013",64,,,,,,,,,,,,,,,,,,,,,,,,,,,,,,,,,,,,,,,,,,,,,,,,,,,,,,,,,,,,,,,,,,,,,,,,,,,,,,,,1600,1650,1700,1600,1697.5,1750,1800,1825,1837.5,1725,1850,1950,1850
"Collin","TX","Dallas-Fort Worth","48","085",65,,,,,,,,,,,,,,,,,,,,,,,,,,,,,,,,,,,,,,,,,,1235,1076.5,1100,1100,1161.5,1196,1150,1196,1200,1235,1184.5,1099,1077.5,1161.5,1100,1100,1100,1100,1184.5,1200,1196,1135,1184.5,1150,1176.5,1184.5,1222.5,1161.5,1150,1184.5,1100,1100,1100,1198,1150,1100,1196,1125,1049,1050,1100,1099.5,1125,1100,1150,1200,1195.5,1227.5,1242.5,1196,1173
"Essex","MA","Boston","25","009",66,,,,,,,,,,,,,,,,,,,,,,,,1300,1325,1300,1355.5,1437,1450,1400,1450,1500,1500,1500,1517.5,1500,1477,1467.5,1537,1496,1550,1550,1500,1500,1500,1500,1500,1400,1400,1400,1425,1500,1500,1500,1550,1500,1500,1550,1595,1500,1500,1500,1495,1550,1600,1550,1600,1600,1600,1500,1600,1600,1550,1600,1662.5,1500,1550,1500,1600,1700,1700,1650,1650,1700,1700,1800,1795,1800,1800,1800,1800,1800
"Jefferson","KY","Louisville/Jefferson County","21","111",67,,,,,,,,,,,,,,,,,,,,,,,,,,,,,,,,,,,,,,,,,,,,,,,,,,,,,,,,,925,950,1000,1050,1100,1100,1150,1097.5,1100,1050,1000,995,990,950,950,950,1000,997.5,1062.5,950,1040,995,975,1012.5,997,950,924.5,950,1000,1095,1100,1185,1100,1100,1085,1100
"Multnomah","OR","Portland","41","051",68,,,,,,,,,,,,,,,,,,,,,,,1425,1375,1349,1387.5,1317.5,1325,1295,1295,1295,1295,1295,1262.5,1250,1195,1195,1050,1095,1162.5,1195,1100,1150,1250,1395,1412.5,1397.5,1395,1395,1397,1399,1500,1495,1495,1495,1550,1595,1495,1500,1550,1575,1500,1595,1595,1617.5,1595,1745,1700,1650,1600,1650,1695,1650,1650,1692.5,1695,1750,1650,1599,1600,1650,1650,1595,1682.5,1712.5,1650,1650,1700,1750,1700,1695,1700
"Suffolk","MA","Boston","25","025",69,,,,,,,,2100,2135,2100,2200,2137.5,2095,2150,2000,2000,2070,2170,2212.5,2450,2400,2400,2300,2200,2300,2250,2200,2200,2200,2285,2310,2500,2500,2500,2400,2500,2450,2400,2400,2400,2400,2450,2400,2400,2500,2500,2500,2500,2500,2495,2500,2500,2550,2525,2500,2500,2500,2500,2500,2600,2600,2550,2575,2500,2500,2500,2500,2500,2500,2500,2550,2700,2700,2600,2600,2500,2500,2550,2500,2590,2550,2600,2600,2600,2600,2690,2700,2600,2600,2600,2600,2600
"San Mateo","CA","San Francisco","06","081",70,,,,,,,,,,,,,,,,,,,,,,,,,,,,,,,,,1973.5,2000,2247.5,2300,2250,2200,2100,2205,2350,2300,2196,2500,2672.5,2672.5,2800,2825,2750,2700,2800,2800,2800,2825,2900,2950,2800,2795,2875,2825,2995,2999,2995,2950,3125,3225,3200,3200,3300,3200,3200,3200,3000,3250,3462.5,3025,3125,3175,3250,3395,3175,3100,3200,3197.5,2990,3100,3228,3300,3395,3350,3325,3292.5
"Snohomish","WA","Seattle","53","061",71,,,,,,,,,,,,1200,1195,1195,1250,1212.5,1195,1197.5,1195,1095,1095,1072.5,1050,1000,1075,1049.5,1100,1200,1195,1100,1195,1150,1176,1250,1200,1195,1150,1153.5,1150,1130,1200,1175,1195,1295,1322.5,1300,1295,1337,1345,1318.5,1325,1300,1400,1400,1382.5,1450,1395,1395,1400,1425,1395,1375,1400,1425,1395,1450,1500,1550,1500,1607.5,1495,1495,1450,1495,1450,1500,1695,1500,1600,1695,1550,1517.5,1639,1500,1700,1695,1662.5,1950,1800,1800,1825,1750
"Lake","IL","Chicago","17","097",72,,,,,,,,,,,,1100,1250,1300,1295,1312.5,1300,1395,1395,1275,1250,1210,1200,1200,1262.5,1237.5,1225,1200,1250,1200,1225,1325,1250,1182.5,1150,1200,1275,1250,1275,1250,1195,1187,1237,1249.5,1300,1275,1280,1300,1350,1300,1320,1350,1300,1350,1350,1349.5,1325,1295,1299.5,1298,1295,1300,1297,1300,1385,1325,1362.5,1300,1350,1462.5,1350,1325,1350,1400,1375,1385,1350,1382.5,1295,1350,1295,1300,1295,1275,1425,1425,1425,1425,1450,1425,1425,1400
"Dekalb","GA","Atlanta","13","089",73,,995,995,992.5,975,950,900,950,950,995,955,900,900,900,895,975,925,950,975,950,950,950,925,900,930,895,875,895,900,850,887,900,950,950,922.5,933,950,950,1000,950,900,900,950,975,850,850,872.5,850,850,850,875,875,850,950,925,885,900,950,895,960,1000,950,995,999.5,1055,1000,1000,1025,1000,1050,1022.5,995,1000,1062.5,1050,1050,1025,1000,1050,1062.5,1070,1000,1025,1100,1150,1150,1200,1200,1222.5,1225,1197.5,1190
"Cobb","GA","Atlanta","13","067",74,,950,949,1000,995,1000,950,950,950,950,999,1000,995,1000,995,962.5,975,997,975,950,980,950,977.5,975,950,900,875,950,925,900,950,900,950,995,995,995,1000,1100,1055,1025,1033.5,1000,950,995,1000,1000,1000,1000,1000,1000,995,1000,995,1000,1030,1000,1075,1022.5,1050,1100,1100,1100,1200,1200,1214.5,1225,1200,1200,1200,1250,1200,1200,1200,1150,1185,1100,1112.5,1115,1100,1185,1200,1197,1195,1195,1169,1197.5,1250,1250,1250,1250,1200,1200
"Jackson","MO","Kansas City","29","095",75,,,,,,,,,,,,,,,,,,,,,,,,,,,,,,,,,,,,,,,,,,,,,,,,,,,,,,,,,,,,,,,,,900,962.5,975,995,975,975,975,975,950,950,950,962.5,950,875,945,925,975,900,1025,995,1095,1100,1100,1250,1190,1100,1212.5,1237.5
"Norfolk","MA","Boston","25","021",76,,,,,,,,,,,,,,,,,,,,,,,,,,,,,,,,,,,,,2400,2237,2270,2200,2275,2250,2200,2250,2250,2200,2250,2300,2300,2300,2347.5,2412.5,2500,2500,2400,2300,2200,2250,2300,2500,2500,2450,2400,2450,2532.5,2500,2500,2500,2450,2400,2500,2697.5,2700,2600,2500,2450,2500,2500,2400,2400,2345,2450,2450,2500,2600,2500,2500,2597.5,2500,2600,2550,2400
"Denton","TX","Dallas-Fort Worth","48","121",77,,,,,,,,,,,,,,,,,,,,,,,,,,950,930,910,950,818,895,963,855,789.5,807.5,827,950,950,950,956.5,1054,1000,975,934.5,932.5,932.5,1020,1052.5,1010,1005,990,1045,1037.5,1010,1020,1020,1020,1025,1025,930,1010,1045,1050,1077.5,1052.5,1045,1077.5,1037.5,1030,1010,1045,1095,1052.5,1060,1060,1095,1099.5,1077.5,1052.5,1050,1045,1052.5,1037.5,1060,1045,1055,1099,1135,1130,1125,1150,1145
"Bernalillo","NM","Albuquerque","35","001",78,,,,,,,,,,,,,,,,,,,,,,,,,,,,705,800,720,720,730,717.5,715,707.5,720,715,704.5,723.5,750,718,685,700,825,925,895,900,935,995,995,995,895,937.5,950,950,925,937.5,985,897.5,975,950,948.5,950,990,995,976,950,925,945,905,895,950,975,1000,962.5,995,1000,1000,995,1022.5,900,907.5,950,965,1000,1000,975,995,1000,985,997.5,975
"Jefferson","AL","Birmingham","01","073",79,,,,,,,,,,,,,,,,,,,,,,,,,,,,,,,,,,,,,,,,,,,,,,,,,,,,,,,,,1095,1000,1012.5,997,980,1000,1000,1075,1095,1100,1037.5,1150,1200,1125,1175,1225,1112.5,1000,1025,1100,1050,1075,895,1012.5,900,1000,1100,1000,1097.5,1037.5,1095,1095,1100,1095,1150,1177.5
"Hudson","NJ","New York","34","017",80,,,,,,,,2050,2100,2200,2200,2195,2100,2000,2000,2100,2200,2150,2200,2200,2200,2250,2200,2200,2100,2100,2200,2350,2362.5,2300,2300,2300,2300,2200,2000,1950,1975,2000,2000,2162.5,2200,2200,2150,2150,2350,2300,2300,2250,2200,2200,2250,2375,2400,2400,2400,2400,2362.5,2300,2300,2300,2300,2350,2400,2400,2475,2462.5,2450,2500,2550,2450,2450,2500,2450,2400,2400,2300,2350,2350,2400,2400,2275,2350,2300,2400,2400,2400,2400,2450,2500,2450,2450,2400
"Monmouth","NJ","New York","34","025",81,,,,,,,,,,1725,1775,1599.5,1650,1650,1662.5,1800,1799,1750,1650,1650,1650,1650,1650,1700,1700,1700,1750,1750,1800,1700,1700,1650,1625,1700,1700,1800,1800,1800,1850,1850,1850,1800,1685,1650,1700,1700,1750,1750,1800,1800,1800,1850,1800,1750,1800,1787.5,1800,1750,1750,1799.5,1800,1750,1800,1800,1800,1800,1800,1800,1775,1800,1800,1850,1900,1900,1875,1800,1850,1750,1750,1700,1800,1800,1750,1800,1900,1900,1900,1950,1990,1900,1800,1800
"Davidson","TN","Nashville","47","037",82,,,,,,,,,,,,,,,,,,,,,,,,,,,,,,,,,,,,,,,,,,,,,,,,,,,,,,,,1500,1412.5,1400,1475,1450,1500,1450,1495,1495,1495,1550,1595,1500,1500,1537.5,1500,1550,1550,1500,1500,1550,1600,1550,1575,1500,1500,1500,1497,1495,1500,1595,1595,1600,1600,1600,1500,1510
"Providence","RI","Providence","44","007",83,,,,,,,,,,,,,,,,,,,,,,,,,,,,,,,,,,,,,,,,,,,,,,,,1200,1200,1200,1250,1250,1250,1247.5,1250,1250,1299.5,1275,1250,1250,1250,1262.5,1300,1350,1350,1300,1297.5,1300,1300,1300,1337.5,1350,1350,1350,1300,1350,1362.5,1350,1300,1400,1375,1350,1300,1300,1395,1400,1550,1400,1400,1500,1550,1450
"Bucks","PA","Philadelphia","42","017",84,,,,,,,,,,,,,,,,1400,1400,1375,1387.5,1350,1400,1387.5,1400,1400,1400,1400,1400,1497.5,1400,1450,1450,1400,1400,1450,1400,1450,1400,1450,1412.5,1425,1395,1300,1300,1350,1390,1370,1350,1350,1350,1350,1350,1350,1355,1375,1395,1395,1375,1375,1367.5,1400,1400,1375,1360,1367.5,1360,1375,1375,1355,1367.5,1350,1350,1350,1350,1367.5,1400,1367.5,1487.5,1462.5,1400,1497.5,1450,1400,1400,1450,1400,1470,1400,1449,1475,1450,1450,1475
"El Paso","CO","Colorado Springs","08","041",85,,,,,,,,,,,,,,,,,950,950,950,950,895,895,900,900,900,885,895,900,900,900,897.5,900,895,895,899.5,900,900,825,900,900,895,850,850,895,950,950,950,950,950,950,950,975,975,950,950,975,950,950,960,980,975,975,995,975,995,995,995,950,990,960,950,1025,1050,1050,1000,1000,1050,1095,1085,1050,1000,1072.5,1050,1102.5,1100,1125,1150,1195,1200,1190,1197.5,1185
"Baltimore City","MD","Baltimore","24","510",86,,,,,,,,,,,,,,,,,,,,,,,,,,,,,,,,,,,,,,,,,,,,,,,,,,,,,,,,1700,1650,1600,1600,1600,1550,1600,1600,1700,1667.5,1695,1700,1700,1699.5,1600,1695,1800,1800,1800,1850,1750,1695,1700,1672.5,1695,1695,1695,1800,1700,1750,1750,1750,1800,1750,1750,1700,1699.5
"Kent","MI","Grand Rapids","26","081",87,,,,,,,,,,,,,,,,,,,,,,,,,,,,,,,,,,,,,,,,,,,,,,,,,,,,,,,,,,,1400,1450,1475,1550,1530,1300,1250,1250,1400,1315,1250,1350,1400,1425,1325,1375,1500,1350,1525,1500,1350,1300,1295,1300,1200,1375,1497.5,1500,1650,1450,1425,1595,1450,1450
"Polk","FL","Lakeland","12","105",88,,,,,,,,,,,,,,,,,,,,,,,,,,,,,,,,,,,,,,,,,,,,,,,,,,,,,,,,,,,,,,,,,,,,,,,,925,900,927.5,925,995,950,900,865,900,962.5,950,899.5,950,975,1050,995,962.5,997.5,985,1000,975
"District of Columbia","DC","Washington","11","001",89,,,,,,,,2180,2295,2163,2295,2400,2295,2200,2250,2200,2175,2225,2225,2333.5,2385,2400,2200,2200,2200,2350,2350,2295,2300,2200,2100,2290,2300,2300,2300,2300,2411,2425,2300,2200,2275,2300,2300,2295,2200,2275,2275,2250,2299.5,2275,2250,2275,2300,2300,2385,2337.5,2295,2250,2200,2299.5,2300,2350,2300,2300,2300,2300,2300,2375,2300,2300,2300,2375,2400,2350,2300,2350,2395,2350,2395,2400,2300,2300,2400,2300,2300,2300,2300,2395,2400,2400,2400,2350
"Denver","CO","Denver","08","031",90,,,,,,,,,,,,,,,,,,,,,,,,,,,,,,,,,,,,,,,,,,,,,,1700,1750,1785,1650,1597.5,1550,1600,1750,1700,1700,1707.5,1762.5,1860,1850,1750,1750,1795,1795,1750,1700,1795,1850,1800,1750,1695,1750,1750,1750,1795,1800,1750,1700,1695,1712.5,1600,1650,1650,1500,1600,1612.5,1650,1699.5,1700,1700,1700,1700,1700
"Fort Bend","TX","Houston","48","157",91,,,,,,,,,,,,,,,,,,,,,,,,,,,,,,,,,,,,,,,,,,,,,,,,,,,,,,,,,,,,,,,,1417.5,1187.5,1160,1100,1100,1200,1152.5,1152.5,1145,1222.5,1207,1160,1065,1100,1100,1082.5,1065,1065,1145,1065,1155,1230,1187.5,1122.5,1065,1065,1082.5,1065,1061.5
"Ocean","NJ","New York","34","029",92,,,,,,,,,,,,,,,,,,,,,,1187.5,1100,1200,1250,1250,1300,1200,1200,1250,1250,1250,1295,1300,1375,1350,1350,1300,1300,1425,1450,1462.5,1410,1500,1475,1425,1400,1400,1350,1400,1400,1400,1400,1500,1500,1400,1400,1400,1362.5,1387.5,1400,1500,1500,1550,1550,1500,1500,1500,1450,1475,1500,1500,1500,1500,1525,1500,1650,1500,1500,1500,1450,1500,1500,1500,1500,1500,1500,1550,1600,1600,1550,1500
"Arapahoe","CO","Denver","08","005",93,,,,,,,,,,,,900,985,1095,995,950,900,897,895,910,950,900,945,950,950,950,950,950,945,937.5,900,995,995,1000,1000,995,1000,1090,1095,1095,1075,995,1050,1062.5,1130,1095,1095,1095,1095,1099,1099.5,1200,1200,1199,1195,1195,1195,1199,1200,1195,1200,1295,1295,1295,1300,1350,1350,1350,1350,1300,1300,1350,1395,1390,1375,1395,1350,1350,1350,1300,1350,1300,1350,1350,1375,1400,1395,1375,1400,1415,1445,1450
"Delaware","PA","Philadelphia","42","045",94,,,,,,,,,,,,,,,,,,,,,,,,,,1125,1200,1200,1200,1200,1172.5,1100,1000,1000,937.5,845,800,875,925,975,950,950,900,950,1025,1050,1050,1025,1037.5,1100,1100,1100,1187.5,1200,1200,1200,1187.5,1200,1200,1200,1200,1200,1200,1250,1200,1200,1180,1200,1150,1150,1200,1200,1200,1200,1200,1137.5,1200,1200,1150,1250,1150,1200,1225,1250,1200,1150,1150,1200,1200,1250,1250,1250
"Bristol","MA","Providence","25","005",95,,,,,,,,,,,,,,,,,,,,,,,,,,,,,,,,,,,,,,,,,,,,,,,,,,,,,,,,,,,,,,,,,,,,,,,,,,,,,,,,,1300,1375,1350,1325,1350,1475,1375,1475,1500,1500,1500,1500
"Brevard","FL","Melbourne","12","009",96,,,,,,,1150,1000,950,900,950,900,900,895,937.5,900,900,895,900,900,900,900,900,875,900,900,925,950,925,975,975,1000,995,1000,995,975,995,975,975,935,925,1000,995,1012.5,1100,1100,1050,990,1000,1000,1000,1000,1025,1100,1050,1100,1150,1150,1150,1212.5,1150,1185,1200,1200,1225,1150,1150,1200,1300,1250,1250,1250,1400,1372.5,1350,1325,1200,1250,1200,1187.5,1150,1300,1300,1150,1200,1300,1300,1400,1400,1400,1400,1500
"New Castle","DE","Philadelphia","10","003",97,,,,,,,,,,,,,,,,,,,,,,,,,,,,,,,,,,,,,,,,,,,,,,,,,,,,,,,,,,,,,,,,,,,,,,,,,,,,,,,1300,1285,1200,1100,1200,1200,1200,1200,1200,1200,1195,1200,1237.5,1250
"Anne Arundel","MD","Baltimore","24","003",98,,,,,,,,,,,1495,1500,1600,1575,1650,1550,1500,1600,1595,1550,1572.5,1525,1495,1500,1512.5,1525,1537.5,1550,1557.5,1575,1600,1595,1500,1525,1475,1537.5,1575,1600,1595,1550,1550,1550,1650,1600,1575,1585,1550,1585,1600,1600,1599,1650,1625,1650,1650,1650,1600,1575,1585,1600,1575,1595,1600,1650,1650,1650,1600,1600,1595,1595,1600,1600,1600,1600,1595,1600,1670,1640,1600,1600,1500,1550,1595,1575,1600,1600,1650,1600,1650,1600,1600,1600
"Union","NJ","New York","34","039",99,,,,,,,,,,,,,,,,,,,,,,,,,,,,,,,,,,,,,,,,,,,,,,,,,,,,,,,,,,,,,,,,,,,,,,,,,,,,,,,,2000,1850,1900,1925,1862.5,2000,1862.5,1795,1800,1800,1860,1950,1962.5
"Jefferson","CO","Denver","08","059",100,,,,,,,,,,,,,,,,,995,945,895,885,925,975,895,899,900,895,900,895,950,925,897.5,979,975,1050,1045,1000,1000,962.5,977.5,1000,1025,995,995,999,1050,990,995,995,995,1050,1095,1095,1100,1100,1150,1197,1200,1150,1150,1195,1150,1200,1200,1200,1350,1300,1300,1375,1375,1195,1300,1295,1295,1370.5,1325,1400,1350,1300,1350,1350,1350,1335,1350,1350,1350,1350,1385,1399,1400,1400,1400,1400
"Washington","OR","Portland","41","067",101,,,,,,,,,,,,,997.5,995,1000,1100,1100,1095,1000,995,995,1050,995,1062.5,1072.5,995,1095,1050,1095,1050,1010,1045,1050,1025,1095,1050,975,927.5,945,995,1035,995,1005,1095,1162.5,1172.5,1195,1145,1125,1150,1150,1100,1200,1195,1195,1195,1195,1195,1195,1172.5,1172.5,1250,1250,1295,1295,1295,1350,1372.5,1395,1312.5,1295,1300,1295,1295,1225,1295,1295,1395,1450,1400,1395,1295,1300,1395,1395,1395,1395,1435,1435,1495,1495,1495
"Kane","IL","Chicago","17","089",102,,,,,,,,,,,,,,,,,,1275,1300,1262.5,1250,1250,1297.5,1295,1375,1362.5,1200,1197.5,1237.5,1397.5,1300,1262.5,1212.5,1250,1150,1150,1100,1100,1200,1200,1200,1200,1200,1224.5,1325,1250,1225,1250,1250,1250,1250,1277.5,1299.5,1297.5,1295,1295,1272.5,1250,1249.5,1300,1325,1300,1400,1450,1425,1300,1350,1312.5,1285,1397.5,1350,1350,1350,1375,1397.5,1250,1375,1295,1250,1250,1400,1275,1250,1250,1275,1300,1300,1400,1500,1525,1400,1400
"Camden","NJ","Philadelphia","34","007",103,,,,,,,,,,,,,,,,,,,,,,,,,,,,,1225,1200,1200,1250,1212.5,1200,1200,1200,1200,1200,1100,1118.5,1143.5,1075,1100,1150,1250,1285,1250,1250,1250,1275,1300,1300,1300,1300,1292.5,1295,1300,1300,1300,1200,1200,1200,1295,1272.5,1300,1272.5,1300,1250,1212.5,1300,1300,1400,1400,1350,1285,1300,1237.5,1250,1250,1300,1287.5,1300,1300,1375,1300,1300,1300,1350,1387.5,1400,1400,1399
"Chester","PA","Philadelphia","42","029",104,,,,,,,,,,,,,,,,,,,,,,,,,,,,1325,1387.5,1225,1295,1300,1350,1300,1350,1300,1200,1225,1295,1172.5,1250,1262.5,1312.5,1275,1287.5,1487.5,1450,1425,1400,1400,1400,1350,1450,1400,1462.5,1450,1400,1400,1425,1390,1450,1500,1490,1475,1450,1500,1500,1475,1475,1500,1500,1475,1462.5,1400,1450,1500,1400,1475,1300,1450,1262.5,1440,1350,1450,1400,1432.5,1455,1500,1500,1500,1472.5,1450
"Plymouth","MA","Boston","25","023",105,,,,,,,,,,,,,,,,,,,,,,,,,,,,,,,,,,,,,,,,,,,,,,1500,1500,1500,1500,1500,1500,1400,1500,1500,1500,1400,1475,1600,1525,1400,1400,1425,1400,1500,1500,1600,1700,1725,1700,1687.5,1650,1600,1600,1700,1700,1600,1500,1550,1600,1500,1600,1600,1600,1600,1775,1800,1700,1700,1800,1650,1600,1675
"Morris","NJ","New York","34","027",106,,,,,,,,,,,,,,,,,,,2002.5,2150,2100,1997.5,1750,1895,1900,1850,1850,1900,1925,1950,1875,1800,1950,2000,1900,1780,1800,1800,1850,1900,1850,1975,1950,1900,2000,2200,2200,2100,2050,2100,2000,2200,2149.5,2250,2175,2100,2175,2195,2100,2150,2200,2275,2262.5,2200,2100,2000,2150,2300,2300,2300,2225,2125,2200,2200,2200,2200,2100,2050,2285,2200,2300,2100,2150,2100,2012.5,2200,2237.5,2200,2200,2200,2300,2200
"Guilford","NC",,"37","081",107,,,,,,,,,,,,,,,,,,,785,812.5,800,800,795,775,750,750,762.5,795,775,737.5,750,790,762.5,750,750,749.5,750,697.5,700,700,634,675,715,775,795,767.5,760,790,795,795,795,850,835,800,800,800,825,800,795,795,775,800,850,825,875,825,850,825,825,850,825,825,800,825,800,795,832.5,825,850,825,845,850,795,795,795,795,825,825,800,800,812.5,790
"Sonoma","CA","Santa Rosa","06","097",108,,,,,,,,,,,,1512.5,1495,1450,1450,1400,1350,1495,1475,1400,1400,1400,1350,1395,1337.5,1450,1337.5,1400,1375,1400,1385,1545,1450,1487.5,1462.5,1450,1395,1430,1450,1450,1400,1300,1395,1400,1597.5,1500,1550,1650,1600,1600,1600,1612.5,1650,1600,1600,1750,1725,1685,1700,1800,1887.5,1825,1750,1850,1800,1825,1950,1950,1837.5,1950,2050,2000,1950,1950,1850,1875,1950,1950,1950,1900,1850,2000,1950,2125,2150,2100,2100,2000,2200,2150,2100,2100
"Pasco","FL","Tampa","12","101",109,,,,,,,,,,,,,,,,,,,,,,,,,,,,,,,,,,,,,,,,,,,,,,,,,,,,,,,,,,,,,,,,,,,,,,,,800,850,825,850,895,900,850,875,872.5,875,895,862,895,925,950,897.5,900,900,900,925,950
"Montgomery","TX","Houston","48","339",110,,,,,,,,,,,,,,,,,,,,,,,,,,,,,,,,,,,,,,,,,,,,,,,,,,,,,,,,,,,,,,,,1350,1300,1250,1275,1200,1200,1200,1200,1200,1200,1200,1135,1140,1197.5,1109.5,1162.5,1129,1120,1200,1040,1135,1146,1200,1225,1250,1200,1200,1250,1245
"Burlington","NJ","Philadelphia","34","005",111,,,,,,,1500,1425,1300,1299.5,1295,1300,1300,1270,1265,1325,1350,1400,1350,1325,1350,1250,1200,1250,1300,1300,1287.5,1350,1350,1362.5,1350,1350,1350,1350,1375,1312.5,1300,1297.5,1350,1272.5,1280,1262.5,1250,1300,1350,1325,1312.5,1350,1350,1350,1350,1400,1377.5,1450,1400,1400,1400,1400,1450,1450,1350,1300,1300,1400,1450,1400,1400,1400,1375,1350,1350,1350,1300,1300,1300,1350,1350,1375,1400,1362.5,1412.5,1350,1300,1350,1350,1350,1395,1400,1400,1400,1400,1350
"Adams","CO","Denver","08","001",112,,,,,,,,,,,,,,,,,,1050,1072.5,1000,1147.5,1050,995,1050,1085,1085,995,1040,1022.5,1098.5,1050,1100,1050,1025,1049,1100,1150,1050,1030,995,940,1050,1095,1175,1100,1195,1200,1197.5,1250,1200,1225,1200,1200,1200,1237.5,1200,1200,1200,1225,1212.5,1200,1237.5,1237.5,1250,1250,1295,1250,1250,1250,1250,1250,1312.5,1325,1350,1262.5,1295,1372.5,1295,1295,1325,1445,1395,1297.5,1400,1250,1375,1400,1447.5,1495,1500,1450,1512.5
"Virginia Beach City","VA","Virginia Beach","51","810",113,1185,1175,1275,1250,1297.5,1300,1272.5,1250,1295,1250,1295,1300,1295,1295,1300,1310,1350,1310,1300,1375,1300,1350,1300,1320,1300,1295,1295,1300,1395,1325,1300,1295,1295,1295,1295,1300,1300,1300,1350,1300,1298,1290,1299,1300,1300,1300,1300,1300,1312.5,1300,1300,1300,1300,1300,1300,1300,1300,1295,1325,1350,1300,1300,1300,1350,1350,1350,1350,1350,1350,1350,1350,1350,1350,1395,1400,1400,1370,1350,1385,1397.5,1350,1350,1350,1350,1350,1350,1350,1350,1350,1350,1350,1400
"Seminole","FL","Orlando","12","117",114,,,,,,,,,,,,775,775,790,795,795,800,800,800,795,800,795,800,795,795,795,800,800,825,825,825,825,820,800,800,825,850,850,850,860,850,850,850,850,850,850,850,850,875,875,875,875,890,895,900,895,900,899,900,925,900,925,925,925,925,950,950,975,957.5,995,947.5,950,975,977.5,970,925,950,925,995,975,950,995,975,995,1025,995,1000,1025,1075,1050,1095,1085
"Solano","CA","Vallejo","06","095",115,,,,,,,,,,,,,,,,,,,,,,,,,,,,,,,,,,,,,,,,,,,,,,,,,,,,,,,,,,,,,,,,,,,,,,,,,,,,,,,1500,1475,1437.5,1487,1550,1600,1650,1750,1650,1650,1600,1650,1700,1695
"Prince William","VA","Washington","51","153",116,,,,,,,,,,,,,,,,,,,,,,,,,,,,,1700,1650,1650,1600,1502.5,1505,1590,1585,1600,1600,1695,1700,1705,1685,1597.5,1695,1600,1600,1475,1595,1597.5,1525,1512.5,1675,1700,1700,1695,1695,1600,1587.5,1600,1700,1700,1700,1725,1750,1700,1600,1696,1600,1650,1500,1550,1600,1650,1695,1700,1600,1750,1700,1575,1700,1700,1725,1700,1675,1700,1700,1745,1797.5,1850,1800,1800,1795
"Hillsborough","NH","Manchester","33","011",117,,,,,,,,,,,,,,,,,939,1000,1100,1225,1195,1147.5,1050,990,1037.5,1072.5,995,1087,1175,1100,1175,1147.5,1200,1200,1147.5,1050,1147.5,1100,1100,1100,1150,1097,1069,1097,1275,1265,1250,1250,1250,1250,1250,1225,1275,1295,1250,1300,1250,1225,1250,1250,1250,1297.5,1250,1300,1350,1350,1350,1300,1350,1300,1397.5,1375,1395,1300,1300,1300,1475,1400,1362.5,1400,1325,1375,1400,1350,1300,1300,1310.5,1495,1450,1395,1395,1300
"Richland","SC","Columbia","45","079",118,,,,,,,,,,,,,,,,,,,,,,,,,,,,,,,,,,,,,,,,,,,,,,,,,,,,,,802.5,850,825,885,850,865,862.5,895,950,962.5,995,950,950,850,800,850,895,850,882.5,900,900,900,897.5,800,900,850,750,797.5,795,800,795,850,875,850,850,850,850,800,850
"Orange","NY","New York","36","071",119,,,,,,,,,,,,,1200,1175,1150,1200,1300,1375,1400,1497.5,1325,1300,1312.5,1275,1250,1300,1350,1243,1250,1300,1425,1450,1400,1350,1250,1236,1300,1200,1200,1272.5,1200,1295,1272.5,1350,1450,1400,1450,1425,1400,1300,1325,1400,1400,1497.5,1497.5,1400,1462.5,1400,1425,1400,1350,1375,1462.5,1500,1450,1500,1500,1450,1500,1500,1500,1500,1450,1500,1500,1587.5,1550,1462.5,1497.5,1600,1500,1500,1550,1525,1600,1550,1500,1550,1592.5,1550,1572.5,1600
"Mercer","NJ","Trenton","34","021",120,,,,,,,,,,,,,,,,,,,,,,,,,,1587.5,1600,1550,1600,1625,1600,1697.5,1700,1560,1650,1600,1600,1600,1562.5,1600,1587.5,1550,1550,1650,1695,1600,1600,1600,1600,1650,1700,1685,1697.5,1700,1737.5,1700,1650,1650,1650,1650,1637.5,1612.5,1637.5,1650,1697.5,1700,1650,1600,1600,1650,1697.5,1600,1600,1700,1700,1750,1750,1600,1650,1600,1625,1600,1600,1650,1650,1650,1687.5,1700,1700,1750,1700,1700
"Forsyth","NC","Winston-Salem","37","067",121,,,,,,,,,,,,650,645,650,675,685,650,695,750,697,695,695,685,675,675,650,650,637.5,700,737.5,775,775,775,795,795,750,750,710,725,750,695,695,700,750,760,785,775,750,750,750,750,795,795,775,777.5,775,775,775,764,775,750,770,775,775,775,770,800,795,775,817,785,785,750,795,785,792.5,800,800,800,800,800,750,800,825,800,825,850,875,845,875,850,820
"Charleston","SC","Charleston","45","019",122,,,,,,,,,1025,1000,1072.5,1100,1100,1072.5,1100,1187.5,1125,1112.5,1200,1150,1195,1200,1187.5,1100,1125,1150,1150,1122.5,1200,1225,1197.5,1175,1200,1200,1175,1200,1225,1162.5,1150,1175,1200,1197.5,1250,1250,1250,1250,1250,1300,1300,1300,1250,1245,1300,1300,1300,1300,1300,1350,1312.5,1350,1400,1400,1362.5,1350,1395,1400,1400,1400,1400,1382.5,1350,1400,1425,1400,1400,1450,1425,1497.5,1400,1385,1450,1495,1385,1495,1495,1495,1475,1500,1485,1500,1495,1450
"Washtenaw","MI","Ann Arbor","26","161",123,,,,,,,,,,,,,1250,1300,1200,1275,1225,1225,1250,1300,1250,1255,1210,1200,1242.5,1150,1200,1075,1200,1200,1250,1300,1275,1250,1260,1300,1300,1300,1272,1350,1400,1400,1450,1500,1400,1422.5,1400,1400,1400,1400,1400,1500,1500,1500,1450,1450,1450,1400,1400,1450,1450,1495,1445,1500,1575,1500,1500,1450,1450,1400,1450,1450,1500,1500,1500,1500,1532.5,1524.5,1600,1550,1500,1500,1600,1650,1650,1600,1550,1600,1695,1650,1600,1600
"Nueces","TX","Corpus Christi","48","355",124,,,,,,,,,,,,,,,,,,,,,,,,,,,,,,,,,,,,,,,,,,,,,,,,,,,,,,,,1475,1400,1472.5,1300,1325,1500,1575,1500,1500,1500,1300,1272.5,1300,1395,1350,1400,1400,1400,1400,1400,1400,1300,1500,1337.5,1350,1500,1350,1200,1300,1350,1287.5,1300,1300,1250,1300,1400,1395
"Somerset","NJ","New York","34","035",125,,,,,,,,,,,,1900,1800,1762.5,1750,1775,1785,1800,1825,1797.5,1750,1695,1700,1700,1700,1700,1750,1750,1750,1850,1800,1750,1750,1750,1750,1700,1700,1700,1775,1750,1750,1782.5,1750,1750,1750,1750,1800,1800,1795,1800,1800,1850,1850,1850,1850,1850,1800,1800,1787.5,1795,1812.5,1800,1825,1850,1837.5,1850,1850,1825,1850,1900,1850,1850,1850,1850,1800,1800,1900,1900,1812.5,1900,1800,1850,1850,1900,1900,1900,1875,1950,1950,1899,1860,1850
"Cumberland","NC","Fayetteville","37","051",126,,,,,,,,,,,,,795,850,797.5,795,800,790,790,775,775,795,757.5,750,725,750,775,750,750,750,775,750,750,750,750,799,799,847.5,850,800,800,799.5,789,750,750,750,750,750,750,750,695,690,725,725,725,725,725,725,750,750,725,750,750,750,775,750,750,750,750,750,750,750,750,750,775,785,795,797,799,795,795,725,750,737.5,750,795,795,795,750,775,750,750
"Loudoun","VA","Washington","51","107",127,,,,,,,,,,,,1450,1475,1437.5,1550,1600,1550,1595,1525,1500,1495,1450,1450,1500,1495,1400,1450,1525,1595,1625,1595,1550,1585,1595,1634,1650,1565,1600,1604,1600,1650,1650,1650,1600,1597.5,1600,1650,1699,1685,1695,1662.5,1650,1700,1712.5,1750,1694.5,1627.5,1650,1650,1650,1650,1675,1700,1700,1700,1700,1750,1650,1650,1650,1690,1680,1695,1700,1700,1750,1695,1674.5,1695,1700,1672.5,1650,1695,1685,1750,1800,1797.5,1700,1750,1800,1800,1800
"McHenry","IL","Chicago","17","111",128,,,,,,,,,,,,,,,,,1100,1150,1125,1150,1100,974,925,937.5,1050,1000,950,1037.5,1000,1050,1000,1000,1000,1000,979.5,1000,1050,1050,1050,1050,1095,1050,1100,1050,1050,1150,1150,1100,1100,1100,1200,1295,1295,1250,1250,1250,1200,1200,1200,1225,1250,1150,1150,1100,1125,1200,1250,1250,1300,1300,1212.5,1222.5,1300,1300,1287,1350,1250,1200,1137.5,1225,1150,1175,1175,1100,1212.5,1237.5,1277.5,1250,1299,1250,1200,1150
"Larimer","CO","Fort Collins","08","069",129,,,,,,,,,,,,,,,,,,,,,,,,,,,,,,,,,,,,,,,,,,,,,,,,,,,,,,,,,,,,,,,1137.5,1195,1295,1195,1200,1275,1295,1250,1225,1250,1350,1350,1250,1237.5,1295,1295,1250,1250,1250,1250,1285,1300,1300,1300,1325,1300,1300,1325,1295,1295
"Dutchess","NY","New York","36","027",130,,,,,,,,,,,,,,,,,,,,,,,,,,,,,,,,,,,,,,,1500,1500,1475,1500,1462.5,1462.5,1450,1400,1337.5,1450,1500,1599,1574.5,1500,1500,1550,1500,1500,1500,1500,1550,1525,1550,1599,1525,1500,1500,1550,1500,1525,1500,1600,1625,1600,1599.5,1650,1600,1600,1600,1587,1574.5,1525,1450,1400,1599.5,1550,1575,1587,1500,1500,1500,1500,1500,1500
"Fayette","KY","Lexington","21","067",131,,,,,,,,,,,,,,,,,,,,,,,,,,,,,,,,1050,990,922.5,790,762.5,712.5,725,700,725,775,883.5,950,967.5,850,799,795,799.5,900,851,851,857.5,950,999.5,900,900,850,972.5,997,880,950,950,1100,1100,975,1000,950,975,925,937.5,950,990,995,995,950,1000,995,1055,997.5,875,995,995,950,1050,1050,1049,1050,1095,1072.5,1050,1100,1000
"Boulder","CO","Boulder","08","013",132,,,,,,,,,,,,,,,,,,,,,,,,,,,,,,,,1695,1695,1695,1695,1500,1450,1592.5,1545,1498,1400,1400,1497,1500,1600,1600,1450,1500,1500,1500,1500,1550,1500,1487.5,1525,1600,1600,1545,1600,1625,1650,1620,1595,1500,1549,1600,1695,1700,1750,1633,1675,1750,1700,1750,1750,1750,1700,1650,1662.5,1575,1600,1650,1637.5,1650,1695,1695,1650,1650,1600,1600,1600,1650
"Anchorage","AK","Anchorage","02","020",133,,,,,,,,,,,,,,,,,,,,,,,,1595,1500,1397.5,1350,1475,1500,1600,1500,1500,1500,1595,1500,1580,1625,1595,1600,1400,1367.5,1590,1500,1600,1700,1650,1560,1597.5,1595,1590,1597.5,1670,1750,1745,1597.5,1650,1600,1600,1600,1665,1600,1650,1650,1650,1700,1650,1600,1597.5,1595,1600,1600,1600,1650,1600,1650,1600,1600,1500,1595,1500,1500,1462.5,1437.5,1485,1355,1350,1450,1400,1400,1435,1485,1450
"Gloucester","NJ","Philadelphia","34","015",134,,,,,,,,,,,,,,,,,,,,,,,,,,,,,,,,,,,,,,,,,,,,,,1250,1295,1300,1300,1300,1300,1250,1250,1297.5,1275,1250,1350,1275,1300,1300,1250,1250,1262.5,1250,1250,1250,1300,1350,1300,1300,1300,1275,1250,1250,1250,1300,1287.5,1350,1350,1300,1300,1250,1300,1250,1250,1275,1350,1350,1300,1300,1350,1350
"Howard","MD","Baltimore","24","027",135,,,,,,,,,,,,,,,,,1425,1400,1375,1485,1500,1497.5,1495,1400,1437.5,1400,1440,1500,1500,1400,1527.5,1500,1495,1495,1550,1500,1500,1500,1500,1495,1472.5,1500,1600,1550,1530,1550,1595,1550,1550,1550,1500,1500,1600,1600,1650,1600,1595,1600,1587.5,1577.5,1550,1500,1550,1550,1595,1600,1600,1595,1550,1547.5,1595,1595,1595,1550,1585,1600,1600,1600,1575,1595,1595,1600,1600,1500,1550,1567.5,1595,1595,1600,1600,1597,1600
"Douglas","CO","Denver","08","035",136,,,,,,,,,,,,,,,,,,,,,,,,,,1210,1150,1150,1150,1295,1295,1322.5,1295,1295,1299.5,1450,1450,1350,1350,1372.5,1500,1450,1450,1400,1450,1425,1450,1490,1585,1585,1575,1450,1595,1525,1550,1650,1627.5,1400,1450,1495,1500,1735,1695,1637.5,1650,1687.5,1735,1725,1595,1600,1662.5,1712.5,1600,1650,1600,1700,1732,1700,1597.5,1650,1700,1590,1600,1600,1695,1625,1675,1697.5,1600,1712.5,1772.5,1700
"Leon","FL","Tallahassee","12","073",137,,,,,,,,,,,,,,830,900,850,900,950,895,895,897.5,900,850,800,800,800,800,787.5,807.5,800,787.5,750,790,800,750,770,800,850,900,850,850,787.5,730,797,895,850,850,900,925,950,950,950,950,950,900,900,900,900,900,900,895,955,950,950,950,937.5,895,895,875,850,900,900,900,900,900,900,900,895,912.5,950,900,912.5,900,950,975,950,975,975,950,949,975,995
"Atlantic","NJ","Atlantic City","34","001",138,,,,,,,,,,,,,,,,,,,,,,,,,,,,,,,,,,,,,,,,,,,,,,,,,,,,,,,,,,,,,,,,,,,,,,,,,,,,,,1350,1250,1237.5,1200,1300,1200,1300,1250,1300,1400,1450,1450,1300,1250,1200
"New London","CT","New London","09","011",139,,,,,,,,,,,,,,,,,,,,,1050,1075,1037.5,1000,1125,1150,1250,1325,1300,1250,1175,1250,1225,1175,1100,1200,1100,1100,1100,1200,1200,1100,1100,1100,1250,1200,1250,1200,1200,1200,1200,1100,1225,1197.5,1250,1200,1225,1200,1200,1200,1250,1287.5,1250,1250,1250,1250,1200,1200,1272.5,1250,1250,1250,1200,1200,1325,1250,1250,1275,1250,1200,1300,1124.5,1250,1200,1225,1300,1250,1225,1300,1300,1250,1200
"Horry","SC","Myrtle Beach","45","051",140,,,,,,,,,,,,850,800,812.5,800,800,800,797.5,850,862.5,850,850,825,795,800,800,795,800,850,825,847.5,850,825,812.5,812.5,800,800,800,800,850,812.5,800,800,825,800,825,812.5,837.5,800,800,825,825,850,800,850,875,850,875,875,895,900,915,907.5,925,925,900,950,950,950,900,900,900,925,950,950,900,937.5,937.5,975,900,950,962.5,925,950,975,975,975,975,1000,1000,1000,1000
"Osceola","FL","Orlando","12","097",141,,,,,,,,,,,,785,850,850,900,950,950,950,900,899.5,950,899.5,885,900,895,885,900,950,900,950,999,1000,1050,1075,999,1000,999,1000,1087.5,1050,1050,1097.5,1050,1049.5,1050,1100,1100,1100,1095,1095,1095,1175,1169.5,1195,1100,1100,1050,1012.5,1050,1097.5,1095,1100,1200,1195,1200,1195,1200,1195,1195,1200,1250,1200,1250,1250,1200,1200,1200,1200,1200,1250,1200,1150,1200,1200,1200,1225,1299,1300,1297.5,1300,1300,1280
"Chatham","GA","Savannah","13","051",142,,,,,,,,,,,,,,,,,1050,1085,1100,1100,1100,1100,1095,1040,1000,1000,1000,1000,1077,1088.5,1075,1150,1100,1150,1150,1100,1000,1100,1150,1150,1137.5,1100,1050,1060,1055,1100,1100,1100,1100,1100,1150,1150,1175,1200,1125,1100,1100,1132.5,1162.5,1150,1187.5,1200,1150,1150,1200,1235,1200,1210,1200,1150,1125,1150,1175,1150,1200,1200,1192.5,1200,1150,1150,1200,1187.5,1210,1200,1200,1200,1250,1250,1300,1300,1250,1300
"Alachua","FL","Gainesville","12","001",143,,,,,,,,,,,,,,,,,,,,,,,,,,,,,,,,,,,,,,,,,,,,,,,,,,,,,,,,,,,,,,,,,,,,,,,,,950,950,950,950,897,890,925,950,865,900,900,925,1025,995,955,985,1000,1000,1000,1000
"Harford","MD","Baltimore","24","025",144,,,,,,,,,,,,,,,,,,,,,,,,,,,,,,,,,,,,,,,,,,,,,,,,,,,,,,,,,,,,,,,,,,,,,,,,,,,,,,,1200,1250,1125,1249,1224.5,1275,1250,1250,1275,1212.5,1200,1250,1249,1200
"Norfolk City","VA","Virginia Beach","51","710",145,,,,,,,,,,,,,,,,,,,,,,,,,,,,,,,,,,,,,,,,,,1039.5,995,1100,1200,1200,1225,1200,1250,1250,1250,1250,1250,1250,1200,1250,1250,1225,1255,1250,1275,1295,1275,1250,1250,1250,1250,1250,1250,1200,1200,1200,1275,1275,1225,1200,1250,1250,1255,1125,1200,1100,1200,1195,1245,1200,1250,1300,1300,1299,1299,1300
"Chesapeake City","VA","Virginia Beach","51","550",146,,,,,,,,,,,,,,,,,,,,,,,,,,,,,,,,,,,,,,,,,,,,,,,,,,1125,1195,1250,1300,1295,1262.5,1250,1295,1295,1295,1300,1297.5,1250,1300,1295,1295,1275,1295,1297.5,1300,1250,1250,1250,1225,1275,1275,1300,1300,1400,1325,1300,1295,1250,1295,1250,1275,1250,1250,1250,1250,1275,1300,1250
"Arlington","VA","Washington","51","013",147,,,,,,,,1947.5,1895,2100,2105,2000,2024.5,1960,2100,2100,2049,2000,2100,2000,2000,2000,2000,1975,2000,2150,2200,2100,2200,2197.5,2100,2200,2112.5,2125,2150,2200,2010,2000,2044.5,2100,2165,2150,2000,2125,2150,2100,2100,2095,2100,2100,2100,2100,2050,2100,2100,2100,2100,2000,1999.5,2000,2000,2000,2100,2050,2000,2000,2100,2062.5,2000,2000,2050,2000,1995,1995,2100,2100,2100,2050,2199,2100,2097.5,2000,2000,2000,2000,2000,2097,2100,2100,2100,2000,1995
"New Hanover","NC","Wilmington","37","129",148,,,,,,,,,,,,900,900,912.5,900,887.5,900,875,875,850,797.5,825,812.5,850,862.5,850,875,950,950,900,940,950,1000,975,950,985,970,915,925,925,900,895,850,915,1000,1025,1000,1000,1000,975,900,892.5,875,925,950,885,850,925,937.5,1050,1000,1000,975,935,925,925,967.5,1097.5,1050,950,950,950,975,950,980,950,950,980,862.5,995,1075,975,1000,995,995,975,995,995,1075,1100,1150,1100
"Saint Johns","FL","Jacksonville","12","109",149,,,,,,,,,,,,1375,1230,1200,1150,1150,1200,1100,1150,1200,1200,1150,1150,1162.5,1200,1195,1175,1137.5,1150,1100,1175,1100,1200,1150,1100,1100,1100,1100,1100,1100,1100,1125,1100,1200,1200,1250,1225,1275,1225,1300,1312.5,1400,1425,1262.5,1250,1272.5,1300,1332.5,1425,1300,1250,1300,1395,1500,1450,1500,1450,1450,1400,1650,1497.5,1450,1450,1550,1350,1497.5,1500,1597.5,1607.5,1425,1350,1475,1450,1350,1450,1397.5,1450,1450,1495,1500,1595,1800
"Litchfield","CT","Torrington","09","005",150,,,,,,,,,,,,,,,,,,,,1225,1200,1200,1200,1200,1200,1200,1200,1262.5,1250,1200,1100,1100,1100,1100,1200,1212.5,1250,1212.5,1300,1250,1125,1100,1000,1050,1175,1172.5,1100,1150,1150,1100,1150,1200,1200,1197.5,1172.5,1100,1195,1200,1200,1150,1150,1200,1200,1200,1250,1295,1200,1200,1150,1200,1200,1200,1200,1225,1125,1125,1125,1150,1200,1100,1137.5,1100,1125,1100,1150,1150,1175,1250,1250,1200,1175,1200
"Okaloosa","FL","Crestview-Fort Walton Beach-Destin","12","091",151,,,,,,,,,,,,,,,,,,,,,,,,,,,,,,,,,,,,,,,,,,,,,,,,,,,,,,,,,,,,,,,,,,,,,,,,,,,1200,1225,1050,1050,1050,1225,1250,1200,1100,1150,1150,1287.5,1100,1100,1125,1100,1200,1200
"Newport News City","VA","Virginia Beach","51","700",152,,,,,,,,,,,,1062.5,1100,1062.5,1100,1150,1100,1025,997.5,995,950,950,950,987.5,962.5,857,900,975,999.5,1037.5,995,1000,950,950,900,935,900,950,1000,975,1000,980,975,1000,1000,1100,1100,1100,1100,1100,1100,1100,1100,1125,1050,1025,1097.5,1100,1100,1087.5,1050,1000,1050,1100,1175,1150,1100,1100,1082.5,1050,1000,1095,1085,1150,1200,1225,1195,1200,1200,1047.5,1097.5,1050,1095,1000,1050,1095,1087.5,1150,1095,1095,1050,1000
"Pitt","NC","Greenville","37","147",153,,,,,,,,,,,,,,,,737.5,775,787.5,850,837.5,790,750,775,762.5,750,750,750,750,775,775,775,762.5,750,800,800,800,800,800,800,800,800,792.5,750,762.5,800,825,800,800,800,800,800,800,800,800,800,785,800,800,800,800,825,800,850,850,850,825,800,800,775,800,800,800,800,800,800,800,795,800,850,785,800,800,800,825,875,850,825,825,825,850,825,825
"Middlesex","CT","Hartford","09","007",154,,,,,,,,,,,,,,,,,,,,,,,,,,,,1200,1399,1350,1250,1275,1300,1275,1262.5,1242.5,1242.5,1200,1275,1300,1300,1300,1200,1187.5,1250,1250,1300,1300,1300,1325,1300,1272.5,1295,1275,1300,1300,1300,1287.5,1300,1300,1250,1300,1325,1275,1325,1325,1300,1250,1250,1295,1325,1300,1300,1300,1300,1300,1300,1350,1275,1300,1300,1300,1300,1300,1350,1300,1300,1300,1300,1300,1325,1350
"Alexandria City","VA","Washington","51","510",155,,,,,,,,,,,,,,,,,,,,,,,,,,,,,,,,,,,,,,,,,,,,,,,,,,1850,1912.5,1750,1795,1725,1797.5,1695,1650,1685,1685,1750,1750,1780,1800,1797.5,1800,1750,1800,1800,1750,1747,1750,1695,1697.5,1675,1695,1795,1825,1772.5,1862.5,1700,1795,1695,1700,1700,1650,1685,1755,1796,1750,1750,1785,1750
"Newport","RI","Providence","44","005",156,,,,,,,,,,,,,,,,,,,,,,,,,,,,,,,,,,,,,,,,,,,,,,,,,,,,,,,1650,1525,1600,1597.5,1600,1700,1800,1700,2000,2000,1850,1700,1675,1600,1650,1700,1700,1800,1900,1950,1875,1975,1900,1950,1925,1900,1800,1875,1850,1800,1950,2000,2000,2175,1800,1800,1700,1600
