"RegionName","City","State","Metro","CountyName","SizeRank","2010-10","2010-11","2010-12","2011-01","2011-02","2011-03","2011-04","2011-05","2011-06","2011-07","2011-08","2011-09","2011-10","2011-11","2011-12","2012-01","2012-02","2012-03","2012-04","2012-05","2012-06","2012-07","2012-08","2012-09","2012-10","2012-11","2012-12","2013-01","2013-02","2013-03","2013-04","2013-05","2013-06","2013-07","2013-08","2013-09","2013-10","2013-11","2013-12","2014-01","2014-02","2014-03","2014-04","2014-05","2014-06","2014-07","2014-08","2014-09","2014-10","2014-11","2014-12","2015-01","2015-02","2015-03","2015-04","2015-05","2015-06","2015-07","2015-08","2015-09","2015-10","2015-11","2015-12","2016-01","2016-02","2016-03","2016-04","2016-05","2016-06","2016-07","2016-08","2016-09","2016-10","2016-11","2016-12","2017-01","2017-02","2017-03","2017-04","2017-05","2017-06","2017-07","2017-08","2017-09"
"10025","New York","NY","New York","New York",1,,,,2675,2517.5,2600,2617.5,2750,2785,2775,2750,2825,2785,2785,2725,2695,2775,2800,2895,2800,2875,2850,3000,3147.5,3300,3195,3000,3000,3000,3100,3200,3200,3250,3200,3200,3200,3250,3200,3200,3250,3217.5,3250,3295,3250,3200,3195,3000,3190,3165,3100,3150,3150,3200,3195,3192,3100,3095,3050,3100,3150,3195,3195,3175,3150,3162,3175,3050,3025,3240,3200,3095,3200,3295,3200,3000,3200,3095,3100,3111.5,3100,3070,3200,3250,3296.5
"60657","Chicago","IL","Chicago","Cook",2,,,,,,1195,1175,1245,1340,1275,1257.5,1270,1295,1247.5,1250,1345,1477.5,1400,1450,1492.5,1600,1600,1490,1560,1547.5,1575,1497.5,1500,1500,1495,1505,1550,1525,1425,1495,1400,1350,1425,1425,1500,1500,1475,1497.5,1525,1500,1500,1450,1450,1550,1550,1595,1600,1545,1545,1645,1695,1745,1695,1550,1540,1475,1475,1475,1450,1495,1560,1552.5,1595,1637.5,1550,1450,1450,1500,1435,1450,1495,1530,1560,1550,1602.5,1640,1595,1550,1550
"10023","New York","NY","New York","New York",3,,,,,,,,,,,3200,3295,3100,3140,3250,3150,3200,3195,3200,3250,3295,3200,3350,3300,3300,3327.5,3200,3200,3100,3250,3200,3200,3300,3300,3399,3479,3500,3400,3400,3400,3400,3429.5,3450,3450,3495,3400,3497,3425,3395,3427,3369,3350,3440,3450,3495,3250,3250,3395,3400,3418,3300,3277,3300,3238,3226,3226,3300,3295,3199,3200,3195,3250,3312.5,3262.5,3200,3160,3213,3195,3197,3200,3259,3399.5,3300,3300
"60614","Chicago","IL","Chicago","Cook",4,,,,,1485,1435,1500,1500,1595,1550,1445,1519.5,1550,1625,1600,1600,1585,1575,1622.5,1750,1845,1767.5,1694,1665,1700,1700,1600,1694,1695,1695,1695,1837.5,1805,1840,1720,1672.5,1597.5,1665,1675,1755,1700,1650,1675,1640,1795,1750,1750,1800,1899.5,1965.5,1895,1930.5,1850,1700,1750,1895,2000,1895,1899,1900,1850,1962.5,1968,1915,1970,1900,1855,1900,1942.5,1850,1660,1725,1595,1675,1595,1650,1685,1750,1750,1800,1871,1922.5,1875,1875
"10002","New York","NY","New York","New York",5,,,,,,,,,,,,,,,,,2500,2500,2687.5,2600,2600,2600,2572.5,2572.5,2737.5,2825,2600,2595,2595,2650,2695,2700,2750,2775,2750,2750,2800,2775,2735,2750,2700,2795,2795,2795,2875,2950,3045,3012.5,3000,3075,3100,2995,3000,2995,2972.5,2895,3150,3150,3199,3295,3100,3090,3000,3100,3095,3050,2950,3000,3328.5,3095,3200,3274.5,2995,3200,2995,2900,3200,3075,3085,3200,3200,3200,3198,3100
"60640","Chicago","IL","Chicago","Cook",6,,,,,,,,,,,,,,,,,,,,,,,,,,1175,1145,1145,1125,1150,1100,1100,1125,1145,1150,1195,1175,1175,1150,1190,1175,1175,1175,1175,1175,1195,1195,1200,1200,1250,1200,1200,1200,1200,1195,1200,1225,1300,1285,1225,1275,1295,1267.5,1250,1276,1350,1325,1300,1317.5,1285,1250,1225,1255,1212.5,1175,1200,1295,1295,1350,1350,1350,1350,1350,1300
"10467","New York","NY","New York","Bronx",7,,,,,,,,,,,,,,,,,,,,,,,1200,1200,1200,1195.5,1297,1300,1300,1250,1295,1283.5,1250,1262.5,1275,1250,1250,1200,1200,1249,1250,1250,1250,1200,1215,1250,1300,1300,1250,1280,1300,1300,1300,1300,1300,1301,1350,1400,1400,1400,1400,1400,1400,1400,1400,1412.5,1450,1425,1425,1450,1400,1450,1495,1475,1450,1462.5,1475,1475,1498.5,1498,1500,1500,1550,1525
"94109","San Francisco","CA","San Francisco","San Francisco",8,,,,,,,,,,,,,,,,,,,,,,,,,,,,,,,,,,,,,,,3772.5,3625,3372.5,3200,3400,3600,3600,3675,3850,3900,3997.5,3947.5,4000,4200,3975,3850,3800,3800,3900,3997.5,4000,3895,3795,3800,3650,4150,4000,3626.5,4000,4290,3875,4125,3555,3650,3500,3600,3600,3525,3450,3495,3400,3595,3575,3500,3400,3297.5
"11226","New York","NY","New York","Kings",9,,,,,,,,,,,,,,1487.5,1400,1385,1300,1295,1350,1275,1350,1400,1400,1350,1400,1399,1517,1550,1500,1500,1499,1600,1700,1700,1750,1700,1600,1550,1600,1650,1650,1650,1675,1750,1750,1775,1750,1750,1800,1800,1795,1750,1750,1800,1850,1950,1850,1825,1895,1895,1950,1900,1900,1900,1900,1900,1900,1950,1999,1999,1955.5,2100,1931.5,2000,1849,1900,1900,1950,1950,1975,2000,2050,2000,2022.5
"11375","New York","NY","New York","Queens",10,,,,,,,,,,,,,1900,2000,1947.5,1997.5,1972.5,2100,2000,2100,1950,1950,1950,1875,1875,1862.5,1995,1895,1912.5,1895,1900,1897.5,2000,2000,2000,1968,1925,1925,1950,1950,1950,1950,1925,1995,1975,2015,1950,2023.5,2000,1950,2000,2050,2050,2000,2100,2150,2185,2195,2200,2200,2197.5,2250,2250,2250,2200,2199.5,2162.5,2200,2175,2225,2199,2200,2212.5,2200,2100,2100,2100,2000,2000,1999,2000,2000,2100,2100
"10016","New York","NY","New York","New York",11,,,,2500,2550,2700,2750,2800,2850,2895,2900,2900,2950,2995,2900,2900,2925,2900,2930,3090,3095,3095,3160.5,3150,3160,3125,3050,3000,3000,3000,3000,3100,3100,3175,3200,3195,3185,3100,3100,3085,3100,3125,3150,3200,3200,3450,3436.5,3400,3394,3400,3448,3395,3400,3495,3450,3425,3400,3395,3393,3350,3300,3300,3295,3250,3299,3295,3297.5,3300,3300,3300,3295,3350,3395,3300,3300,3236,3295,3300,3385,3400,3395,3400,3398,3395
"60647","Chicago","IL","Chicago","Cook",12,,,,,,,,,,,1050,1100,1197,1199,1199,1200,1197.5,1200,1295,1272.5,1172.5,1172.5,1200,1300,1295,1250,1250,1300,1300,1297.5,1295,1295,1250,1250,1275,1250,1275,1350,1295,1350,1350,1312.5,1350,1250,1295,1325,1300,1295,1250,1295,1295,1395,1395,1250,1400,1400,1475,1395,1385,1395,1400,1400,1400,1400,1425,1450,1450,1395,1495,1412.5,1350,1400,1295,1450,1595,1437.5,1495,1550,1595,1595,1600,1625,1650,1600
"90250","Hawthorne","CA","Los Angeles-Long Beach-Anaheim","Los Angeles",13,,,,,,,,,,,,,,,,,,,,,,,,,,,,,,,,,,,,,,,,,,,,,,,,,,,,,,,,,,,,,,,,,,,,,1150,1200,1150,1237.5,1250,1250,1250,1285,1275,1285,1300,1300,1295,1342.5,1350,1325
"10009","New York","NY","New York","New York",14,,,,,2900,2597.5,2595,2595,2650,2660,2695,2692.5,2800,2900,2895,2895,2895,2825,2895,2950,2990,2950,2900,3000,3000,2995,2895,2895,2900,2895,2900,2995,3000,3075,3000,3100,3100,3100,3000,3000,3095,3090,3095,3195,3100,3136,3185.5,3200,3200,3095,3000,3000,3000,3000,3197.5,3050,3150,3150,3200,3245,3142.5,2995,3000,2973,2975,2995,3097.5,3300,3294,3255,3300,3095,3000,3132.5,2995,2992.5,3000,3000,3200,3200,3195,3200,3200,3000
"60618","Chicago","IL","Chicago","Cook",15,,,,,,,,,,1200,1295,1150,1200,1300,1300,1350,1400,1395,1350,1250,1200,1350,1250,1300,1300,1200,1250,1275,1250,1265,1250,1350,1300,1400,1475,1400,1300,1300,1350,1350,1350,1350,1350,1450,1300,1400,1425,1400,1425,1375,1350,1350,1450,1275,1300,1350,1490,1425,1450,1400,1400,1400,1400,1400,1400,1400,1462.5,1500,1500,1495,1450,1475,1362.5,1375,1440,1400,1440,1445,1475,1550,1550,1537.5,1500,1450
"10029","New York","NY","New York","New York",16,,,,,,,,,,,,,,,,,,,,,,,,,,,,,,,,,,,,,,,,,,,,,,,,,,,,,,,,,,,,,,,,,,,2800,2800,2850,2800,2850,2900,2895,2895,2900,2850,2700,2700,2725,2750,2797.5,2750,2700,2700
"10128","New York","NY","New York","New York",17,,,,,,,2550,2495,2450,2495,2500,2500,2550,2595,2550,2600,2672.5,2600,2642.5,2695,2695,2650,2675,2700,2695,2750,2750,2700,2700,2750,2700,2695,2700,2695,2695,2700,2795,2700,2700,2650,2695,2725,2755,2750,2750,2690,2700,2700,2695,2697.5,2695,2695,2725,2750,2750,2650,2700,2700,2750,2795,2750,2695,2650,2670,2725,2750,2700,2750,2700,2699,2695,2700,2795,2675,2700,2695,2750,2750,2774,2700,2750,2795,2800,2845
"10011","New York","NY","New York","New York",18,,,,,,2800,2800,2797.5,2850,2895,2795,2800,3000,3212.5,3212.5,3250,3300,3300,3295,3450,3400,3400,3441,3475,3395,3400,3295,3275,3295,3300,3400,3400,3450,3495,3500,3500,3600,3500,3500,3500,3500,3500,3575,3550,3600,3515,3514.5,3647.5,3650,3600,3695,3750,3700,3650,3795,3650,3575,3550,3700,3695,3795,3495,3450,3495,3515,3540,3500,3600,3610,3519,3632.5,3550,3750,3520.5,3500,3512,3600,3595,3699.5,3795,3750,3695,3700,3695
"90046","Los Angeles","CA","Los Angeles-Long Beach-Anaheim","Los Angeles",19,,,,,,,,,,,,,,,,,,,,,,,,,,,,,,,,,,,,,,,,,,,,,,,,,,,,,,,,,,,,,,,,,,,,,,,,2395,2300,1922.5,2150,2400,2395,2400,2592.5,2395,2450,2495,2450,2462.5
"10003","New York","NY","New York","New York",20,2897.5,3097.5,2900,3225,3225,3000,3000,3000,3000,3195,2995,3095,3195,3200,3200,3200,3325.5,3150,3200,3300,3300,3299,3295,3300,3300,3250,3150,3195,3200,3250,3200,3250,3300,3300,3300,3345,3300,3325,3400,3350,3395,3400,3400,3500,3600,3590,3495,3400,3495,3500,3595,3625,3600,3600,3700,3300,3300,3337.5,3400,3450,3449,3395,3450,3397,3350,3390,3414.5,3395,3350,3295,3300,3295,3350,3300,3275,3295,3300,3362.5,3500,3492.5,3450,3495,3450,3400
"10462","New York","NY","New York","Bronx",21,,,,,,,,,,,,,,,,,,,,,,,,,,,,,,,1200,1275,1300,1250,1295,1247.5,1250,1295,1225,1250,1278,1250,1250,1300,1300,1325,1326,1350,1328,1350,1300,1300,1350,1399,1400,1400,1450,1475,1450,1425,1396,1395,1450,1450,1450,1450,1450,1450,1450,1475,1500,1500,1600,1500,1500,1615,1500,1450,1498,1550,1575,1600,1700,1700
"60613","Chicago","IL","Chicago","Cook",22,,,,,,,,,,,,,,,,,,,,,,,,,,,,,,,,,,,,,,,,,,,,,,,,1395,1350,1375,1300,1350,1397.5,1395,1500,1555,1595,1695,1550,1495,1447.5,1440,1445,1450,1412.5,1485,1500,1562.5,1587.5,1450,1495,1475,1375,1400,1495,1475,1490,1475,1495,1595,1650,1645,1500,1535
"20009","Washington","DC","Washington","District of Columbia",23,,,,,,,,,,,,,,,,,,,,,,,,,,,,,,,,,,,2875,2452,2350,2400,2385,2395,2395,2395,2395,2300,2670,2790,2925,2860,2910,2940,2700,2700,2730,2800,2760,2730,2699.5,2600,2450,2640,2699,2699.5,2730,2750,2850,2900,2880,2900,2880,3011.5,2850,2700,2850,2750,2850,2700,2730,2850,2850,2875,2850,2912.5,2900,2850
"10463","New York","NY","New York","Bronx",24,,,,,,,,,,,,,,,,,,,,,,,,,,,,,,,,,,,,,,,,,,,,,,,,1695,1700,1750,1675,1650,1750,1700,1800,1875,1850,1850,1850,1900,1800,1800,1797.5,1850,1850,1850,1925,1887.5,1895,1950,1795,1900,1972.5,1850,1847.5,2100,1950,2033.5,2000,2100,2195,2200,2100,2000
"60625","Chicago","IL","Chicago","Cook",25,,,,,,,,,,995,1050,1065,1050,1012.5,1080,925,1050,1150,1175,1100,1100,1150,1340,1312.5,1295,1200,1250,1200,1200,1235,1195,1200,1150,1150,1250,1240,1200,1200,1200,1250,1200,1200,1200,1200,1200,1237.5,1300,1291.5,1288,1250,1200,1275,1200,1200,1275,1300,1295,1395,1395,1400,1300,1340,1350,1375,1395,1300,1350,1295,1325,1325,1327.5,1325,1300,1380,1395,1350,1350,1350,1375,1390,1395,1400,1445,1450
"11206","New York","NY","New York","Kings",26,,,,,,,,,,,,,,,,,,,,,,,,,,,,2200,2247.5,2225,2325,2297,2300,2400,2600,2600,2580,2599,2500,2520,2500,2500,2500,2500,2600,2600,2700,2700,2700,2700,2600,2600,2600,2600,2650,2700,2800,2700,2800,2800,2700,2799,2850,2850,2849.5,2750,2700,2750,2750,2700,2750,2800,2650,2750,2550,2550,2500,2550,2600,2649,2692.5,2700,2750,2700
"11230","New York","NY","New York","Kings",26,,,,,,,,,,,,,,,,,,,,,,,,,,,1450,1550,1437,1400,1400,1450,1450,1449.5,1475,1500,1525,1500,1550,1500,1500,1550,1575,1612.5,1600,1600,1600,1550,1537.5,1525,1550,1600,1650,1625,1700,1800,1800,1650,1700,1700,1700,1749.5,1750,1775,1825,1850,1800,1850,1800,1895,1900,1800,1700,1750,1795,1850,1875,1950,1950,1895,1900,1850,1737.5,1819
"11209","New York","NY","New York","Kings",28,,,,,,,,,,,,,,,,1600,1500,1587.5,1600,1575,1550,1497.5,1700,1600,1700,1700,1600,1500,1525,1650,1662.5,1600,1550,1550,1600,1600,1600,1600,1600,1600,1600,1600,1600,1650,1700,1680,1675,1700,1700,1700,1700,1700,1700,1700,1750,1700,1750,1700,1800,1800,1812.5,1800,1850,1900,1900,1995,1932.5,1950,1950,1900,2000,1950,1912.5,1895,1900,1895,1975,1900,2000,1962.5,1950,1900,1850,1850
"11201","New York","NY","New York","Kings",29,,,,,2500,2500,2500,2362.5,2474.5,2500,2545,2650,2692.5,2750,2750,2800,2797.5,2800,2777.5,2775,2825,2850,2850,2900,2930,2950.5,3008,3044.5,3000,2958,2930,3000,3100,3100,3100,3150,3125,3075,3000,2895,2900,2900,2950,3025,3159,3000,3095,3100,3165.5,3075,3135,3200,3320,3355,3345,3450,3300,3217,3200,3200,3200,3270,3300,3300,3400,3385,3295,3200,3220,3270,3158,3245,3205,3175,3100,3100,3150,3100,3167,3125,3124,3150,3214,3185
"11212","New York","NY","New York","Kings",30,,,,,,,,,,,,,,,,,,,,,,,,1700,1650,1462.5,1425,1600,1500,1550,1625,1762.5,1800,1750,1650,1500,1500,1500,1500,1500,1500,1500,1475,1500,1532.5,1500,1500,1500,1500,1500,1500,1400,1420,1500,1600,1600,1650,1600,1600,1600,1600,1600,1700,1750,1700,1700,1725,1750,1787.5,1700,1650,1775,1700,1699.5,1700,1785,1792,1800,1900,1875,1850,1800,1800,1800
"10024","New York","NY","New York","New York",31,,,,,2625,2600,2650,2600,2650,2925,2750,3050,3250,3150,3100,3000,3000,3000,3000,3000,3050,3100,3150,3200,3200,3250,3150,3100,3000,3000,3000,3068,3150,3100,3185,3250,3397,3299,3295,3250,3295,3300,3350,3300,3395,3440,3400,3350,3300,3350,3250,3225,3395,3387.5,3395,3150,3300,3344.5,3445,3480,3450,3400,3385,3385,3350,3400,3395,3385,3300,3250,3100,3250,3369,3350,3250,3200,3295,3160,3150,3195,3200,3200,3350,3297.5
"11214","New York","NY","New York","Kings",32,,,,,,,,,,,,,,,,,,,,,,,1469.5,1550,1600,1500,1400,1400,1395,1350,1350,1350,1350,1350,1400,1400,1422.5,1400,1450,1475,1500,1500,1450,1500,1500,1500,1500,1500,1525,1595,1500,1600,1650,1600,1647.5,1700,1675,1700,1747.5,1800,1800,1797.5,1745,1700,1745,1750,1800,1800,1750,1700,1850,1745,1800,1862.5,1750,1925,1895,1895,1800,1750,1900,1800,1897,1899.5
"07030","Hoboken","NJ","New York","Hudson",33,,,,,,,,,,,,,,,,,,,,,,,,,,,2400,2575,2650,2650,2650,2662.5,2700,2800,2775,2800,2650,2700,2700,2550,2500,2450,2500,2750,2650,2750,2750,2750,2700,2700,2625,2600,2600,2600,2700,2750,2600,2725,2850,2765,2750,2725,2600,2625,2750,2750,2750,2700,2750,2600,2650,2800,2750,2750,2550,2750,2711.5,2650,2672.5,2700,2750,2790,2800,2750
"60619","Chicago","IL","Chicago","Cook",34,,,,,,,,,,,,,,,,,,,,,,,,825,900,775,800,750,750,725,750,760,725,810,815,800,755,720,700,730,735,725,730,697.5,690,720,700,750,850,800,750,799,875,900,975,962.5,849,850,849.5,850,900,950,950,950,950,975,1000,905,1000,1000,950,977.5,920,925,962.5,980,1000,1000,1044,1044,1044,1044,1044,1044
"11229","New York","NY","New York","Kings",35,,,,,,,,,,,,,,,,,,,,,,,,,,,,,,1400,1400,1400,1500,1450,1400,1450,1500,1495,1495,1500,1525,1525,1525,1500,1500,1500,1550,1625,1550,1562.5,1555,1675,1662.5,1650,1650,1650,1600,1599.5,1650,1600,1700,1687.5,1700,1700,1725,1700,1700,1750,1650,1650,1600,1599,1650,1695,1750,1850,1850,1867.5,1875,1855,1800,1750,1825,1799
"90034","Los Angeles","CA","Los Angeles-Long Beach-Anaheim","Los Angeles",36,,,,,,,,,,,,,,,,,,,,,,,,,,,,,,,,,,,,,,,,,,,,,,,,,,,,,,,,,,,,,,,,,,,,,,,2325,1975,1850,1887.5,1850,1895,2095,2150,2150,1995,2250,2200,2200,2112.5
"10458","New York","NY","New York","Bronx",37,,,,,,,,,,,,,,,,,,,,,,,,,,1400,1297,1287.5,1250,1262.5,1250,1400,1437.5,1400,1300,1285,1300,1300,1294.5,1250,1200,1200,1200,1225,1300,1300,1300,1300,1325,1395,1300,1277.5,1300,1300,1350,1397.5,1400,1495,1500,1487.5,1460,1400,1450,1400,1400,1400,1450,1400,1450,1462.5,1450,1500,1500,1500,1450,1550,1595,1600,1600,1600,1600,1600,1610,1610
"11377","New York","NY","New York","Queens",38,,,,,,,,,,,,,,,,1537.5,1700,1650,1550,1612.5,1650,1575,1562.5,1537.5,1550,1550,1650,1650,1600,1600,1650,1650,1650,1700,1700,1700,1695,1659,1700,1750,1750,1750,1750,1750,1750,1850,1800,1800,1850,1800,1825,1875,1875,1875,1871,1860,1900,1900,1920,1900,1900,1900,1900,1900,1950,1900,1875,1900,2000,1925,1950,1990,1962.5,1937.5,1875,1850,1800,1875,1900,1900,2012.5,2000,1997.5,2000
"11234","New York","NY","New York","Kings",39,,,,,,,,,,,,,,,,,,,,,,,,,,,,,,,,,,,,,,,,,,,,,,,,,,,,,,,,,1900,1875,1937.5,2000,2000,1875,1800,1800,1800,1899,1825,2100,2000,1848,1900,1800,1800,2000,1950,1900,1925,1975,1900,1875,1825,1837.5,2000,2100
"11207","New York","NY","New York","Kings",40,,,,,,,,,,,,,,,,,1500,1600,1600,1700,1600,1600,1600,1600,1600,1600,1699,1750,1800,1800,1875,1900,1850,1850,1900,1995,1900,1800,1800,1800,1800,1800,1800,1850,1800,1950,2000,2099,2100,2099,2000,2200,2200,2195,2300,2400,2300,2300,2300,2400,2400,2400,2300,2300,2300,2299,2250,2200,2374.5,2300,2400,2500,2425,2300,2125,2100,2200,2200,2224.5,2224.5,2250,2300,2400,2400
"60617","Chicago","IL","Chicago","Cook",41,,,,,,,,,,,,,,,,,,,,,,,,,,,,812.5,850,937.5,862.5,900,950,950,950,900,900,900,805,875,875,800,875,950,950,950,875,900,950,975,1000,1000,1082.5,1000,1012.5,1012.5,1012.5,1100,1100,1100,1100,1100,1100,1000,1000,1000,1000,1100,1100,1100,1000,1100,1100,1000,1000,1087.5,1050,1000,1000,1000,1050,1044,1044,1044
"10019","New York","NY","New York","New York",42,,,,2790,2700,2790,2785,2845,2850,2900,3057.5,3100,3100,3211,3200,3157.5,3100,3000,3100,3142.5,3198,3195,3195,3250,3325,3300,3300,3200,3200,3250,3260,3295,3300,3300,3300,3300,3323.5,3263,3230,3200,3221,3285,3300,3380,3400,3500,3500,3495,3450,3415.5,3500,3490,3500,3500,3500,3450,3450,3450,3450,3497.5,3400,3416,3400,3395,3500,3450,3500,3425,3345,3300,3350,3397.5,3400,3426.5,3395,3295,3395,3343.5,3395,3450,3495,3495,3477,3500
"10453","New York","NY","New York","Bronx",43,,,,,,,,,,,,,,,,,,,,,,,,,,,,,,,,,,,,1312.5,1300,1300,1200,1250,1250,1250,1250,1250,1300,1350,1279,1279,1300,1300,1300,1300,1300,1295,1295,1295,1295,1412.5,1400,1425,1400,1475,1500,1500,1500,1487.5,1550,1450,1597.5,1550,1600,1500,1512.5,1550,1600,1500,1600,1650,1600,1600,1650,1600,1650,1650
"11355","New York","NY","New York","Queens",44,,,,,,,,,,,,,,,,,,,,,,,,,,,1550,1550,1550,1550,1550,1550,1550,1550,1550,1550,1567.5,1550,1567.5,1550,1525,1550,1550,1600,1650,1600,1650,1600,1650,1600,1600,1650,1650,1695,1650,1675,1700,1700,1750,1750,1750,1762.5,1750,1700,1950,2000,1975,2090,1850,2045,1975,1795,2040,1775,2000,1800,1850,1750,1750,1800,1800,1900,1900,1900
"11215","New York","NY","New York","Kings",45,,,,,,1900,1990,2225,2225,2400,2325,2500,2200,2300,2300,2500,2397.5,2400,2500,2462.5,2500,2600,2500,2600,2700,2500,2600,2600,2600,2500,2500,2595,2600,2595,2597.5,2600,2577,2550,2500,2500,2500,2500,2550,2700,2750,2750,2750,2550,2700,2700,2700,2700,2700,2700,2800,2900,3000,2900,2850,2800,2800,2800,2750,2750,2700,2700,2700,2700,2750,2695,2749.5,2800,2900,2720,2700,2795,2700,2697.5,2700,2700,2775,2750,2785,2700
"10452","New York","NY","New York","Bronx",46,,,,,,,,,,,,,,,,,,,,,,,,,,,,,,,,,,,,,,,,,,,,,,,,,,,,,,,,,,,,,,,,,,,,,,,,1450,1472.5,1525,1497.5,1525,1550,1500,1495,1525,1518.5,1547.5,1550,1700
"06010","Bristol","CT","Hartford","Hartford",47,,,,,,,,,,,,,,,,,,,,,,,,,,,,,,,,,,,,,,,,,,,,,,,,,,,,,,,,,,,,,,,,,,,,,,,950,900,900,897.5,900,925,950,900,950,975,937.5,950,1025,1000
"11221","New York","NY","New York","Kings",48,,,,,1500,1500,1500,1599,1625,1600,1600,1625,1600,1500,1550,1525,1600,1600,1575,1600,1675,1700,1800,1712.5,1699,1700,1700,1700,1750,1750,1750,1825,1900,1950,2100,2248,2200,2200,2200,2200,2200,2200,2200,2200,2300,2300,2256,2250,2200,2200,2290,2300,2295,2300,2400,2500,2499,2499,2500,2499,2500,2500,2499,2499,2500,2400,2475,2491,2500,2500,2547.5,2500,2429,2500,2300,2397,2300,2350,2400,2499,2499,2499,2500,2499
"33025","Miramar","FL","Miami-Fort Lauderdale","Broward",49,,,,,,,,,,,,,,,1500,1500,1500,1450,1475,1485,1475,1500,1500,1450,1400,1450,1475,1500,1500,1495,1450,1450,1450,1400,1450,1400,1400,1400,1400,1425,1425,1425,1450,1525,1550,1450,1500,1450,1450,1450,1450,1500,1500,1492.5,1450,1482.5,1412.5,1400,1425,1375,1375,1400,1437.5,1500,1500,1500,1500,1450,1450,1470,1580,1500,1575,1562.5,1575,1600,1500,1600,1550,1582.5,1600,1600,1600,1600
"60610","Chicago","IL","Chicago","Cook",50,,,,1517,1582,1467.5,1495,1495,1575,1645,1650,1645,1640,1645,1750,1707,1694.5,1715,1745,1732.5,1740,1750,1775,1964.5,1790,1775,1740,1850,1773,1745,1750,1745,1750,1735,1750,1735,1745,1699,1725,1731,1750,1786.5,1798,1747,1858,1900,1875,1871,2025,1938,1975,1795,1995,1895,1895,1830,1805,1847,1878.5,1850,1850,1850,1868,1800,1995,1800,1750,1795,1997.5,1985,1900,1890,1897.5,1820,1850,1895,1985,2073,2207.5,2000,1967.5,2000,2000,1960
"02169","Quincy","MA","Boston","Norfolk",51,,,,,,,,,,,,,,,,,,,,,,,,,,,,,,1600,1500,1530,1525,1575,1523,1530,1500,1530,1500,1500,1500,1500,1500,1450,1495,1530,1600,1595,1595,1500,1503,1495,1550,1495,1550,1550,1550,1650,1700,1637.5,1750,1700,1800,1750,1750,1797,1750,1650,1800,1817,1675,1900,1750,1692.5,1665,1800,1733,1745.5,1650,1700,1750,1750,1777.5,1795
"33009","Hallandale","FL","Miami-Fort Lauderdale","Broward",52,,,,,,,,,,,,,,,,,,,,,,,,,,,,,,,,,,,,,,,,,,1695,1697.5,1500,1472.5,1650,1600,1600,1587.5,1500,1575,1575,1700,1750,1472.5,1575,1575,1625,1575,1350,1400,1600,1690,1700,1495,1600,1400,1412.5,1562.5,1497.5,1600,1600,1600,1700,1597.5,1645,1600,1850,1850,1796,1795,1700,1750,1797.5
"60611","Chicago","IL","Chicago","Cook",53,,,,,,,,,,1820,1827.5,1850,1870,1907.5,1889,1865,1860,1834,2000,2057.5,2000,1970,1923,1950,1913,1890,1865,1887.5,1942,1920,1950,1965,2000,2025,1985,1930,1935,1887.5,1900,2025,2035,2150,2100,2185,2192.5,2235,2275,2212.5,2260,2312.5,2220,2200,2393,2379,2381.5,2422.5,2408,2379,2252.5,2504,2518,2561.5,2492,2490,2365,2203,2131,2320,2298,2162,2228.5,2100,2145,2085,2086.5,2100,2074,2215,2272.5,2190,2175,2274,2424,2250
"11211","New York","NY","New York","Kings",54,,,,,,,,,,,,,,2275,2395,2450,2525,2475,2550,2800,2860,3040,2895,2895,2850,2795,2700,2675,2799.5,2858.5,2899,2950,2985,3000,3000,3000,3000,3049,2950,2892.5,2900,2935,2995,3150,3200,3175,3198,3155,3150,3050,3000,2959,2900,2895,3000,3325,3325,3300,3299,3300,3150,3195,3195,3200,3199,2995,3000,3000,3000,2999,2950,3100,3250,3325,2893.5,2950,2900,2999,3000,3095,3063,3100,3095,3000
"11373","New York","NY","New York","Queens",55,,,,,,,,,,,,,,,,,,,,,,,,1475,1400,1450,1450,1545,1437.5,1412.5,1425,1412.5,1450,1450,1467.5,1600,1600,1575,1600,1600,1600,1600,1600,1552.5,1597.5,1675,1615,1595,1695,1700,1700,1700,1697.5,1745,1750,1750,1750,1700,1750,1750,1750,1800,1850,1900,1935,1925,1900,1900,2000,2148,2228,1950,1917.5,1925,1700,1700,1950,1850,1900,1925,1825,1900,1827.5,1815
"11385","New York","NY","New York","Queens",55,,,,,,,,,,,,,,,,,,,,1550,1725,1762.5,1475,1450,1400,1400,1450,1500,1500,1500,1500,1500,1550,1600,1600,1650,1700,1800,1750,1700,1692,1650,1700,1797,1700,1799,1800,1800,1850,1850,1900,1900,1900,2075,2100,2200,2200,2237.5,2150,2199,2100,2200,2300,2200,2400,2400,2400,2300,2400,2400,2400,2495,2300,2263.5,2200,2200,2250,2300,2323.5,2340,2399,2399.5,2500,2475
"10468","New York","NY","New York","Bronx",57,,,,,,,,,,,,,,,,,,,,,,,,,,,1197.5,1200,1300,1350,1300,1300,1395,1300,1300,1300,1300,1275,1200,1245,1200,1200,1200,1225,1300,1275,1345,1347.5,1326,1300,1300,1350,1350,1300,1375,1400,1400,1429,1400,1450,1450,1450,1450,1425,1400,1400,1400,1375,1400,1500,1450,1485,1500,1475,1400,1450,1450,1475,1495,1500,1500,1550,1550,1600
"60620","Chicago","IL","Chicago","Cook",58,,,,,,,,,,,,,,,,,,,,,,,,,,,,,,,,,,,,,,,,,,,,,850,900,950,875,950,975,900,900,875,962.5,950,977.5,1000,1000,1100,1130,1100,1135,1095,1050,1000,1050,1050,995,1000,1020,1000,1100,1000,975,975,1125,1008,1050,1000,1000,1000,1000,1000,1000
"10028","New York","NY","New York","New York",59,,,,2200,2300,2300,2350,2350,2350,2362.5,2375,2395,2425,2495,2450,2400,2400,2395,2395,2500,2500,2417.5,2495,2500,2600,2600,2550,2500,2495,2500,2550,2590,2595,2595,2550,2595,2650,2595,2595,2550,2575,2600,2600,2600,2650,2650,2595,2595,2600,2650,2625,2675,2650,2625,2700,2600,2637.5,2650,2695,2705,2700,2699.5,2600,2612.5,2625,2650,2650,2675,2600,2600,2595,2650,2600,2650,2600,2650,2700,2700,2650,2695,2725,2700,2700,2725
"92109","San Diego","CA","San Diego","San Diego",60,,,,,,,,,,,,,,,,,,,,,,,,,,,,,,,,,,,,,,,,,1640,1650,1675,1975,1795,1675,1850,1650,1585,1575,1620,1495,1495,1550,1520,1537.5,1595,1595,1610,1725,1750,1600,1650,1775,1822.5,2150,1945,1842.5,1872.5,1750,1795,1650,1695,1722.5,1825,1772.5,1850,1845,1820,1975,1975,1900,1947.5,1872.5
"02148","Malden","MA","Boston","Middlesex",61,,,,,,,,,,,,,,,,,,,,1320,1310,1195,1150,1260,1456,1428,1400,1295,1375,1325,1295,1350,1350,1350,1400,1405.5,1452,1488,1450,1495,1495,1495,1500,1500,1500,1515,1575,1700,1795,1695,1750,1700,1550,1500,1700,1500,1550,1500,1650,1700,1750,1750,1700,1650,1600,1600,1600,1600,1595,1845,1695,1850,1900,1900,1850,1750,1800,1640,1700,1800,1800,1840,1850,1975
"11236","New York","NY","New York","Kings",62,,,,,,,,,,,,,,,,,,,,,1947.5,1897.5,1687.5,1737.5,1697.5,1675,1600,1697.5,1600,1725,1725,1700,1700,1695,1695,1600,1600,1612.5,1695,1700,1612.5,1650,1637.5,1795,1795,1600,1600,1700,1725,1700,1725,1725,1725,1722.5,1725,1800,1800,1850,1800,1800,1850,1812.5,1800,1800,1800,1800,1750,1800,1800,1710,1800,1750,1800,1850,1800,1800,1800,1800,1912.5,1995,1962.5,2000,2000,1950
"98103","Seattle","WA","Seattle","King",63,,,,,,,,,,,,,,,,,,,,,,,,,,,,,,,,,,,,,,,,,,,,,,,,,,,,,,,,,,,,,1375,1495,1500,1497.5,1495,1600,1495,1672.5,1520,1495,1697.5,1550,1600,1680,1495,1495,1672.5,1495,1495,1550,1595,1600,1650,1695
"60626","Chicago","IL","Chicago","Cook",64,,,,,,,,,,,,,,,,,987.5,950,925,952.5,1037.5,1007.5,1000,875,995,1000,1050,990,1037.5,1095,990,1097.5,1095,1150,1075,975,995,995,1050,1025,1050,1050,1050,975,975,975,975,985,1000,1000,990,950,975,960,990,1000,1000,1000,1000,992.5,975,950,950,950,975,1050,1050,972.5,1000,1050,1150,1100,1075,1100,1195,1150,1100,1050,1025,1150,1150,1195,1050,1050
"10027","New York","NY","New York","New York",65,,,,,,,,,,,,,,,,,,,,,,2500,2325,2295,2520,2500,2395,2325,2350,2297,2272.5,2300,2350,2495,2450,2450,2450,2400,2395,2400,2400,2400,2400,2450,2450,2600,2650,2550,2600,2595,2600,2600,2495,2500,2585,2600,2600,2612,2695,2672.5,2572.5,2542.5,2566,2500,2550,2525,2595,2697.5,2550,2690,2725,2700,2600,2662.5,2500,2700,2650,2650,2750,2868.5,2800,2795,2897,2700
"11238","New York","NY","New York","Kings",66,,,,,,,,,,,,,2150,2000,2000,2150,2150,2095,2050,2061,2172.5,2300,2400,2400,2500,2126,2100,2325,2300,2443.5,2300,2500,2572.5,2600,2850,2695,2600,2500,2500,2500,2500,2400,2500,2600,2700,2700,2650,2650,2700,2650,2600,2650,2720,2700,2745,2895,2800,2700,2800,2795,2800,2700,2700,2750,2700,2687,2700,2720,2750,2700,2700,2750,2750,2799,2700,2700,2700,2671,2700,2751.5,2850,2850,2887,2900
"60649","Chicago","IL","Chicago","Cook",67,,,,,,,,,,,,,,,,,,700,750,750,750,750,772.5,750,725,750,750,750,740,750,750,750,755,800,800,795,750,750,740,750,750,750,760,782.5,800,850,750,790,846,812.5,887.5,900,875,837.5,900,925,975,1000,950,1100,1100,1000,1000,1000,1000,1050,1050,1000,1000,1000,980,1000,1000,965,1100,1000,1000,1095,1044,1044,1044,1044,1044,1044
"11372","New York","NY","New York","Queens",68,,,,,,,,,,,,,,,,1450,1400,1450,1495,1525,1575,1550,1575,1525,1575,1650,1675,1650,1650,1650,1650,1650,1650,1700,1700,1700,1700,1700,1700,1700,1700,1750,1750,1750,1750,1750,1750,1750,1750,1750,1750,1750,1775,1750,1750,1750,1800,1800,1850,1850,1850,1850,1850,1850,1850,1850,1850,1750,1795,1800,1800,1800,1875,1825,1750,1900,1800,1800,1775,1800,1795,1800,1800,1825
"11233","New York","NY","New York","Kings",69,,,,,,,,,,1500,1500,1500,1500,1450,1475,1550,1575,1650,1650,1650,1575,1550,1572.5,1600,1600,1600,1550,1550,1600,1650,1675,1700,1799,1825,1850,1900,1800,1850,1800,1800,1750,1750,1799,1900,1950,1900,1900,1900,1850,1950,1950,1995,1995,1950,2000,2200,2200,2200,2200,2195,2150,2099.5,2099,2100,2100,2150,2100,2100,2100,2200,2200,2200,2297,2250,2100,2200,2200,2199.5,2200,2250,2300,2300,2325,2250
"33186","The Crossings","FL","Miami-Fort Lauderdale","Miami-Dade",70,,,,,,,,,,,,,,,,,,,,,,,,,,,,,,,,,,,,,,,,,,,,,,,,,,,,,,,,,,,,,,,,,,,,,,,,,1600,1725,1700,1650,1697.5,1750,1700,1600,1650,1600,1675,1612.5
"33311","Fort Lauderdale","FL","Miami-Fort Lauderdale","Broward",71,,,,,,,,,,,,,,,,,,,,,,,,,,,,,,,,,,,,,,,,,,,,,,,,,,,,,,,,1150,1150,1050,1100,1200,1119,1100,1100,1200,1199,1243,1295,1299.5,1250,1250,1225,1295,1250,1200,1225,1175,1250,1299.5,1300,1250,1250,1225,1300,1150
"10021","New York","NY","New York","New York",72,,,,,,,,,,,,2650,2697.5,2875,2750,2857.5,2857.5,2700,2650,2600,2600,2700,2795,2795,2800,2900,2900,2865,2850,2895,2850,2900,2875,2825,2850,2895,2950,2895,2850,2850,2900,2995,3000,3027.5,3000,2695,2700,2825,2825,2800,2850,2750,2897.5,2900,2950,2695,2800,2800,2950,2995,2850,2750,2897.5,2895,2880,2950,2925,2950,2750,2700,2900,2875,2895,2850,2750,2800,2850,2895,2800,2895,2800,2750,2795,2850
"02155","Medford","MA","Boston","Middlesex",73,,,,,,,,,,,,,,,,,,,,,,1900,1925,1650,1800,1800,1875,1700,1750,1450,1500,1700,1797.5,1890,2000,2100,2000,1995,1977.5,1850,1800,1800,1950,1990,2000,2000,2090,2071,2015,1970,2000,1900,1900,1850,2100,2100,2200,2200,2200,2200,2015,2075,2100,2100,2100,2100,2015,2200,2300,2350,2200,2250,2300,2200,2015,2100,2175,2100,2350,2400,2500,2500,2450,2500
"32256","Jacksonville","FL","Jacksonville","Duval",74,,,,,,,,,,,,,,,,,,,,,,,,,,,,,,,,,,,,,,,,,,,,,,,,,,,,,,,,,1200,1100,1000,1025,997.5,942.5,1025,995,1025,1010,950,1010,1050,950,1050,997.5,935,950,975,1095,1139,1154.5,1207,1150,1150,1095,1125,1147.5
"33027","Miramar","FL","Miami-Fort Lauderdale","Broward",75,,,,,,,,,,,,,1725,1750,1700,1700,1700,1750,1700,1700,1700,1694.5,1700,1700,1775,1850,1825,1700,1700,1700,1700,1700,1800,1800,1800,1750,1700,1700,1750,1737.5,1785,1795,1800,1800,1800,1900,1900,1900,1850,1825,1850,1800,1855,1875,1750,1700,1730,1750,1800,1800,1825,1795,1800,1800,1800,1900,1800,1800,1750,1775,1800,1800,1900,1750,1850,1850,1800,1825,1850,1850,1900,1950,2000,2000
"90025","Los Angeles","CA","Los Angeles-Long Beach-Anaheim","Los Angeles",76,,,,,,,,,,,,,,,,,,,,,,,,,,,,,,,,,,,,,,,,,,,,,,,,,,,2275,2497.5,2495,2275,2285,2350,2595,2472.5,2495,2650,2650,2275,2395,2395,2447.5,2422,2600,2597.5,2395,2495,2275,2150,2335,2495,2150,2497.5,2695,2695,2695,2445,2545,2600,2472.5,2295
"11218","New York","NY","New York","Kings",77,,,,,,,,,,,,,,,,,,,,,,,,,,,,,,,,,,,,,,,,,,,,,,,,,,2157.5,2050,2000,2000,2062.5,2160,2295,2100,2200,2300,2400,2400,2400,2300,2297,2295,2200,2275,2200,2200,2200,2200,2200,2200,2300,2095,2195,2095,2000,2100,2162.5,2200,2200,2200,2225
"10701","Yonkers","NY","New York","Westchester",78,,,,,,,,,,,,,,,,,,,,,,,,,,,,,,1375,1337.5,1300,1290,1400,1493.5,1500,1500,1500,1400,1425,1450,1420,1450,1395,1370,1400,1400,1400,1450,1350,1350,1500,1600,1637.5,1625,1500,1500,1562.5,1600,1725,1750,1750,1674.5,1687,1674.5,1750,1625,1650,1673,1670,1650,1600,1750,1625,1737.5,1699.5,1800,1800,1800,1800,1800,1800,1728,1775
"60616","Chicago","IL","Chicago","Cook",79,,,,,,,,,,,,,,,,,,,,,,,,,,,,,,,,,,,,,,,1650,1700,1835,1932,1815,1725,1835,1852,1850,1878,1935,1873,1754,1845.5,1807.5,1754,1795,1825,1820,1919,1941.5,1921,1846.5,2025.5,1939,1936,1938,1780,1750,1916.5,1837,1748,1737.5,1825,1750,1849,1775,1725,1964,1995,2008,1948.5,2003.5,2000,1950,1941.5
"07087","Union City","NJ","New York","Hudson",80,,,,,,,,,,,,,,,,,,,,,,,,,,,,,,,,,,,,,,,,,,,,,,,,,,,1300,1275,1300,1350,1395,1412.5,1500,1500,1500,1495,1500,1575,1460,1497.5,1500,1597.5,1625,1690,1600,1650,1450,1650,1450,1462.5,1600,1395,1395,1450,1597.5,1425,1450,1600,1500,1497.5
"07302","Jersey City","NJ","New York","Hudson",81,,,,,,,,,,,,,,,,,,,,,,,,,,,,,,,,,,,,,,,,,,,,,,,,,,,,,,,,,,2500,2770,2642.5,2550,2500,2475,2425,2550,2500,2450,2450,2425,2550,2450,2550,2700,2525,2400,2225,2475,2500,2500,2680,2747.5,2925,2500,2400
"60641","Chicago","IL","Chicago","Cook",82,,,,,,,,,,,,,,,,,,,,,,,,,,1000,950,950,975,900,912.5,900,1000,975,975,975,975,975,975,950,935,925,950,1000,975,950,1082.5,1000,1050,1050,1050,1030,1050,1025,1050,1097.5,1100,1025,1075,1050,1000,1000,997.5,975,1000,1150,1100,1175,1100,1190,1200,1200,1050,1125,995,1125,1200,1200,1212.5,1225,1200,1250,1195,1250
"60622","Chicago","IL","Chicago","Cook",83,,,,,,,,,,,,,,,,,,,,,,,,,,,,,,,,,,,,,,,,,,,,,,,,,,,,,,,,1795,1850,1900,1850,1800,1850,1795,1815,1900,1807.5,1800,1900,1957.5,2000,1850,1800,1850,1750,1750,1799.5,1800,1800,1800,1895,2050,1900,1900,1895,1895
"60660","Chicago","IL","Chicago","Cook",84,,,,,,787.5,850,850,845,825,825,805,810,850,850,865,850,849.5,895,917.5,890,895,895,905,900,905,915,862.5,950,987.5,900,950,950,975,975,975,950,950,950,975,975,975,1000,1000,995,975,955,975,995,1045,995,995,995,1000,975,982.5,995,975,995,992,995,995,995,995,995,1025,1085,987.5,942.5,950,1050,1000,1050,995,1025,1000,1150,1150,1225,1150,1250,1350,1350,1250
"11204","New York","NY","New York","Kings",85,,,,,,,,,,,,,,,,,,,,,,,,,,,,1387.5,1325,1300,1337.5,1300,1350,1395,1395,1400,1400,1395,1400,1397.5,1400,1400,1400,1412.5,1450,1450,1500,1500,1490,1482.5,1500,1450,1500,1500,1500,1597.5,1500,1500,1600,1600,1600,1600,1600,1650,1700,1750,1600,1650,1795,1600,1625,1750,1725,1695,1590,1600,1650,1650,1745,1750,1740,1700,1712.5,1725
"10032","New York","NY","New York","New York",86,,,,,,1510,1495,1475,1524.5,1625,1612.5,1650,1600,1635,1650,1650,1650,1650,1600,1600,1750,1700,1700,1700,1699,1650,1750,1750,1775,1700,1750,1750,1750,1795,1799,1800,1825,1825,1800,1800,1800,1800,1850,1900,1900,1900,1900,1962.5,1950,1900,1950,1950,1900,1925,1960.5,1975,1995,2000,2100,2000,1997.5,1995,2000,1995,2000,2000,2000,2000,1950,1950,1999,1950,1900,2100,1995,2195,2095,2100,2195,2195,2200,2299,2195,2097.5
"11225","New York","NY","New York","Kings",87,,,,,,,,,,,,,,,,,1650,1550,1650,1700,1600,1600,1650,1600,1600,1675,1650,1700,1700,1650,1675,1700,1800,1849,1900,2000,1900,1800,1750,1750,1799,1800,1825,1950,1950,2000,2000,2000,2000,1800,1950,2050,2195,2100,2100,2250,2195,2000,2200,2295,2295,2200,2200,2195,2200,2250,2262,2250,2300,2350,2100,2274.5,2274.5,2400,2150,2195,2200,2200,2200,2199,2200,2200,2200,2250
"11213","New York","NY","New York","Kings",88,,,,,,,,,,,,,,,,,1600,1600,1600,1700,1700,1442.5,1400,1650,1650,1650,1650,1695,1700,1675,1725,1700,1799,1750,1800,1800,1950,2000,1900,1975,1800,1800,1800,1999,2000,1999,2000,2000,1999,2199,2000,1950,1900,1965,2100,2400,2300,2250,2300,2300,2300,2200,2200,2200,2100,2100,2100,2200,2290,2200,2250,2200,2250,2199,2100,2100,2000,2030,2080,2099,2175,2200,2200,2200
"11368","New York","NY","New York","Queens",89,,,,,,,,,,,,,,,,,,,,,,,,,,,,,,,,,,,,,,,,,,,,,,,,,,,,,,,,,,,,,,1700,1800,1850,1825,1707.5,1900,1825,1775,1875,1900,2192.5,2065,2030,2000,1942.5,1770,1805,1845,1842.5,1995,1975,1846,1846
"92104","San Diego","CA","San Diego","San Diego",90,,,,,,,,,,,,,,,,,,,,,,,,,,,,,,,,,,,,,,,,,,,,,,,,,,,,,,,,,,,,,,,,,,,,,,1450,1397.5,1472.5,1462.5,1362.5,1450,1450,1600,1549.5,1595,1595,1599,1597.5,1597.5,1595
"11203","New York","NY","New York","Kings",91,,,,,,,,,,,,,,,,,,,,,,,,,,,,,,,,2600,2500,2200,2295,2000,1800,1775,1800,1795,1700,1695,1650,1875,1900,1600,1500,1500,1500,1650,1625,1650,1650,1700,1800,1750,1700,1750,1795,1750,1795,1800,1800,1895,1850,1800,1800,1800,1799.5,1800,1700,1899,1800,1900,1699,1850,2000,1900,1999,1999,2000,2000,2200,2000
"11220","New York","NY","New York","Kings",92,,,,,,,,,,,,,,,,,,,,,,,,1600,1525,1425,1550,1625,1655,1500,1600,1650,1680,1660,1680,1700,1700,1750,1700,1660,1650,1655,1675,1700,1750,1800,1800,1800,1750,1799,1750,1700,1700,1750,2000,2000,1900,1950,1925,1900,1850,1862.5,1900,1900,1900,1995,1972.5,1900,2000,2000,1900,2000,1995,2100,1850,2000,2000,2000,1999.5,2000,2100,2100,2050,2000
"10031","New York","NY","New York","New York",93,,,,,,,,,,,1712.5,1737.5,1785,1799.5,1850,1850,1795,1825,1750,1700,1795,1950,1875,1850,1895,1950,1975,1900,1900,1862.5,1950,1995,1995,2000,2000,2100,2150,2100,2050,2100,2050,2000,2100,2150,2195,2250,2250,2072.5,2195,2250,2259,2250,2300,2297.5,2250,2250,2300,2350,2375,2400,2295,2300,2400,2400,2400,2500,2405,2300,2200,2250,2319,2387.5,2300,2400,2300,2400,2400,2350,2400,2400,2480,2439.5,2400,2500
"60637","Chicago","IL","Chicago","Cook",94,,,,,,,,,,,992,1001,1000,1050,1050,1055,1095,1100,1075,1100,1100,1100,1100,950,900,850,920,1074.5,1000,1000,1000,1062.5,1000,1050,1100,1050,1000,1050,1050,1000,1000,1000,1062,1100,1094,1042.5,1032,1100,1112.5,1100,1100,1100,1100,1150,1150,1150,1100,1100,1100,1200,1150,1150,1150,1150,1150,1150,1200,1150,1150,1150,1095,1050,1090,1100,1100,1062.5,1100,1100,1100,1062.5,1044,1150,1150,1150
"10014","New York","NY","New York","New York",95,,,2825,3000,3000,2850,2850,2997.5,3095,3000,2995,3000,3000,3200,3200,3030,3118,3272.5,3295,3350,3350,3300,3200,3395,3400,3495,3300,3295,3200,3200,3215,3300,3325,3395,3400,3490,3495,3500,3515,3550,3595,3525,3500,3500,3500,3495,3500,3500,3500,3500,3470,3472.5,3500,3545,3600,3600,3597.5,3600,3650,3600,3695,3575,3600,3600,3650,3635,3525,3650,3597.5,3600,3695,3532.5,3589,3500,3500,3500,3500,3495,3550,3695,3750,3795,3750,3650
"33015","Country Club","FL","Miami-Fort Lauderdale","Miami-Dade",96,,,,,,,,,,,,,,,,,,,,,,,,,,,,,,,,,,,,,,,,,,,,,,,,,,,,,,,,,,,,,,,,,,,,,,,1450,1425,1475,1437.5,1500,1500,1470,1425,1400,1450,1475,1500,1450,1437.5
"60608","Chicago","IL","Chicago","Cook",97,,,,,,,,,,,,,,,,,,,,,,,,,,,,,,,,,,,,,,,,,,,,,,,,,,,,,,,,,,,,,,,,,,,,,,,,,1300,1275,1295,1372.5,1355,1352.5,1300,1397.5,1400,1400,1400,1400
"11216","New York","NY","New York","Kings",98,,,,,,,,,,,,,,,,,,,,,,,,,1990,1900,1800,1800,1875,1900,1995,2000,2150,2200,2250,2200,2200,2150,2199,2150,2200,2200,2200,2250,2300,2300,2350,2350,2300,2300,2350,2200,2350,2400,2499,2495,2495,2495,2500,2495,2495,2450,2400,2450,2400,2400,2400,2400,2500,2495,2457.5,2507,2406,2500,2250,2395,2400,2400,2400,2400,2400,2450,2500,2462.5
"90036","Los Angeles","CA","Los Angeles-Long Beach-Anaheim","Los Angeles",99,,,,,,,,,,,,,,,,,,,,,,,,,,,,,,,,,,,,,,,,,,,,,,,,,,,,,,,,,,,,,,,,,,,,,,,2595,2400,2395,2500,2400,2550,2625,2597.5,2622.5,2697.5,2747.5,2695,2695,2795
"19104","Philadelphia","PA","Philadelphia","Philadelphia",100,,,,,,,,,,,,,,,,,,,,,,,,,,,,,,,,,,,,,,,,,,,,,,,,,,,,,,985,1085,1149,1200,1225,1037,995,995,1037.5,1197.5,1195,1212.5,1300,1200,1300,1250,1195,1182,1050,1169,1225,1225,1169,1212.5,1200,1150,1250,1300,1215,1220,1195
"02135","Boston","MA","Boston","Suffolk",101,,,,,,,,,,,,,,,,,,,,,,,,,,,1875,1850,1900,1900,1895,1875,1895,1900,1899.5,1925,1975,1925,1925,1950,1990,1995,2000,2000,1995,1995,1995,1980,1950,1950,1975,2000,2000,2000,2000,2050,2050,2050,2050,2077.5,2085,2040,2100,2050,2200,2300,2205,2350,2550,2300,2400,2500,2500,2200,2100,2100,2250,2400,2500,2500,2500,2500,2500,2500
"33141","Miami Beach","FL","Miami-Fort Lauderdale","Miami-Dade",102,,,,,,,,,,,,,,,,,,,,,,,,,,,,,,,,,,,,,,,,,,,,,,,,,,,,,,,,,,,,,,,,,,,,,,1725,1900,1700,1950,1994.5,1900,1850.5,1800,1791,1779,1850,1850,1850,1854,1850
"06511","New Haven","CT","New Haven","New Haven",103,,,,,,,,,1150,1175,1125,1100,1150,1100,1100,1187.5,1200,1185,1200,1212.5,1225,1212.5,1200,1150,1100,1050,1100,1025,1100,1200,1225,1300,1200,1250,1250,1200,1200,1192.5,1195,1095,1050,1100,1125,1197.5,1195,1195,1195,1200,1200,1200,1175,1150,1150,1195,1200,1200,1250,1250,1250,1200,1197.5,1195,1200,1195,1200,1200,1250,1200,1195,1250,1275,1150,1200,1195,1197.5,1200,1275,1350,1395,1350,1295,1247.5,1250,1195
"10466","New York","NY","New York","Bronx",104,,,,,,,,,,,,,,,,,,,,,,,,,,,,,,,,,,,,,1350,1150,1150,1200,1200,1200,1200,1300,1300,1250,1250,1250,1350,1300,1300,1375,1400,1300,1350,1350,1350,1350,1400,1397.5,1397.5,1400,1400,1450,1450,1450,1450,1350,1450,1450,1450,1450,1395,1350,1400,1400,1400,1450,1450,1450,1500,1537.5,1550,1550
"11354","New York","NY","New York","Queens",105,,,,,,,,,,,,,,,,1625,1600,1550,1500,1402.5,1425,1485,1430,1500,1500,1550,1572.5,1550,1595,1550,1595,1600,1600,1650,1700,1650,1600,1600,1650,1650,1650,1650,1650,1650,1650,1650,1650,1650,1650,1662.5,1650,1650,1695,1650,1650,1650,1697.5,1700,1750,1752.5,1750,1750,1700,1750,1812.5,1800,1750,1800,1950,1800,1862.5,1937.5,2000,2200,1950,2150,1950,1950,2150,2200,2162.5,2200,2250,2200
"11374","New York","NY","New York","Queens",106,,,,,,,,,,,,,,,,,,,,,,,1749,1600,1597.5,1657.5,1725,1650,1725,1725,1700,1750,1750,1750,1800,1800,1800,1800,1800,1795,1800,1775,1800,1925,1825,1897.5,1900,1950,1900,1900,1900,1900,1950,1950,1950,1900,2000,2090,2100,2100,2150,2150,2197,2250,2200,2150,2125,2282.5,2000,2150,2200,2000,2037.5,2000,1850,1950,2025,1925,1875,1950,1912.5,1993,2100,2000
"10473","New York","NY","New York","Bronx",107,,,,,,,,,,,,,,,,,,,,,,,,,,,,,,,,,,,,,,,,,,,,,,,,,,,,,,,,,,,,,,,,,,,,,,,1603,1600,1650,1650,1625,1795,1825,1900,1900,1700,1850,1725,1700,1706
"10033","New York","NY","New York","New York",108,,,,,,,1525,1495,1495,1485,1550,1525,1475,1550,1550,1525,1550,1550,1550,1550,1725,1700,1800,1800,1767.5,1750,1772.5,1700,1700,1700,1725,1750,1725,1795,1800,1800,1795,1750,1750,1800,1775,1795,1800,1825,1850,1950,1950,1955,2000,1995,2000,2000,2000,2000,2000,2000,2100,2150,2200,2100,2097.5,2095,2000,2050,2150,2195,2150,2162.5,2025,2100,2350,2225,2195,2150,2033.5,2275,2250,2292,2195,2200,2175,2200,2200,2150
"11210","New York","NY","New York","Kings",109,,,,,,,,,,,,,,,,,,,,,,,,,,,,,,1450,1500,1549.5,1425,1350,1300,1400,1400,1400,1400,1400,1400,1400,1400,1400,1495,1515,1500,1450,1400,1450,1450,1500,1450,1500,1550,1700,1800,1795,1799.5,1750,1750,1800,1885,1900,1800,1750,1800,1695,1700,1700,1700,1849,1800,1962.5,1795,1800,1750,1775,1800,1799,1799,1799.5,1750,1787.5
"10036","New York","NY","New York","New York",110,,,,,,,,,,,,,,,,,,3200,3250,3200,3190,3197.5,3199,3200,3200,3200,3172.5,3142.5,3100,3135,3190,3195,3200,3200,3200,3200,3235,3200,3200,3195,3200,3200,3200,3250,3400,3300,3287,3295,3390,3325,3350,3375,3475,3450,3495,3250,3250,3195,3395,3250,3190,3057.5,3000,3010,3144,3195,3200,3250,3195,3190,3117,3250,3097.5,3426,3030,3125,3225,3127,3085,3206,3250,3250,3250,3250
"10010","New York","NY","New York","New York",111,,,,,3050,2812.5,2925,2995,3100,3099,3100,3300,3250,3350,3250,3200,3250,3149,3150,3300,3400,3500,3400,3350,3300,3395,3295,3300,3395,3350,3395,3370,3395,3395,3350,3450,3480,3400,3400,3400,3400,3400,3395,3400,3450,3500,3495,3600,3650,3597.5,3650,3500,3500,3500,3647,3495,3500,3590,3595,3647,3644,3600,3595,3600,3600,3600,3587.5,3795,3765,3562.5,3600,3503,3595,3650,3600,3580,3650,3595,3695,3695,3673,3672.5,3695,3688
"76549","Killeen","TX","Killeen","Bell",112,,,,,,,,,,,625,595,600,625,649,639.5,649.5,649.5,675,750,650,650,650,650,677.5,655,675,700,625,659,650,677.5,695,695,725,775,750,707.5,707.5,700,750,750,750,750,795,750,790,795,795,800,795,795,775,795,795,795,775,775,795,800,800,795,795,795,795,775,775,790,775,785,737.5,785,700,725,795,750,750,750,795,795,775,760,750,707.5
"19103","Philadelphia","PA","Philadelphia","Philadelphia",113,,,,,,,,,,,,,,,,,,,,,,,,,,,,,,,,,,,,,,,,,,,,,,,,,,,,,,,,,,,,,,,,,,,,,,,,1822.5,1995,1699.5,1900,1920,1957.5,1850,1775,1850,1770,1825,1900,1850
"11106","New York","NY","New York","New York",114,,,,,,,,,,,,,,,,,,,,,1825,1750,1750,1800,1950,1850,1800,1862.5,1872.5,1925,1837.5,1900,1862,2000,2070,2100,2100,2000,2000,1950,2000,2050,2086.5,2100,2100,2100,2091,2100,2150,2150,2187.5,2133,2100,2100,2100,2150,2195,2195,2200,2100,2150,2200,2200,2200,2200,2250,2225,2195,2250,2250,2300,2100,2100,2250,2197.5,2200,2100,2100,2100,2150,2100,2172.5,2154,2200
"10022","New York","NY","New York","New York",115,,,,,2900,2950,2800,3000,3150,3250,3100,3025,3065,3272.5,3200,3100,3100,3100,2825,3025,2900,2900,2900,3000,3200,3200,3200,3170,3200,3150,3195,3192.5,3100,3195,3150,3150,3200,3150,3200,3200,3250,3262.5,3250,3300,3350,3250,3375,3300,3300,3200,3047.5,3200,3399.5,3500,3597.5,3300,3490,3450,3500,3395,3285,3200,3295,3283.5,3200,3400,3400,3400,3195,3175,3295,3400,3325,3500,3425,3350,3310.5,3300,3300,3400,3500,3397.5,3250,3300
"33178","Doral","FL","Miami-Fort Lauderdale","Miami-Dade",116,,,,,,,,,,2000,2100,2025,2050,2000,2100,2100,2050,2000,2000,2000,2000,2000,2100,2200,2100,2100,2200,2100,2100,2100,2100,1900,1900,1900,2000,2050,1975,1850,1900,2000,2062.5,2050,2050,2100,2100,2100,2200,2150,2100,2025,2200,2375,2300,2000,1950,2000,1886.5,1862.5,1950,1900,1950,2000,2000,2050,2100,2100,2250,2290,2000,2200,2250,2300,2000,2300,2200,2100,2150,2150,2100,2197.5,2200,2200,2200,2225
"33180","Aventura","FL","Miami-Fort Lauderdale","Miami-Dade",117,,,,,,,,,,,,,,,,,,,,,,,,,,,,,1837.5,1950,2050,2300,2000,2250,2400,2485,2300,2200,2400,2450,2485,2500,2500,2500,2500,2650,2650,2600,2675,2750,2500,2500,2500,2500,2500,2450,2400,2425,2497.5,2500,2550,2475,2412.5,2470,2490,2437.5,2500,2400,2450,2350,2300,2250,2300,2300,2300,2250,2300,2400,2500,2470,2450,2500,2500,2500
"11432","New York","NY","New York","Queens",118,,,,,,,,,,,,,,,,,,,,,,,,,,,1575,1500,1650,1575,1475,1575,1587.5,1625,1587.5,1500,1550,1500,1500,1450,1475,1500,1525,1575,1650,1568,1601,1550,1600,1625,1575,1550,1600,1650,1700,1695,1699,1600,1650,1725,1795,1650,1700,1650,1650,1750,1795,1650,1795,2000,1897.5,1650,1750,1833,1795,1850,1825,1875,2010,2047,2190.5,2383,2200,1985
"02124","Boston","MA","Boston","Suffolk",119,,,,,,,,,,,,,,,,,,,,,,,,,,,,,,,,,,,,,,,,,,,,,2100,2000,2010,2200,1850,1800,1800,1850,1850,1830,1807.5,1900,1975,1950,2050,2000,1850,1800,1875,1850,1850,1900,1900,1850,2050,2055,2000,1900,1962.5,1970,1850,2100,1850,1875,2000,2050,2150,2100,2130,2100
"59101","Billings","MT","Billings","Yellowstone",120,,,,,,,,,,,,,,,,,,,,,,,,,,,,,,,,,,,,,,,,,550,585,575,575,575,525,562.5,575,595,595,595,595,595,612.5,625,600,595,607.5,595,625,625,650,595,595,595,595,592.5,595,550,575,595,640,585,550,550,575,595,590,577.5,587.5,620,595,595,579
"10065","New York","NY","New York","New York",121,,,,,,,3300,3195,3225,3195,3200,3300,3600,3222.5,3000,3000,3050,3172.5,3000,3295,3325,3450,3495,3400,3500,3425,3500,3450,3425,3500,3600,3500,3500,3450,3500,3495,3500,3495,3450,3400,3495,3500,3500,3425,3600,3500,3450,3200,3295,3495,3450,3400,3595,3500,3500,3450,3497.5,3500,3495,3450,3495,3500,3450,3495,3450,3490,3695,3295,3200,3250,3200,3200,3395,3284,3297.5,3350,3450,3295,3299,3249.5,3295,3498,3000,3225
"11222","New York","NY","New York","Kings",122,,,,,,,,,,,,,,,,,,,,,,2600,2725,2450,2400,2000,2250,2400,2400,2400,2700,2675,2700,2800,2850,2800,2800,2800,2700,2600,2600,2600,2700,2950,2950,2800,2850,2815,2900,2849,2800,2800,2795,2700,2841,2995,2915,2861,2900,2917.5,2950,2800,2800,2700,2750,2750,2897.5,2800,2900,2950,2850,2895,2895,2850,2697.5,2790,2759.5,2750,2777.5,2799,2899,2899,2800,2849
"10040","New York","NY","New York","New York",123,,,,,,1385,1415,1350,1300,1300,1400,1450,1350,1350,1296,1250,1325,1325,1375,1300,1325,1350,1450,1400,1450,1400,1413.5,1395,1375,1400,1450,1450,1475,1487.5,1458,1500,1500,1500,1495,1500,1500,1500,1500,1500,1550,1625,1700,1675,1700,1650,1650,1650,1700,1700,1675,1700,1700,1697.5,1675,1750,1700,1697,1650,1650,1625,1625,1650,1650,1672.5,1700,1850,1650,1625,1662.5,1637.5,1797.5,1750,1700,1772.5,1850,1850,1895,1800,1800
"33134","Coral Gables","FL","Miami-Fort Lauderdale","Miami-Dade",124,,,,,,,,,,,,,,,,,,,,,,,,,,,,,,,,,,,,,,,,,2350,2300,2350,2250,2200,2300,2375,2300,2300,2000,2175,2000,2225,2200,2350,2400,2300,2300,2325,2400,2300,2325,2300,2350,2300,2350,2350,2350,2300,2200,2087.5,2197.5,2400,2350,1995,1925,1975,1950,1999,2150,2075,1925,1900,1950
"60645","Chicago","IL","Chicago","Cook",125,,,,,,,,,,,,,,,,,,,,,,,,1125,997.5,950,1075,1075,1095,1100,1097.5,1150,1100,975,995,985,975,995,995,995,995,1015,1015,995,1000,1100,1125,1100,1100,1095,1100,1050,985,1050,1100,1100,1095,1100,1050,1075,1112.5,1237.5,1300,1300,1300,1285,1250,1250,1095,1150,1100,1132.5,1135,1100,1150,1250,1300,1325,1325,1325,1325,1300,1250,1225
"11561","Long Beach","NY","New York","Nassau",126,,,,,,,,,,,,,,,,,,,,,,,,,2000,2175,2000,1950,1997.5,2100,2100,2100,2150,2000,2100,2050,1987.5,1900,1850,1800,1800,1800,1850,1925,2000,2050,2100,2100,2000,2000,2090,2065,2187.5,2100,2280,2300,2450,2600,2300,2300,2200,2200,2200,2200,2300,2400,2300,2290,2290,2000,2000,1980,2300,2175,2265,2497.5,2472.5,2600,2600,2700,2500,2300,2222.5,2245
"06790","Torrington","CT","Torrington","Litchfield",127,,,,,,,,,,,,,775,775,775,750,775,775,750,750,750,750,700,775,775,750,737.5,750,795,775,795,800,782.5,750,750,750,775,797.5,795,780,775,775,775,775,775,800,800,800,800,785,797.5,775,795,795,775,775,795,800,825,825,812.5,850,850,825,825,825,800,800,800,800,800,837.5,850,825,825,800,800,800,825,800,800,837.5,825,800
"11435","New York","NY","New York","Queens",128,,,,,,,,,,,,,,,,,,,,,,,,,,1512.5,1612,1550,1487.5,1387,1450,1362.5,1400,1400,1395,1375,1375,1384,1400,1426,1450,1450,1450,1450,1495,1550,1575,1625,1750,1602.5,1675,1650,1598,1598,1599,1650,1775,1739,1775,1760,1695,1725,1735,1750,1750,1750,1749,1800,1725,1750,1750,1800,1725,1695,1695,1700,1700,1747.5,1750,1775,1799,1799,1850,1850
"85716","Tucson","AZ","Tucson","Pima",129,,,,,,,,,,,,,,575,595,595,595,595,625,650,595,575,595,595,595,595,650,675,662.5,650,605,575,575,550,550,550,550,550,550,550,575,575,575,575,575,575,595,575,575,575,585,575,550,575,595,595,575,575,550,550,550,575,600,625,625,625,600,637.5,625,575,610,595,575,575,595,600,595,637.5,637.5,650,625,695,650,625
"02127","Boston","MA","Boston","Suffolk",130,,,,,,,,,,,,,,,,,,,,,2550,2513,2650,2772.5,2492,2600,2585,2500,2434,2404,2600,2800,2897.5,2925,2800,2795,2750,2650,2760,2800,2750,2712.5,2750,2800,2800,2800,2700,2600,2597.5,2625,2600,2650,2650,2720.5,2700,2650,2800,2775,2700,2775,2637.5,2650,2650,2650,2743,2800,2800,2850,2700,2800,2800,2800,2853,2900,2750,2800,3000,3000,3000,3000,3012.5,3000,2985,3000
"10034","New York","NY","New York","New York",131,,,,,,,,,,,,,,,,,,1450,1450,1425,1350,1450,1522,1450,1375,1350,1450,1450,1495,1495,1450,1450,1495,1475,1450,1450,1475,1450,1450,1450,1475,1475,1495,1550,1595,1606,1650,1650,1650,1650,1600,1650,1650,1600,1650,1675,1700,1762.5,1695,1695,1712.5,1700,1772.5,1750,1700,1700,1650,1700,1700,1750,1695,1600,1695,1675,1695,1695,1750,1775,1795,1855,1825,1825,1825,1812.5
"11205","New York","NY","New York","Kings",132,,,,,,,,,,,,,,,,,,,,,,,,,,,,,,,,,,,,,,,,,,,,,,,,,,,,,,2995,2899,3100,3100,2900,2850,2795,2746,2700,2700,2750,2850,2800,2800,2795,2800,2900,2800,2800,2850,2800,2600,2699,2699,2699,2700,2750,2800,2800,2792,2700
"60605","Chicago","IL","Chicago","Cook",133,,,,,1683.5,1644,1775,1811,1799,1854,1749,1946.5,1961,2010,1820,1766,1707,1814,1955,2100,2100,1895,1895,1830.5,1754,1843,1900,1903.5,2020,1961,2017,1950,1900,1908,1859,1785,1864,1900,1970.5,1900,1900,1900,1890,1892,1970,2000,2055,2000,1911.5,1977.5,1969.5,1979,2035,1904,1910,1920,1951.5,2000,1906,1940.5,1921.5,2011,1983,2000,1921,1914,1825,1862,1887,1969,1991,1895,1908,1970,1795,1968,1922,1991,2000,2014,2007,2014,2058.5,2000
"12601","Town of Poughkeepsie","NY","New York","Dutchess",134,,,,,,,,,,,,,,,,,,,,,,,900,900,950,950,900,875,895,950,1000,975,950,850,850,875,900,850,950,950,945,950,950,1000,1049,1024.5,950,1000,1050,975,1000,1000,1050,1050,1000,1050,1050,1100,1050,1072.5,1050,1037.5,1012.5,1100,1100,1100,1100,1095,1150,1050,1125,1072.5,1100,1150,1100,1150,1100,1150,1200,1200,1200,1150,1150,1150
"02472","Watertown","MA","Boston","Middlesex",135,,,,,,,,,,,,,,,,,,1800,1795,2000,1925,1800,1800,1900,1800,1787.5,1825,1800,1800,1800,1850,1800,1900,1800,1962.5,1962.5,1900,1900,1850,1850,1850,1900,1905,2000,2050,2197.5,2100,2050,1950,1950,2000,2000,2050,2000,2200,2100,2150,2200,2150,2172.5,2100,2100,2100,2200,2200,2200,2200,2100,2104,2175,2150,2100,2100,2200,2100,2100,2300,2395,2425,2325,2312.5,2350,2350,2300
"10026","New York","NY","New York","New York",136,,,,,,,,,,,,,,,,,,2400,2495,2625,2762.5,2700,2712.5,2700,2595,2600,2600,2532,2495,2495,2595,2598,2600,2596.5,2650,2595,2600,2600,2500,2500,2595,2600,2595,2595,2600,2700,2700,2772.5,2700,2519,2700,2612,2800,2750,2699,2550,2650,2697.5,2695,2772.5,2750,2750,2818,2850,2843,2797.5,2725,2700,2661,2795,2795,2632,2547.5,2750,2532.5,2594,2650,2650,2700,2652.5,2685,2800,2836,2683.5
"02139","Cambridge","MA","Boston","Middlesex",137,,,,,2650,2350,2350,2300,2325,2250,2250,2362.5,2546.5,2400,2500,2579,2720,2899,2682,2573.5,2500,2400,2700,2835,2685,2461,2479,2551,2899.5,2825,2800,2700,2500,2600,2690,2600,2555,2500,2600,2600,2600,2600,2700,2700,2612.5,2600,2650,2550,2600,2500,2500,2475,2500,2600,2600,2600,2600,2600,2600,2600,2500,2425,2400,2500,2550,2600,2800,2872.5,2700,2750,2750,2625,2500,2595,2610,2619.5,2600,2800,2885,2850,2865,2800,2800,2750
"02138","Cambridge","MA","Boston","Middlesex",138,,,,,1725,1650,1700,1725,1725,1800,1900,1920,1870,1925,1900,2087.5,1800,2085,1955,2065,2030,2075,2155,2262.5,2250,2275,2200,2177.5,2250,2200,2200,2200,2200,2200,2362.5,2397.5,2345,2375,2395,2455,2426,2400,2400,2422.5,2450,2400,2457,2400,2400,2365,2400,2400,2385,2400,2500,2402.5,2400,2430,2407.5,2462.5,2497,2462.5,2400,2450,2500,2450,2500,2575,2500,2500,2495,2500,2550,2350,2350,2400,2400,2450,2500,2545,2575,2510,2522.5,2500
"11217","New York","NY","New York","Kings",139,,,,,,,,,,,2425,2400,2400,2599,2450,2450,2500,2500,2525,2572.5,2525,2671,2500,2700,2500,2500,2697,2675,2800,2800,2799.5,2900,2772.5,2900,2900,2900,2850,2900,2795,2755,2700,2712.5,2800,2990,2950,2900,2900,3051,3200,2861,2900,2875,2950,2914,2914,2987.5,2900,2900,2950,2950,2950,2900,2895,2900,2850,2900,2950,2900,3100,3000,2999.5,3000,2900,2978,2903,2750,2800,2900,2900,2995,3000,3078,3075,3100
"11237","New York","NY","New York","Kings",140,,,,,,,,,,,,,,,,,,,,,,,,2200,2099,1849.5,2099,2100,2150,2200,2324.5,2399,2400,2400,2599,2650,2600,2550,2500,2400,2400,2350,2399,2399.5,2400,2400,2499,2562.5,2499,2400,2400,2500,2599,2550,2500,2500,2550,2650,2650,2750,2650,2600,2550,2600,2550,2500,2500,2500,2550,2700,2600,2705,2700,2700,2595,2495,2493.5,2500,2595,2600,2600,2650,2700,2595
"11103","New York","NY","New York","Queens",141,,,,,,,,,,,,,,,,,,,,,,,,,,1825,1825,1895,1900,1825,1825,1850,1900,1975,2000,2000,2000,2000,1995,2000,1962.5,1900,1900,2000,2000,2000,2000,2050,2100,2000,2050,2100,2125,2150,2100,2150,2200,2200,2200,2200,2150,2150,2150,2200,2200,2200,2200,2200,2200,2250,2300,2300,2200,2200,2200,2199.5,2150,2200,2162.5,2250,2250,2300,2300,2250
"11367","New York","NY","New York","Queens",142,,,,,,,,,,,,,,,,,,,,,,,,,,,,,,,,,,,,,,,,,,,,,,,,,,,,,,,,,,,,,,,,,,,,,,,,,2100,2000,1992.5,1975,1975,1999,1950,1950,1975,1975,1975,1975
"33130","Miami","FL","Miami-Fort Lauderdale","Miami-Dade",143,,,,,,,,,,,,,,,,,,,,,,,,,,,,,,,,,,2490,2500,2400,2200,2100,2300,2300,2350,2350,2400,2400,2100,2150,2050,2300,2300,2200,2000,2025,2200,2000,2025,2025,2100,2175,2325,2200,2100,2300,2300,2350,2400,2400,2267.5,2225,2350,2200,2100,2150,2285,2350,2300,2400,2400,2400,2500,2500,2500,2500,2450,2450
"02128","Boston","MA","Boston","Suffolk",144,,,,,,,,,,,,,,,,,,,,,,,,,,,1500,1500,1500,1500,1525,1675,1750,1895,1900,2000,1800,1800,1800,1855,1800,1800,1800,2000,2000,2000,2075,2025,1900,2000,2100,2000,2000,2100,2049,2175,2107.5,2200,2200,2200,2200,2200,2250,2300,2250,2250,2250,2200,2300,2300,2300,2250,2200,2200,2141.5,2462.5,2450,2400,2450,2450,2500,2500,2457.5,2400
"80203","Denver","CO","Denver","Denver",145,,,,,,,,,,,,,,,,,,,,,,,,,,,,,,,,,,,,,,,,,,,,,,,,,,,,,,,,,,,,,,,,,,,,,,,,,1022.5,995,1000,995,1050,1100,1100,1085,1130,1075,1225,1225
"10035","New York","NY","New York","New York",146,,,,,,,,,,,,,,,,2600,2400,2450,2400,2300,2250,2400,2500,2400,2350,2350,2350,2250,2200,2200,2200,2150,2200,2200,2100,2175,2150,2075,2100,2150,2195,2199,2200,2290,2250,2095,2085,2095,2136.5,2100,2099.5,2150,2250,2100,2100,2200,2400,2350,2200,2395,2400,2460,2395,2395,2395,2377,2300,2336,2175,2390,2400,2250,2200,2325,2200,2300,2400,2410,2450,2500,2400,2415,2400,2378.5
"33401","West Palm Beach","FL","Miami-Fort Lauderdale","Palm Beach",147,,,,,,,,,,,,,,,,,,,,,,,,,,,,,,,,,,,,,,,,,,,,,,,,,,,,,,,,,,,,,,,,,,,,,,,1125,1172.5,1100,1127.5,1217.5,1150,1100,1127.5,1200,1250,1200,1127.5,1295,1200
"10013","New York","NY","New York","New York",148,,,,,,,,,,,,,4450,4450,4200,3987.5,3999.5,3997.5,3997.5,3950,3950,3975,4000,3950,3997.5,3962.5,3900,3895,3782.5,4000,4000,4000,3989,3956.5,4500,4425,4395,4300,4250,4295,4300,4370,4400,4499,4695,4495,4995,4475,4495,4475,4475,4500,4650,4850,4800,4997.5,4977,4895,4972.5,4695,4500,4550,4495,4222.5,4195,4495,4450,4500,4045,4495,4485,4375,4450,4895,4375,4500,4765,4795,4695,4695,4595,4762.5,4795,4625
"10075","New York","NY","New York","New York",149,,,,,,,,,,,,2425,2395,2422.5,2350,2340,2350,2395,2400,2350,2400,2400,2450,2395,2370,2375,2395,2395,2450,2400,2425,2450,2500,2500,2500,2495,2500,2450,2400,2350,2400,2400,2495,2550,2550,2450,2440,2395,2392.5,2350,2400,2425,2514,2400,2450,2443,2450,2495,2472.5,2425,2499.5,2450,2400,2450,2412.5,2495,2425,2495,2500,2425,2485,2400,2425,2495,2392.5,2425,2450,2475,2497.5,2495,2595,2550,2450,2495
"11102","New York","NY","New York","Queens",150,,,,,,,,,,,,,,,,,,,1850,1900,1990,2165,2200,2300,2375,2100,1900,1900,1900,1900,2000,1995,2000,2100,2150,2200,2300,2200,2100,2100,2200,2200,2200,2250,2312.5,2300,2300,2350,2400,2350,2300,2250,2250,2350,2375,2395,2350,2300,2400,2500,2450,2422,2350,2395,2400,2400,2400,2400,2400,2400,2450,2500,2350,2500,2295,2400,2400,2400,2400,2300,2400,2400,2497,2300
"33140","Miami Beach","FL","Miami-Fort Lauderdale","Miami-Dade",150,,,,,,,,,,,,,,,,,,,,,,,,,,,,,,,,,,,,,,,,,,,,,,,,,,,,,,,,,,,,,,,,,,,,,2500,2500,2150,2150,2149.5,2300,2300,2300,2100,2125,2150,2400,2450,2640,2500,2500
"11101","New York","NY","New York","Queens",152,,,,,,,,,,,,,,,,,,,,,,,,,,2200,2525,2500,2500,2600,2503,2600,2700,2650,2615,2625,2600,2600,2600,2595,2598,2600,2620,2650,2700,2630,2600,2600,2600,2677,2690,2650,2697.5,2725,2725,2785,2751,2700,2736,2700,2695,2700,2700,2650,2672,2683.5,2654,2730,2700,2743,2750,2784,2714,2767,2615,2720,2650,2650,2625,2610,2650,2752,2795,2785
"02446","Brookline","MA","Boston","Norfolk",153,,,,2050,2100,2275,2100,2100,2210,2177.5,2000,2000,2212.5,2100,2150,2500,2497.5,2375,2300,2200,2125,2050,2092.5,2250,2200,2350,2487.5,2875,2800,2450,2385,2450,2455,2485,2400,2400,2500,2500,2572.5,2650,2665,2650,2650,2600,2550,2540,2600,2550,2500,2570,2650,2727.5,2775,2750,2695,2700,2637.5,2560,2570,2575,2600,2685,2900,2962.5,3000,2900,2810,2925,3125,2850,2600,2800,2600,2600,2995,3095,2800,2850,2900,2900,2900,2945,2800,2835
"23503","Norfolk","VA","Virginia Beach","Norfolk City",154,,,,,,,800,795,750,725,695,700,725,725,725,795,725,695,685,725,750,750,772.5,750,772.5,750,750,750,750,775,790,790,790,790,795,775,750,775,822.5,762.5,750,750,775,762.5,750,825,825,795,755,775,775,750,750,750,775,775,780,781,750,750,725,750,750,762.5,750,750,762.5,795,750,750,782.5,797.5,750,750,750,750,788,795,797,800,800,785,750,785
"60202","Evanston","IL","Chicago","Cook",155,,,,,,,,,,,,,,,,,,,,,,,,,,,,,,,,,,,,,,,,,,,,,,,,,,,,1200,1200,1195,1195,1197.5,1245,1220,1295,1250,1250,1227.5,1200,1250,1270,1325,1325,1395,1280,1295,1225,1285,1250,1250,1217.5,1270,1297.5,1350,1350,1395,1350,1350,1350,1337.5
"11231","New York","NY","New York","Kings",156,,,,,,,,,,,,,,,,,,,,2547.5,2600,2500,2500,2675,2850,2800,2750,2500,2600,2750,2800,3000,3000,3000,3000,2900,2800,2900,2900,2850,2800,2800,2750,2800,2800,2850,2950,2800,2850,2800,2897.5,2800,2600,2800,2900,3100,2950,2975,3000,3000,2975,2995,2950,2900,2900,2995,3000,2995,2900,2995,2950,3000,3100,3000,2695,2850,2800,2800,2800,2900,2800,2800,2850,2800
"10001","New York","NY","New York","New York",157,,,,,,,,,,,,,,,,3400,3495,3450,3400,3395,3450,3600,3600,3660,3630,3597.5,3500,3400,3400,3400,3422.5,3425,3400,3450,3451.5,3490,3400,3300,3295,3300,3319,3350,3350,3400,3500,3450,3300,3449,3350,3300,3425,3355,3357.5,3490,3462,3500,3612,3650,3800,3866,3650,3600,3637.5,3637.5,3400,3362.5,3397.5,3395,3695,3695,3595,3595,3600,3770,3490,3556,3600,3648,3795,3838,3623,3950,3870,3916.5
"10012","New York","NY","New York","New York",158,,,,2450,2500,2595,2600,2695,2850,2800,2800,2797.5,2895,2922,2922,2850,2900,2992.5,2995,3000,3000,3025,3200,2967,3195,3250,3250,3195,2995,2995,2995,3050,3150,3200,3275,3300,3395,3395,3299,3295,3295,3300,3300,3295,3299,3300,3350,3395,3447.5,3500,3495,3500,3495,3500,3495,3295,3333,3400,3350,3450,3495,3450,3395,3400,3295,3325,3400,3350,3300,3350,3250,3195,3395,3397.5,3295,3300,3395,3350,3395,3395,3395,3500,3495,3400
"60654","Chicago","IL","Chicago","Cook",159,,,,,,1807.5,1800,1754.5,1812.5,1850,1850,1893.5,1963.5,1963.5,1935,1937,1962,1921.5,2015,2115.5,2040,1939.5,1929,1811,1825,1923,1953,1973,2050,2100,2019,2072,2150,2205,2200,2150,2100,2071,2062.5,2121,2122.5,2139,2200,2350,2381,2361.5,2380,2265,2241,2321,2336,2280,2277,2237,2390,2499,2450,2450,2450,2633,2639,2634,2497,2504.5,2609,2350,2290,2300,2300,2300,2346,2237,2312,2245,2176,2198.5,2177,2245,2245,2237,2274,2275,2314,2303
"11249","New York","NY","New York","Kings",160,,,,,,,,,,,,,,,,,,,,,,,,,3647.5,3499,3465.5,3499,3435,3300,3443,3475,3400,3455,3287.5,3300,3200,3180,3200,3200,3250,3300,3300,3400,3350,3315,3300,3375,3349.5,3200,3250,3134,3000,3195,3300,3400,3600,3450,3500,3550,3452,3765,3845,3738,3738,3600,3700,3585,3500,3350,3200,3500,3700,3700,3850,3687,3250,3396,3495,3388,3328,3328,3560,3535
"10801","New Rochelle","NY","New York","Westchester",161,,,,,,,,,,,,,,,,,,,,,,,,,,,,,,,,,,,,,,,,,,,,,,,,,,,,,,,,,,,,,,,,,,,,,,,,,2095,2047.5,1850,2150,2097.5,2325,2200,2150,2100,2047.5,2150,2100
"33131","Miami","FL","Miami-Fort Lauderdale","Miami-Dade",162,,,,,,,,,,,,,,,,,,,,,,,,,,,,,,,,2200,2350,2600,2649.5,2500,2485,2500,2500,2550,2550,2550,2550,2700,2600,2600,2650,2675,2650,2562.5,2550,2549.5,2550,2524.5,2600,2600,2500,2500,2500,2500,2550,2600,2512.5,2500,2525,2550,2500,2550,2500,2550,2575,2600,2500,2500,2500,2500,2500,2550,2550,2550,2600,2600,2650,2650
"60607","Chicago","IL","Chicago","Cook",163,,,,,,,,,,,,,,,,,,,,,,,,,,,,,,,,,,,,,,,,,,,,,,,,,,,,,,,,,,,,,,,,,,,,,,,2300,2300,2325,2255.5,2000,2187.5,2350,2500,2500,2500,2377.5,2350,2413,2500
"11105","New York","NY","New York","Queens",164,,,,,,,,,,,,,,,,,,,,,,,,2100,2175,2287.5,2200,2195,1975,2025,2062.5,2200,2195,2195,2050,2000,2100,2200,2199.5,2110,2150,2100,2150,2250,2200,2295,2400,2295,2300,2295,2350,2400,2400,2350,2300,2200,2200,2200,2250,2300,2200,2300,2300,2300,2195,2300,2300,2394.5,2274.5,2300,2400,2400,2300,2300,2100,2150,2200,2150,2200,2100,2250,2300,2350,2285
"02150","Chelsea","MA","Boston","Suffolk",165,,,,,,,,,,,,,,,,,,,,,,,,,,,,,,,,,,,,,,,,,,,,,,,,,,,,,,,,,,,,,,,,,,,,,,,,,1700,1600,1500,1747.5,1750,1800,1750,1900,1997.5,1945,1901.5,2045
"02125","Boston","MA","Boston","Suffolk",166,,,,,,,,,,,,,,,,,,,,,,,,,,,,,1900,1925,1975,1952.5,2000,2000,1950,1902.5,1950,1950,1900,1937.5,1950,1995,2050,2050,2212.5,2300,2207.5,2100,2050,2000,2000,2000,2275,2250,2325,2400,2400,2225,2000,2050,2000,2100,2100,2400,2485,2495,2500,2495,2500,2600,2425,2275,2200,2200,2200,2500,2550,2550,2638,2686.5,2695,2694,2600,2550
"02118","Boston","MA","Boston","Suffolk",167,,,,,,,,,,,,,,,,2275,2232.5,2320,2375,2400,2400,2500,2559,2600,2500,2600,2700,2550,2600,2500,2600,2750,2825,2850,2800,2875,2800,2800,2803.5,2800,2850,2800,2795,2652.5,2770,2797.5,2750,2712.5,2750,2750,2750,2800,2790,3000,2800,2787.5,2800,2800,2800,2700,2700,2750,2800,2995,2995,2950,2967.5,2925,2900,2900,2900,2995,3000,2650,2800,3100,3200,3000,3000,2995,3000,3000,3000,3000
"02453","Waltham","MA","Boston","Middlesex",168,,,,,,,,,,,,,,,,,,,,,,,,,,,,,,,,,,2000,1985,1887.5,1700,1650,1697.5,1840,1900,1840,1800,1800,2050,2300,2000,1800,1700,1775,1875,2000,2050,2000,2150,2250,2200,2050,2000,1950,1800,2000,2100,2300,2100,2223.5,2200,2175,2100,2150,2200,2000,2100,2000,2195,2000,2100,2135,2100,2100,2025,2150,2200,2050
"11104","New York","NY","New York","Queens",169,,,,,,,,,,,,,,,,,,,,,,,,,1675,1675,1750,1750,1750,1750,1750,1750,1750,1800,1800,1800,1800,1750,1800,1800,1835,1835,1867,1900,1900,1875,1875,1900,1950,1900,1950,1950,2000,2000,1975,1950,1950,2000,2100,2100,2149.5,2100,2100,2100,2050,2100,2100,2025,2000,1995,2000,2100,2100,2100,2025,2000,1937.5,1995,1950,2000,2000,2050,2000,1973
"11358","New York","NY","New York","Queens",170,,,,,,,,,,,,,,,,,,,,,,,,,,,,,,,,,,1775,1725,1600,1650,1700,1810,1750,1700,1700,1700,1800,1825,1800,1800,1800,1750,1800,1700,1800,1850,1925,1900,1875,1900,1875,1862.5,1800,1975,1900,1987.5,1850,1850,1975,1850,1950,2025,2000,2050,1850,2100,1825,1950,1925,2100,1900,1850,1900,1900,2000,2000,2100
"10030","New York","NY","New York","New York",171,,,,,,,,,,,1650,1695,1695,1550,1550,1600,1650,1695,1672.5,1697.5,1799,1812,1800,1749,1550,1580,1599.5,1650,1650,1695,1700,1727,1700,1700,1750,1779,1750,1787,1762.5,1795,1775,1750,1750,1750,1750,1795,1800,1899,1900,1950,1950,2000,2000,2000,1950,1999,2000,1995,2100,2000,2000,1900,1900,2000,2000,2000,2000,2000,2100,2000,2000,2250,2100,2225,1985,2250,2165,2100,2100,2100,2100,2165,2250,2299
"60624","Chicago","IL","Chicago","Cook",172,,,,,,,,,,,,,,,,,,,,,,,,,,,,,,,,,,,,,,,,,,,,,,,,,,,,,,,,,,,,,,,,,,,,,,,,,1325,1300,1300,1203.5,1200,1250,1250,1250,1228.5,1250,1250,1228.5
"02131","Boston","MA","Boston","Suffolk",173,,,,,,,,,,,,,,,,,,,,,,,,,,,,,,,,1950,1900,1875,1875,1900,1850,1850,1800,1695,1650,1650,1650,1850,1900,1850,1850,1800,1800,1800,1800,1875,2000,2000,2100,2100,2075,2000,1900,1925,1800,1800,1750,1825,1975,2000,1900,2150,2095,2255,1962.5,1995,2025,1800,1950,1850,1900,1900,1950,2075,2195,2100,2100,2125
"33304","Fort Lauderdale","FL","Miami-Fort Lauderdale","Broward",174,,,,,,,,,,,,,,,,,,,,,,,,,,,,,,,,,,,,,,,,,,,,,,,,,,1300,1300,1400,1350,1250,1350,1200,1300,1300,1325,1350,1500,1500,1472.5,1300,1250,1350,1400,1300,1325,1250,1350,1300,1250,1300,1297.5,1275,1300,1350,1325,1300,1300,1350,1290,1272.5
"10017","New York","NY","New York","New York",175,,,,,,,,,,2800,2900,2950,3150,3295,3000,3000,3000,2950,2900,2900,3000,2992.5,3000,3000,3000,3000,3000,2950,3000,3000,3000,3000,3100,3100,3100,3195,3200,3050,3000,3100,3100,3200,3200,3200,3295,3200,3195,3150,3100,3200,3200,3200,3297.5,3400,3600,3190,3197.5,3097.5,3100,3100,3112.5,3250,3272.5,3150,3100,3060,3050,2878.5,3200,3295,3100,3165,3300,3295,2845,3020,3000,3125,3180,3070,2979,2969.5,2975,3050
"10039","New York","NY","New York","New York",176,,,,,,,,,,,,,,,,,,,,,,,1450,1495,1500,1450,1450,1450,1450,1450,1500,1500,1500,1550,1550,1550,1500,1500,1500,1495,1500,1500,1550,1600,1600,1650,1650,1650,1625,1675,1650,1650,1650,1712.5,1800,1825,1800,1800,1775,1700,1700,1800,1800,1900,1932.5,1925,1825,1975,1800,2000,1940,1825,1787.5,1800,1800,1997.5,1800,1816.5,1850,1833,1950,1950,1999,1997
"02132","Boston","MA","Boston","Suffolk",177,,,,,,,,,,,,,,,,,,,,,,,,,,,,,,,,,,,,,,,,,,,,,,,,,,,,,,,,,,,,,,,,,,,,,,,,,1997.5,1900,1922.5,1950,1895,1917.5,1995,1925,1995,1995,2100,1995
"02116","Boston","MA","Boston","Suffolk",178,,,,,,,,,,,,,,,2200,2200,2550,2400,2600,2500,2500,2450,2400,2600,2600,2600,2900,2600,2550,2500,2500,2650,2700,2800,2800,3000,2900,2800,2800,2800,2800,2700,2750,2800,2750,2900,2895,2800,2850,2850,2857.5,3000,3200,2775.5,2800,2700,2700,2750,2700,2750,2750,2750,2750,2950,2950,2950,2895,2800,2750,2750,2600,2700,2900,2800,3000,2650,2800,2800,2819.5,2800,2950,2800,2800,2800
"60621","Chicago","IL","Chicago","Cook",179,,,,,,,,,,,,,,,,,,,,,,,,,,,,,,,,,,,,,,,,,,,,,,,,,,,,,,,,,,,,,,,,,,,,,,,,,1100,950,1000,1072,1000,1000,1000,1100,1000,1000,1000,1100
"11228","New York","NY","New York","Kings",180,,,,,,,,,,,,,,,,,,,,,,,,,,,,,1575,1500,1500,1600,1600,1650,1700,1600,1700,1650,1700,1750,1600,1600,1600,1650,1650,1650,1700,1700,1700,1772.5,1850,1800,1850,1800,1850,2000,1900,1995,1925,1850,1950,1850,1975,2000,2000,2100,2000,2000,2100,2000,1925,2050,1900,2100,2225,2200,2100,2200,2200,2200,2200,2000,2100,2000
"10038","New York","NY","New York","New York",181,,,,,,2900,2990,3000,2995,3095,3072.5,3100,3010,3050,3000,2992,3020,3032.5,3100,3169,3200,3200,3245,3250,3200,3195,3195,3195,3200,3175,3195,3200,3245,3250,3275,3250,3252,3250,3262.5,3210,3225,3250,3275,3195,3230,3300,3300,3375,3340,3300,3305,3167.5,3295,3620,3720,3507.5,3467.5,3635,3495,3495,3500,3410,3395,3405,3377,3362.5,3400,3395,3552.5,3497.5,3465,3525,3446,3362.5,3350,3350,3395,3395,3485,3600,3595,3705,3600,3525
"11379","New York","NY","New York","Queens",182,,,,,,,,,,,,,,,,,,,,,,,,,,,,,,,,,,,,,,,,,,,,,,,,,,,,,,,,,,,,,,,,,,,,,,1925,2000,2100,1800,1975,2100,2000,2000,2100,1900,1999,2000,2000,2100,2050
"02143","Somerville","MA","Boston","Middlesex",183,,,,,,,,,,,,,,,,,,,,,,,,,,,,,,,2550,2350,2200,2300,2500,2400,2300,2300,2400,2362.5,2300,2300,2375,2300,2450,2400,2362.5,2325,2300,2295,2300,2249.5,2300,2550,2600,2700,2600,2600,2500,2410,2395,2297.5,2200,2300,2300,2600,2600,2800,2750,2500,2700,2800,2600,2475,2300,2400,2375,2400,2700,2775,2700,2700,2695,2700
"33019","Hollywood","FL","Miami-Fort Lauderdale","Broward",184,,,,,,,,,,,,,,,,,,,,,,,,,,,,,,,,,,,,,,,,,,,,,,,2400,2325,2200,2100,2150,2100,2100,2100,2200,2275,2400,2200,2150,1975,2200,2255,2150,2150,2275,2100,2300,2400,2200,2200,2225,2275,2450,2400,2250,2375,2200,2200,2300,2225,2200,2250,2300,2300
"33137","Miami","FL","Miami-Fort Lauderdale","Miami-Dade",185,,,,,,,,,,,,,,,,,,,,,,,,,,,,,,,,,,,,2355,2300,2450,2400,2300,2300,2300,2300,2350,2000,2000,2100,2162.5,2100,2000,2000,2075,2150,2000,2000,2000,2175,2250,2175,2350,2500,2755,2755,2700,2675,2700,2275,2300,2350,2475,2300,2350,2450,2350,2250,2300,2500,2500,2500,2550,2500,2450,2500,2575
"02115","Boston","MA","Boston","Suffolk",186,,,,,,,,,,,,,2225,2250,2200,1950,1837.5,1850,1850,1900,1950,2150,2285,2300,2100,2300,2400,2200,2100,2100,2100,2195,2200,2260,2300,2365,2207.5,2450,2500,2600,2500,2500,2425,2350,2350,2330,2350,2350,2400,2400,2400,2400,2400,2400,2400,2350,2375,2400,2425,2450,2415,2450,2400,2475,2400,2400,2400,2395,2425,2400,2297.5,2300,2500,2400,2600,2500,2600,2495,2500,2500,2400,2400,2500,2550
"10037","New York","NY","New York","New York",187,,,,,,,,,,,,,,1475,1495,1510,1525,1560,1572.5,1550,1550,1785,1822.5,1750,1625,1650,1705,1687.5,1650,1725,1750,1750,1737.5,1725,1750,1725,1725,1749.5,1700,1725,1702,1707,1750,1800,1795,1795,1750,1750,1775,1750,1750,1775,1800,1837.5,1800,1750,1797,1817.5,1897.5,1850,1847.5,1883,1899,1881.5,1850,1875,1935,1906,1965,1900,1950,1800,1955,1950,1915,1950,1950,1911,1887.5,1975,2112.5,2154,2149,2100
"02144","Somerville","MA","Boston","Middlesex",188,,,,,,,,,,,,,,,,,,,,,,,,,,,,2650,2850,2855,2525,2500,2600,2575,2637.5,2700,2600,2450,2400,2400,2275,2300,2400,2450,2400,2625,2597.5,2550,2600,2415,2500,2500,2500,2600,2800,2800,2850,2850,2700,2600,2695,2500,2500,2500,2550,2650,2750,2850,2900,2800,2700,2775,2700,2550,2550,2600,2600,2670,2950,3000,3000,2985,2850,2700
"02145","Somerville","MA","Boston","Middlesex",189,,,,,,,,,,,,,,,,,,,,1650,1750,1800,1737.5,1900,1850,1800,1800,1862.5,1825,2000,1900,1830,1800,1850,1950,1975,1900,1950,1899,1800,1850,1850,1900,1900,2000,2300,2132.5,2100,2000,2000,2000,2075,2100,2100,2200,2350,2325,2300,2300,2200,2000,2100,2075,2200,2300,2200,2200,2225,2300,2300,2300,2500,2400,2225,2225,2250,2100,2200,2312.5,2600,2595,2600,2500,2500
"02478","Belmont","MA","Boston","Middlesex",190,,,,,,,,,,,,,,,,,,,,,,,,,,,,,,,,1800,2000,1900,1900,1900,1900,1850,1850,1950,1950,1800,1874.5,1975,2000,2000,2200,2100,1995,2000,2000,2000,2100,2150,2200,2125,2100,2200,2000,2000,2000,2000,1995,2000,2000,2050,2100,2150,2200,2200,2300,2000,2000,2000,2025,1995,1997.5,2100,2100,2295,2295,2268,2295,2297.5
"60601","Chicago","IL","Chicago","Cook",191,,,,,1638,1822,1749.5,1743.5,1884,1882,1929,1960,1939.5,1888,1925,1900,1895,1972,2101,1920,1953.5,1957,1925,1962,1949,1910,1915,1940,1965,1988,2059,1965,1950,1948.5,1918.5,1945,1950,1934,2000,2071.5,2012,2100,2076,2069,2067,2096,2100.5,2125,2088,2125,2031,1968.5,2215.5,2257.5,2197,2256,2285.5,2211,2107,2283.5,2504,2380,2355,2165,2146,2153,2326,2326,2295,2266,2370,1947,1948,2099,1948.5,2015,1945,1980,1980,2002,2048,2163.5,2199,2174
"33301","Fort Lauderdale","FL","Miami-Fort Lauderdale","Broward",192,,,,,,,,,,,,,,,,,,,,,,,,,,,,,,,,,1799.5,1850,2099.5,1950,1950,1800,1800,1800,1750,1700,1675,1675,1785,1719,1650,1675,1900,1950,1800,1700,1897.5,1725,1668,1700,1675,1650,1650,1650,1650,1662.5,1800,1737.5,1725,1700,1650,1787.5,1725,1685,1787.5,1662.5,1725,1787.5,1797,1685,1762.5,1850,1850,1850,1800,1825,1847,1750
"02215","Boston","MA","Boston","Suffolk",193,,,,,,,,,,,,,,,,,,,,,,,,,,,,,1925,1795,1800,1800,1795,1795,1800,1825,1850,1850,1885,1945,1975,1950,1950,1900,1900,1900,1900,1900,1900,1950,1925,2050,2100,2000,2000,1962.5,1950,1950,1970,1960,1950,2060,2087.5,2100,2150,2075,2000,2000,1900,1975,1937.5,1925,1950,1975,1995,2150,2030,2000,2050,1950,1925,1850,1995,2062.5
"60642","Chicago","IL","Chicago","Cook",194,,,,,,,,,,,,,,,,,,,,,,,,,,,,,,,,,,,,,,,,,,,,,,,,,,,,,,,,2100,2100,2100,1997.5,2100,2000,2100,2100,2050,2250,1995,1810,1850,2100,1950,2100,1900,1937.5,2135,2017,1988.5,1895,1800,1785,1849,2000,2082.5,2100,2050
"02134","Boston","MA","Boston","Suffolk",195,,,,,,,,,,,,,,,,,,,,,,,,,,,,,2200,1850,1800,1800,1800,1895,1895,1950,2050,2200,2200,2400,2375,2295,2299,2050,2000,1995,1995,1900,1800,1850,1975,2300,2200,1995,1995,1950,1950,1950,2000,2095,2100,2100,2400,2395,2400,2400,2350,2300,2500,2150,2200,2400,2300,2095,2300,2600,2550,2650,2595,2600,2600,2552.5,2550,2550
"11361","New York","NY","New York","Queens",196,,,,,,,,,,,,,,,,,,,,,,,,,,,,,,,,,,,1800,1750,1700,1750,1750,1750,1800,1800,1800,1987.5,2050,1850,1950,1900,1900,1900,1950,2000,1980,1965,1980,1980,2000,1950,1900,2000,1995,2000,2000,2047.5,2100,2100,1895,1900,2095,2150,1900,1850,1995,1850,2100,1995,1995,2100,2163,2145,2000,2100,2000,2145
"10471","New York","NY","New York","Bronx",197,,,,,,,,,,,,,,,,,,,,,,,,,,,,,,,,,,1750,1999,2030,2197.5,1999,1795,1700,1700,1700,1700,1712.5,1762.5,1830,1850,1900,2000,2000,1950,1995,1912.5,1895,1762.5,1820.5,1995,1995,2095,1900,2000,2100,2095,1996,1912,1912.5,1975,1825,2100,1895,2000,2000,2145,2295,2000,1862.5,1800,1872.5,1900,1897.5,1850,1950,1900,1900
"11378","New York","NY","New York","Queens",198,,,,,,,,,,,,,,,,,,,,,,,,,,,,,,,,,,,,,1500,1600,1600,1674,1600,1600,1600,1600,1625,1600,1600,1675,1750,1774.5,1750,1750,1699,1912.5,1825,1800,1800,2000,1900,1862.5,1875,1900,1900,1900,1887.5,1850,2000,2100,2150,2000,2000,2100,1800,2000,2100,2099.5,2097,2200,2100,2000,2125,2100,2197,2100
"02140","Cambridge","MA","Boston","Middlesex",199,,,,,,,,,,,,,,,,,,,,,,,,,,,2200,2500,2500,2250,2500,2200,2100,2200,2200,2300,2300,2437,2600,2507.5,2400,2400,2500,2530,2540,2600,2700,2580,2450,2600,2450,2545,2600,2547.5,2597.5,2850,2750,2600,2600,2700,2600,2600,2525,2600,2650,2700,2612.5,2800,2700,2800,2700,2850,2600,2650,2500,2606,2850,2800,3000,2900,2840,2950,2931,2894.5
"78751","Austin","TX","Austin","Travis",200,,,,,,,,,,,,,,,,,,,,,,,,,,,,,,,,,,,,,,,,,,,,,,,,,,,,,,,,,,,,,,,,,,,,,,,,,1295,1145,1322,1269.5,1412.5,1415,1500,1432.5,1400,1354.5,1292.5,1195
"11415","New York","NY","New York","Queens",201,,,,,,,,,,,,,,,,,,,,,,,,,,1600,1550,1550,1550,1525,1528,1500,1550,1550,1625,1650,1650,1625,1650,1650,1650,1650,1675,1675,1650,1650,1700,1690,1725,1695,1700,1700,1725,1700,1750,1800,1800,1800,1900,1850,1850,1850,1800,1950,1900,1925,1850,1800,1800,1837.5,2000,1800,1972.5,2000,2000,1900,1850,1800,1895,1850,1825,1800,1900,1862.5
"02445","Brookline","MA","Boston","Norfolk",202,,,,,,,,,,,,,,,,,,,,,,,,,,,2500,2400,2425,2300,2500,2500,2600,2600,2600,2600,2550,2550,2650,2674.5,2700,2700,2674.5,2650,2650,2600,2600,2500,2487.5,2600,2500,2500,2575,2550,2700,2650,2600,2600,2595,2599.5,2595,2550,2600,2600,2800,2800,2900,2650,3000,2850,2599.5,2850,2600,2600,2699.5,2700,2795,2850,2950,2790,2950,2900,2790,2782.5
"02129","Boston","MA","Boston","Suffolk",203,,,,,,,,,,,,,,,,,,,,,,,,2300,2300,2300,2350,2400,2384.5,2430,2397.5,2720,2799,2600,2500,2550,2617.5,2600,2745,2600,2600,2600,2600,2674,2600,2699,2600,2547,2500,2475,2505,2502.5,2505,2555,2800,2600,2625,2715,2600,2572.5,2600,2600,2600,2605,2600,2570,2515,2460,2600,2600,2625,2630,2460,2600,2600,2800,2950,2850,2950,3000,3187.5,3300,2900,2700
"02114","Boston","MA","Boston","Suffolk",204,,,,,,,,,,,,,,,,,,,,1850,1975,2210,2375,2300,2350,2400,2400,2500,2590,2575,2515,2550,2500,2695,2740,2822.5,2800,2825,2752.5,2725,2800,2847.5,2880,2800,2700,2800,2520,2690,2720,2650,2700,2675,2740,2600,2700,2497,2400,2500,2600,2650,2600,2600,2600,2695,2700,2700,2700,2900,2800,2800,2750,2645,2752.5,2800,2700,2547.5,2775,2795,2750,2795,2700,2600,2735,2720
"33129","Miami","FL","Miami-Fort Lauderdale","Miami-Dade",205,,,,,,,,,,,,,,,,,,,,,,,,,,,,,,,,,,,,,,,,,,,,,,,,,,,,,,,,,,,,,,,,,,,,,,,,2312.5,2300,2300,2500,2450,2200,2499.5,2400,2400,2500,2509,2500,2500
"60661","Chicago","IL","Chicago","Cook",206,,,,,,,,,,,,,,,,,,,,,,,,,,,,,,2187.5,2180,2165,2085,2052,2070,2000,2035,1840,2035,2054,2054,1935,1738,1634,1713,1789.5,1875.5,1883,1946,1796,2052,1950,1955,1958,2018,2050,2047,2079,1990,2185,2280,2276.5,2166,2264.5,2122,2094,2035,1997.5,2045,2005,2051,2047.5,2104.5,2177,2051,2100,2075,2051,2075,1950,1997.5,2019,2058,2052
"10543","Town of Mamaroneck","NY","New York","Westchester",207,,,,,,,,,,,,,,,,,,,,,,,,,,,,,,,,,,,,,,,,,,,,,,,,,,,,,,,,,,,,2100,2100,2000,2000,2000,2000,2050,2000,2000,2000,1950,2100,1925,1825,2000,2000,1895,2125,2350,2350,2250,2350,2350,2350,2350
"33132","Miami","FL","Miami-Fort Lauderdale","Miami-Dade",208,,,,,,,,,,,,,,,,,,,,,,,,,,,,,,,,,,,,,,2499,2400,2497.5,2500,2525,2550,2550,2325,2400,2375,2475,2525,2400,2200,2250,2250,2200,2300,2500,2400,2500,2500,2400,2500,2500,2400,2400,2500,2500,2325,2350,2400,2500,2450,2450,2400,2300,2350,2350,2300,2350,2350,2450,2425,2300,2400,2500
"11232","New York","NY","New York","Kings",209,,,,,,,,,,,,,,,,,,,,,1750,1700,1725,1850,1800,1800,1700,1650,1625,1650,1800,1850,1975,1925,1850,1875,1900,1850,1840,1800,1800,1800,1800,1900,1900,1975,1950,1900,1950,1975,1975,2000,2300,2100,2000,1912.5,1890.5,1900,2000,2000,2100,2150,2195,2100,2099.5,2100,2147.5,2200,2150,2100,2225,2000,2000,2100,1985,2000,2000,2100,2175,2250,2200,2200,2200,2200
"02467","Brookline","MA","Boston","Norfolk",210,,,,,,,,,,,,,1850,1850,1885,1850,1980,1850,1905,1870,1885,1885,1920,1950,2020,1995,1945,1955,2060,2065,2100,2070,2040,2045,2095,2105,2130,2095,2100,2147.5,2145,2160,2200,2240,2200,2270,2300,2250,2245,2247.5,2270,2265,2220,2265,2300,2300,2300,2300,2300,2312.5,2312.5,2365,2355,2370,2340,2340,2352.5,2350,2340,2340,2535,2422.5,2425,2470,2400,2510,2510,2600,2520,2700,2730,2530,2600,2690
"10005","New York","NY","New York","New York",211,,,,,,,,,,,3495,3562.5,3425,3297.5,3250,3295,3443,3400,3357,3430.5,3500,3500,3445,3395,3444,3400,3319,3350,3300,3216,3237.5,3200,3240,3275,3295,3400,3482.5,3400.5,3450,3400,3385,3395,3395,3350,3500,3500,3395,3425,3482.5,3495,3495,3395,3450,3595,3888,3494.5,3540.5,3425,3410,3445,3385,3397.5,3299,3273.5,3275,3350,3477,3375,3504.5,3370,3414.5,3412,3522,3365,3275,3235,3309,3325,3348,3563,3620,3785,3700,3595
"10018","New York","NY","New York","New York",212,,,,,,,,,,,,,,,,,,3225,3292,3250,3280,3297.5,3295,3369,3350,3392,3320,3250,3290,3300,3330,3320,3390,3350,3380,3399.5,3360,3300,3300,3300,3300,3300,3320,3400,3454,3447.5,3475,3475,3450,3495,3450,3550,3700,3620,3615,3595,3595,3660,3630,3610,3595,3515,3450,3430,3417.5,3475,3415,3595,3425,3450,3478,3475,3445,3500,3581,3477,3470,3490,3400,3390,3361.5,3390,3695,3650
"10280","New York","NY","New York","New York",213,,,,,,,,,,,,,,,,,,,,,,,,,,,,,,,,,,,,,,,,,,,,,,,,,,,,,,,,,,,,,,,,,,,,,,3250,3401,3285,3490,3415,3075,3195,3197.5,3132.5,3300,3495,3402.5,3500,3550,3400
"02113","Boston","MA","Boston","Suffolk",214,,,,,,,,,,,,,,,,2400,2387.5,2200,2300,2400,2350,2400,2400,2400,2425,2450,2495,2400,2250,2400,2400,2600,2400,2400,2472.5,2600,2500,2500,2400,2400,2350,2400,2400,2400,2400,2400,2500,2400,2400,2400,2490,2500,2500,2550,2500,2525,2550,2500,2500,2400,2300,2300,2400,2400,2400,2500,2500,2500,2550,2500,2425,2600,2437.5,2500,2350,2500,2500,2650,2700,2700,2600,2700,2730,2700
"11109","New York","NY","New York","New York",215,,,,,,,,,,2647.5,2675,2750,2642.5,2720,2675,2625,2730,2650,2687.5,2805,2860,2880,2820,2795,2825,2880,2800,2800,2900,2930,2867.5,2925,2900,2895,2850,2825,2850,2900,2895,2910,2920,2945,2900,2867.5,2825,2845,2892.5,3065,3095,3107.5,3155,3112.5,3300,3192.5,3095,3080,3097.5,3150,3125,3150,3100,3040,3045,3050,3237.5,3200,3195,3130,3300,3105,3197.5,3197.5,3200,2995,3300,3290,3350,3375,3395,3300,3350,3425,3347.5,3337.5
"02111","Boston","MA","Boston","Suffolk",216,,,,,,,,,,,,,,,,,,,,,,,,,,,,,,,,,,,,,,,,,,,,,,,,,,,,,,,,,,,,,,,,,,,,,,,,,2875,2875,3300,3300,3300,3020,3174.5,3211.5,3174.5,3100,3150,3048
"60606","Chicago","IL","Chicago","Cook",217,,,,,,,,,,,,,,,,,,,,,,,,,,,,,,,,,,,,,,,,,,,,,,,,,,,,,,,,,,,,,,,,,,,,,,,,,1920.5,1900.5,1887,1901,1975,1997.5,1901,1945,1990,1955,1999,1958
"10006","New York","NY","New York","New York",218,,,,,,2792.5,2850,2800,2867.5,2785,2750,2792.5,2800,2847.5,2800,2799.5,2880,2900,2925,2900,2975,2995,3042,3095,3000,3062.5,2995,2950,2912.5,2975,2850,2975,2995,2995,2995,3000,3000,2995,3000,3000,3000,3002.5,2995,2950,2950,3200,3197.5,3200,3200,3200,3200,3145,3295,3355,3355,3355,3295,3350,3350,3370,3400,3400,3339,3295,3370,3449,3390,3350,3485,3390,3372.5,3362.5,3412.5,3350,3346,3380,3495,3501.5,3700,3525,3500,3712.5,3850,3772.5
"02109","Boston","MA","Boston","Suffolk",219,,,,,,,,,,,,,,,,,,,,,,,,,,,,2682.5,2695,3165,3095,3250,3275,3295,3272.5,3300,3250,3200,3100,3050,3260,3250,3250,3200,3265,3315,3230,3100,2912.5,2862.5,2850,2832.5,2840,2840,2902.5,2700,2600,2800,2600,2700,2700,2715,2730,2850,2850,2825,2850,2850,3065,2760,2850,2600,2850,2650,2850,2700,2700,2675,2700,2800,2700,2750,2830,2850
