"RegionName","City","State","Metro","CountyName","SizeRank","2011-02","2011-03","2011-04","2011-05","2011-06","2011-07","2011-08","2011-09","2011-10","2011-11","2011-12","2012-01","2012-02","2012-03","2012-04","2012-05","2012-06","2012-07","2012-08","2012-09","2012-10","2012-11","2012-12","2013-01","2013-02","2013-03","2013-04","2013-05","2013-06","2013-07","2013-08","2013-09","2013-10","2013-11","2013-12","2014-01","2014-02","2014-03","2014-04","2014-05","2014-06","2014-07","2014-08","2014-09","2014-10","2014-11","2014-12","2015-01","2015-02","2015-03","2015-04","2015-05","2015-06","2015-07","2015-08","2015-09","2015-10","2015-11","2015-12","2016-01","2016-02","2016-03","2016-04","2016-05","2016-06","2016-07","2016-08","2016-09","2016-10","2016-11","2016-12","2017-01","2017-02","2017-03","2017-04","2017-05","2017-06","2017-07","2017-08","2017-09"
"60657","Chicago","IL","Chicago","Cook",1,,,,,,,,,,,,,,,,,,,,,,,,,,,,,,,,,,,,,,,,,,,,,1.75089073634204,1.74719101123595,1.70454545454545,1.75,1.77931034482759,1.62280701754386,1.8,1.83229166666667,1.88535353535354,1.86,1.8,1.72307692307692,1.7,1.675,1.70714285714286,1.71464285714286,1.76,1.79857142857143,1.80277777777778,1.88181818181818,1.95833333333333,1.93333333333333,1.87096774193548,1.80982142857143,1.81428571428571,1.79,1.83,1.864375,1.89,1.99375,1.97936170212766,1.97029411764706,1.99,1.99,1.88535714285714,1.85
"60614","Chicago","IL","Chicago","Cook",2,,,,,,,,,,,,,,,,,,,,,,,,,,,,,,,,,,,,,,,,,,,,,,,,,,,,,,,,,,,2.34375,2.2,2.36026615969582,2.10526315789474,2.09761904761905,2.1263775971093,2.14807692307692,2.2,2.14688466470544,2.06412825651303,2.08523302938197,1.99833333333333,2.0625,2.08456393793472,2.14142857142857,2.12829605963791,2.12,2.11602564102564,2.11819852941176,2.11180555555556,2.07692307692308,2.10285132382892
"94109","San Francisco","CA","San Francisco","San Francisco",3,,,,,,,,,,,,,,,,,,,,,,,,,,,,,,,,,,4.51879521750552,4.66666666666667,4.46969696969697,4.44074074074074,4.44444444444444,4.54632447887844,4.58762886597938,4.65616045845272,4.5644978862271,4.37249678094032,4.44388014220416,4.44444444444444,4.51815820071216,4.58793208004851,4.79807692307692,4.58957219251337,4.58762886597938,4.82456140350877,4.89788823074942,4.95750708215297,4.8365617433414,4.95750708215297,4.95750708215297,4.91468948107503,4.51943345323741,4.63542096219931,4.99107142857143,4.95750708215297,4.72222222222222,4.77564102564103,4.74652777777778,4.85714285714286,4.82638888888889,4.40375825292026,4.36151079136691,4.4441622933243,4.53735011990408,4.4441622933243,4.5,4.695,4.77547619047619,4.66024340770791,4.55248691099476,4.83822115384615,4.58135860979463,4.60317930489731,4.58647292692162
"11375","New York","NY","New York","Queens",4,,,,,,,,,,,,,,,,,,,,,,,,,,,,,,,,,,,,,,,,,,,,,,,2.40909090909091,2.395,2.36363636363636,2.4375,2.43478260869565,2.41788321167883,2.44722222222222,2.45643939393939,2.38194444444444,2.34741379310345,2.33333333333333,2.28812741312741,2.38709677419355,2.29431909750201,2.33125,2.28846153846154,2.33333333333333,2.35714285714286,2.33333333333333,2.33333333333333,2.37883333333333,2.375,2.37883333333333,2.43027777777778,2.42928571428571,2.375,2.4,2.43303571428571,2.45833333333333,2.40909090909091,2.44222222222222,2.44994438264739,2.46428571428571,2.45454545454545
"60618","Chicago","IL","Chicago","Cook",5,,,,,,,,,,,,,,,,,1.2,1.32843137254902,1.28571428571429,1.29943609022556,1.32122807017544,1.32324561403509,1.25925925925926,1.24375,1.325,1.10731907894737,1.2,1.26090909090909,1.2975,1.30769230769231,1.3,1.32647228637413,1.28392857142857,1.29705882352941,1.3,1.28,1.3,1.3,1.31742424242424,1.5,1.38888888888889,1.42857142857143,1.44444444444444,1.33333333333333,1.3217039800995,1.24038461538462,1.25,1.33333333333333,1.35357142857143,1.2,1.39087301587302,1.4,1.4,1.44444444444444,1.43944444444444,1.4,1.40208333333333,1.4,1.4,1.40625,1.4,1.45,1.476,1.44,1.46842105263158,1.55,1.50980392156863,1.5125,1.454375,1.36363636363636,1.45,1.46875,1.48204761904762,1.5,1.5,1.5,1.475,1.47171052631579,1.45,1.40625
"10029","New York","NY","New York","New York",6,,,,,,,,,,,,,,,,,,,,,,,,,,,,,,,,,,,,,,,,,,,,,,,,,,,,,,,,,,,,,,,5.28165217977225,5.21246358718269,5.29411764705882,5.17567427102139,5.38000738616615,5.49019607843137,5.52558782849239,5.49019607843137,5.52558782849239,5.1698670605613,5.15463917525773,5.02599653379549,5.02599653379549,4.625,4.57559681697613,4.59823254455156,4.92124061178714,4.92124061178714
"60613","Chicago","IL","Chicago","Cook",7,,,,,,,,,,,,,,,,,,,,,,,,,,,,,,,,,,,,,,,,,,,,,,,1.65771715721464,1.65357142857143,1.65714285714286,1.50454545454545,1.58823529411765,1.65,1.7,1.7,1.68798076923077,1.63,1.64365717821782,1.64791666666667,1.66055555555556,1.746875,1.77272727272727,1.7,1.7,1.7257053291536,1.78620689655172,1.785960591133,1.74375,1.694375,1.658125,1.67427701674277,1.67776350837139,1.695,1.88611111111111,1.88888888888889,1.82916666666667,1.86875,1.82554347826087,1.8375,1.73952205882353,1.71661676646707
"20009","Washington","DC","Washington","District of Columbia",8,,,,,,,,,,,,,,,,,,,,,,,,,,,,,,,,3.60555555555556,3.33333333333333,3.42857142857143,3.40714285714286,3.42142857142857,3.42142857142857,3.5,3.56428571428571,3.77777777777778,4.07142857142857,4.02439024390244,3.96666666666667,3.97745098039216,4.23529411764706,4.14162895927602,4.2,4.16666666666667,4.16666666666667,4.16666666666667,4.17178542178542,4.21160560138116,4.27058823529412,4.43076923076923,4.43076923076923,4.42669683257919,4.40361990950226,4.47692307692308,4.37647058823529,4.42241586538462,4.47692307692308,4.62818181818182,4.8,4.88894736842105,4.61818181818182,4.47692307692308,4.54916666666667,4.47692307692308,4.47692307692308,4.68923007109363,4.47692307692308,4.43312655086849,4.29579831932773,4.08834586466165,4.18865546218487,4.07142857142857,3.88945578231293,3.97350993377483,4.23177083333333,4.13636363636364
"60625","Chicago","IL","Chicago","Cook",9,,,,,,,,,,,,,,,,,,,,,,,,,,,,,,,,,,,,,,,,,,,,,,,,,,,,,,1.3921188630491,1.41666666666667,1.3875,1.37041742286751,1.36363636363636,1.42053571428571,1.45,1.41666666666667,1.49375,1.52,1.50602409638554,1.50273224043716,1.55277777777778,1.65,1.61111111111111,1.425,1.44166666666667,1.41741071428571,1.45138888888889,1.57008547008547,1.5625,1.58442546583851,1.621875,1.64861111111111,1.73781702898551,1.7,1.7
"11209","New York","NY","New York","Kings",10,,,,,,,,,,,,,,,,,,,,,,,,,,,,,,,,,,,,,,,,,,,,,,,,,,,1.93333333333333,1.96428571428571,2,2.11860613810742,2.16391233005157,2.07746478873239,1.971875,1.99857142857143,2.04827586206897,2.06206896551724,2.05555555555556,2.1252688172043,2.06666666666667,2.10526315789474,2.2,2.07317073170732,2.2,2.0625,2.02173913043478,2.14334085778781,2.08333333333333,2.16910966340934,2.3617389922111,2.33333333333333,2.32352941176471,2.33333333333333,2.30769230769231,2.27073863636364,2.26666666666667,2.3
"07030","Hoboken","NJ","New York","Hudson",11,,,,,,,,,,,,,,,,,,,,,,,,2.87782969885774,2.79166666666667,2.75,2.76134122287968,2.85256088165344,2.9,2.90238095238095,3,2.91666666666667,2.9,2.90322580645161,2.88888888888889,2.875,2.83333333333333,2.83300198807157,2.82964734674917,2.83333333333333,2.89738292011019,2.99717247879359,3.00673249551167,3.01813515239793,3.01296111665005,3,2.87637698898409,2.83687943262411,2.85565939771547,2.83333333333333,2.80612244897959,2.82730263157895,2.77415009940358,3.01243370561955,2.92361635559392,2.80612244897959,2.85,2.88367685382611,3,2.85714285714286,3.14069264069264,3.00226586102719,3,2.9287691749115,2.90705913226032,2.85954776053175,3,2.85,2.8,2.9,2.8,2.85282969885774,3,3.20833333333333,3.18595578673602,3.125,3.125,3.10173697270471,3.125,3.10173697270471
"33160","Sunny Isles Beach","FL","Miami-Fort Lauderdale","Miami-Dade",12,,,,,,,,,,,,,,,,,,,,,,,,,,,,,,,,,,,,,,,,,,,,,,,,,,,,,1.875,1.9570023902651,2,2,2.09401709401709,1.96078431372549,2,2.0132645541636,1.97183098591549,1.95185426154847,1.95567144719687,2.12086658287455,1.94160269791829,1.96022727272727,2,1.96300490751227,2.11965358784023,2.06587042177845,1.97283072018978,1.94916040611448,2.27848101265823,2.46383067786411,2.42306640583917,2.28981544771018,2.2701928872815,2.33889197888675,2.29049800234069,2.32479664719125
"33139","Miami Beach","FL","Miami-Fort Lauderdale","Miami-Dade",13,,,,,,,,,,,,,,,,,,,,,,2.18238391022237,2.1898230239378,2.12611607142857,2.40331010452962,2.49186871673566,2.5,2.5,2.45454545454545,2.86885245901639,2.87234042553191,2.70844618996027,2.64350453172205,2.65114054483581,2.65448842283913,2.63888888888889,2.65743991144845,2.64119671030547,2.66666666666667,2.73573923166473,2.66240681576145,2.7374686716792,2.75369780939899,2.75162925416365,2.7027027027027,2.73455365232774,2.80637090825084,2.78233151183971,2.76122680266327,2.82752120640905,2.78629976580796,2.66666666666667,2.72206303724928,2.75459290427905,2.77227722772277,2.72902097902098,2.78944911297852,2.79473684210526,2.77075399847677,2.86166581327872,2.84630620469582,2.85714285714286,2.80112044817927,2.77227722772277,3,2.90909090909091,2.85714285714286,2.80438340210636,3.02248856778936,3.00200133422282,2.86474164133739,2.82752120640905,2.8770706190061,2.89859813084112,2.9353478247725,3,2.92812777284827,2.95728945178885,2.92642140468227,2.97619047619048
"11377","New York","NY","New York","Queens",14,,,,,,,,,,,,,,,,,,,,,,,,,,,,,,,,,,,,,,,,,,,,,,,,,,,,,,,,,,,,,,,,,2.37254901960784,2.35357142857143,2.47579767947788,2.4,2.32142857142857,2.35357142857143,2.25641025641026,2.5,2.53478260869565,2.48062015503876,2.5,2.5,2.5,2.42142857142857,2.44722222222222,2.4
"10019","New York","NY","New York","New York",15,,,,,,,,,,,,,,,,,,,,,,,,,,,,,,,,,,,,,,,,,,5.39614243323442,5.38621286377012,5.34124629080119,5.31060606060606,5.36713069908815,5.33333333333333,5.33758735946521,5.42909090909091,5.4336383125335,5.3968389681454,5.40335157318741,5.41517705141301,5.39485484116127,5.34880914065015,5.33320990806946,5.30994220556076,5.26349614395887,5.31451612903226,5.29598662207358,5.34171291658255,5.45534407027818,5.46546546546547,5.35608308605341,5.40082079343365,5.32142857142857,5.31060606060606,5.26798307475317,5.32258478931141,5.2415210688592,5.18272425249169,5.33333333333333,5.28919516394084,5.31696428571429,5.27859237536657,5.41495585126228,5.44444444444444,5.44545454545455,5.38462075848303,5.32142857142857
"78704","Austin","TX","Austin","Travis",16,,,,,,,,,,,,,,,,,,,,,,,,,,,,,,,1.70035149384886,1.69948186528497,1.67560321715818,1.64992621077959,1.6,1.57321428571429,1.57124518613607,1.58527131782946,1.58333333333333,1.52208931419458,1.38964577656676,1.40647190099412,1.41807348560079,1.38964577656676,1.42481203007519,1.6,1.47813698724816,1.54285714285714,1.55263157894737,1.57407407407407,1.73485240807872,1.58794162826421,1.59307359307359,1.56086956521739,1.5,1.45255063765941,1.45161290322581,1.56760772659733,1.46842105263158,1.60131032278683,1.59595238095238,1.46842105263158,1.43168016194332,1.46842105263158,1.59198113207547,1.45,1.55809967885375,1.50569490131579,1.56428571428571,1.50232018561485,1.44618863049096,1.49539877300613,1.51162790697674,1.60803910125474,1.66758241758242,1.73863636363636,1.62704309063893,1.58522727272727,1.56428571428571,1.5952380952381
"11355","New York","NY","New York","Queens",17,,,,,,,,,,,,,,,,,,,,,,,,,,,,,,,,,,,,,,,,,,,,,,,,2.17391304347826,2.19923034506926,2.02300405953992,1.86111111111111,1.95813375092115,1.98275862068966,2.18518518518519,2.28129537613066,2.325,2.3014440433213,2.16316440049444,2.22361111111111,2.17391304347826,2.27272727272727,2.33333333333333,2.16316440049444,2.06502636203866,2.06502636203866,2.08728067309856,2.04717476336421,2.04604266599344,2.16451742897441,1.86005314437555,2.07436890418818,2.27777777777778,2.12019230769231,2.3598820058997,2.41038732394366,2.375,2.4,2.4,2.52777777777778,2.5
"11215","New York","NY","New York","Kings",18,,,,,,,,,,,,,,,,,,,,,,,,,,,,,,,,,,,,,,,,,,,,,,,,,,,,,3.18181818181818,3.14642857142857,3.125,3.15789473684211,3.15514993481095,3.14285714285714,3.09090909090909,3.25,3.26086956521739,3.23529411764706,3.19444444444444,3.1875,3.21644960804522,3.27349768875193,3.17338022165388,3.28571428571429,3.2,3.16954022988506,3.08769841269841,3.22222222222222,3.25643380603407,3.3125,3.33333333333333,3.375,3.375,3.33333333333333,3.30360422405877,3.32988888888889
"33025","Miramar","FL","Miami-Fort Lauderdale","Broward",19,,,,,,,,,,,,1.2448132780083,1.22511485451761,1.21111111111111,1.22511485451761,1.22511485451761,1.19175107947728,1.21414424590876,1.2,1.20593692022263,1.158459142104,1.1759170347609,1.20814375226491,1.18110236220472,1.21875,1.25588697017268,1.22156697556866,1.25588697017268,1.19867158511132,1.24256718124643,1.24,1.22366853836992,1.23456790123457,1.23743898937697,1.22906144781145,1.25597210715272,1.2620953012038,1.26315789473684,1.26262626262626,1.24875,1.22403560830861,1.23244143093224,1.26301297817377,1.27952755905512,1.27952755905512,1.30278526504942,1.30443322109989,1.29068462401796,1.29068462401796,1.30687318489835,1.30382259108845,1.30581297388374,1.27428154602502,1.26156433978133,1.26262626262626,1.26156433978133,1.27952755905512,1.375,1.375,1.34877888732239,1.37341318591319,1.39728717573986,1.38888888888889,1.38888888888889,1.36195008618751,1.37055837563452,1.34112562566163,1.27272727272727,1.38888888888889,1.39461686464782,1.34885444743935,1.4,1.41414141414141,1.38693270735524,1.38488137766786,1.40845070422535,1.43549311926605,1.46219668734362,1.40826952526799,1.27638798334922
"60610","Chicago","IL","Chicago","Cook",20,,1.99952380952381,2.0231593038822,2.04022988505747,2.06882239382239,2.11494252873563,2.10833333333333,2.12987012987013,2.11622474747475,2.07647058823529,2.07647058823529,2.10238095238095,2.11764705882353,2.12844036697248,2.09861111111111,2.3,2.30588235294118,2.32142857142857,2.39375,2.35909090909091,2.33943427620632,2.33943427620632,2.31331168831169,2.41098169717138,2.40304487179487,2.3375742809603,2.39583333333333,2.37367816091954,2.41379310344828,2.34666666666667,2.30972222222222,2.28299387081565,2.21798136645963,2.19108280254777,2.2757881773399,2.2757881773399,2.29931972789116,2.30125523012552,2.31397727272727,2.32261024882976,2.35013623978202,2.4338051623647,2.32503423354888,2.3278463648834,2.33875338753388,2.35452338359315,2.3546511627907,2.26993006993007,2.44383270896176,2.26315151515151,2.30972222222222,2.36467613319465,2.36295768528337,2.37420914635305,2.33501344086022,2.31324110671937,2.29511980700033,2.32622304473769,2.28169014084507,2.28273561301084,2.46651565216532,2.32942817294282,2.27586206896552,2.39,2.39285714285714,2.50883678428278,2.32526150627615,2.27364532019704,2.35047619047619,2.26214285714286,2.2742946708464,2.34925854905721,2.5578231292517,2.52916666666667,2.68333333333333,2.41,2.35,2.47619047619048,2.5,2.39285714285714
"33009","Hallandale","FL","Miami-Fort Lauderdale","Broward",21,,,,,,,,,,,,,,,,,,1,1.07456470470169,1.0989010989011,1.01482815000348,1.12068965517241,1.14214285714286,1.02796628814162,1.03378378378378,1.12,1.1304347826087,1.20689655172414,1.18526785714286,1.19047619047619,1.24094202898551,1.30285898143041,1.29095421952565,1.29411764705882,1.28205128205128,1.26220373567729,1.25523012552301,1.25261506276151,1.25261506276151,1.3,1.28571428571429,1.33943572066896,1.31666666666667,1.44704433497537,1.39542253521127,1.33333333333333,1.33333333333333,1.37061403508772,1.42641843971631,1.47787610619469,1.33333333333333,1.28834355828221,1.21621621621622,1.39202079846259,1.47058823529412,1.33333333333333,1.23076923076923,1.44444444444444,1.5,1.53677462887989,1.4087698909351,1.40032679738562,1.28026142580937,1.3797514619883,1.37096774193548,1.35265972417675,1.38297872340426,1.42857142857143,1.53571428571429,1.51687116564417,1.5929203539823,1.53005464480874,1.47783251231527,1.53893520272831,1.50632911392405,1.66256157635468,1.63540706900082,1.61111111111111,1.68801253187528,1.75
"60611","Chicago","IL","Chicago","Cook",22,,,2.16370106761566,2.17788461538462,2.27979274611399,2.30320284697509,2.27727272727273,2.33434959349594,2.33630952380952,2.34234234234234,2.33266666666667,2.32978687978688,2.31290322580645,2.33136655011655,2.57839721254355,2.61274265803883,2.51829268292683,2.48772266204849,2.48271276595745,2.53439085518675,2.47596153846154,2.4411621001992,2.43066884176183,2.45625654107797,2.46116138763198,2.41078509119746,2.50193199381762,2.55309959349593,2.59274193548387,2.58986928104575,2.55,2.50203915171289,2.48844884488449,2.42007926023778,2.46341463414634,2.48552873371199,2.50444299786673,2.54517354596623,2.59863945578231,2.73946338311861,2.70225563909774,2.73429951690821,2.66574813775235,2.613196814562,2.5609375,2.57997647750662,2.5523626138517,2.59822426623231,2.81184103811841,2.76113256113256,2.776996687523,2.75748721694668,2.79192546583851,2.7713287250384,2.71540871821771,2.72147239263804,2.71695446210269,2.76923076923077,2.63568181818182,2.63436201338029,2.63536776212833,2.70161290322581,2.72026209677419,2.70416666666667,2.76961538461538,2.73,2.74301675977654,2.69444444444444,2.75373711340206,2.69099462365591,2.66939542518954,2.69032258064516,2.72026209677419,2.87287414965986,2.89285714285714,2.76923076923077,2.76130952380952,2.76881720430108,2.90604166666667,2.695991582663
"07093","West New York","NJ","New York","Hudson",23,,,,,,,,,,,,,,,,,,,,,,,,,,,,,,,,,,,,,,,,,,,,,,,,2.04861111111111,2.07547169811321,2.04861111111111,2.06551724137931,2.05473762941385,2.17013888888889,2.1875,2.24382946896036,2.37559774964838,2.08893280632411,2.41747809152872,2.47189679218968,2.72288478847885,2.56623931623932,2.66630901287554,2.23794117647059,2.08333333333333,2.17272727272727,2.11493055555556,2.14417808219178,2.1875,2.35294117647059,2.2469512195122,2.16666666666667,2.18011363636364,2.13557692307692,2.13827174929841,2.25856514222851,2.19708333333333,2.36363636363636,2.14520440251572,2.14884867237533,2.13452380952381
"11372","New York","NY","New York","Queens",24,,,,,,,,,,,,,,,,,,,,,,,,,,,,,,,,,,,,,,,,,,,2.5,2.5,2.48275862068966,2.49137931034483,2.57142857142857,2.5,2.57142857142857,2.5,2.45454545454545,2.45762711864407,2.5,2.55172413793103,2.46666666666667,2.5,2.46666666666667,2.44895833333333,2.4,2.39565217391304,2.38920056100982,2.375,2.4,2.41376811594203,2.25228310502283,2.29166666666667,2.38769230769231,2.29910714285714,2.39583333333333,2.296875,2.33333333333333,2.25,2.40442307692308,2.5,2.36111111111111,2.42857142857143,2.45454545454545,2.45123106060606,2.47586206896552,2.42857142857143
"10701","Yonkers","NY","New York","Westchester",25,,,,,,,,,,,,,,,,,,,,,,,,,,,,,,,,,,,,,,,,,,,,,,,,,,,,,,,,,,,,,,,,,,,,,1.92002012072435,1.8,1.88492063492063,1.89457338999673,1.86666666666667,1.8944099378882,1.8935516888434,1.90132129896715,1.96825396825397,1.98525798525799,2.02702702702703,2.04965795353678
"60616","Chicago","IL","Chicago","Cook",26,,,,,,,,,,,,,,,,,,,,,,,,,,,,,,,,,,,,,,,,2.15,2.1725,2.09074889867841,2.2232734153264,2.22222222222222,2.25665859564165,2.10810810810811,2.05125,2.07299657534247,2.2724924424723,2.24005681818182,2.00961538461538,2.14380902777778,2.17841385843822,2.21071863580999,2.26527909687858,2.35604017975152,2.36093143596378,2.33333333333333,2.33333333333333,2.26614620298084,2.44877049180328,2.1875,2.0443281938326,2.11558441558442,1.93838531187123,1.915,1.8839367816092,1.82557841251048,2.1136563876652,1.90701923076923,2.08623995853848,1.92567567567568,2.1136563876652,2.04527919401204,2.03594442881449,2.03351955307263,2.05882352941176,1.84918356272508,2.03744493392071,1.95796451382079
"07302","Jersey City","NJ","New York","Hudson",27,,,,,,,,,,,,,,,,,,,,,,,,,,,,2.48125,2.90222222222222,3.01273885350318,2.99586776859504,2.96296296296296,2.96108291032149,2.88135593220339,2.85714285714286,2.90047169811321,2.94144854981771,2.95387541782982,2.95930949445129,2.99,2.9804173921821,2.98148648648649,2.93458781362007,2.96717318176546,2.93458781362007,2.9339605734767,2.93458781362007,2.93458781362007,2.92299349240781,2.92299349240781,2.95,3,2.995,3.00862068965517,2.96717318176546,2.9358253753415,2.91666666666667,2.93458781362007,2.99,2.99,2.99,3.01724137931034,3,2.99,3.00862068965517,3.03571428571429,3.04195402298851,3.07528735632184,3.15789473684211,2.97086148648649,2.93458781362007,3,3.125,2.99444444444444,3.00862068965517,3.125,3.17348377997179,3.55990783410138,3.11004784688995,3.14114603506362
"60622","Chicago","IL","Chicago","Cook",28,,,,,,,,,,,,,,,,,,,,,,,,,,,,,,,,,,,,,,,,,,,,,,,,,,,,1.61875,1.74747474747475,1.67857142857143,1.6,1.68990384615385,1.78571428571429,1.79611650485437,1.66111111111111,1.86875,1.79166666666667,1.74166666666667,1.8,1.84264705882353,1.9047619047619,2,1.69230769230769,1.875,1.73076923076923,1.66666666666667,1.7975,1.73611111111111,1.83333333333333,1.8,1.76176470588235,1.77272727272727,1.78571428571429,1.75,1.70588235294118,1.67857142857143
"60660","Chicago","IL","Chicago","Cook",29,,,,,,,,,,,,,,,,,,,,,,,,,,,,,,,,,,,,,,,,,,,,,,,,,,,,1.56666666666667,1.58766666666667,1.60714285714286,1.598,1.56666666666667,1.51920289855072,1.52753623188406,1.53170289855072,1.56467642526965,1.51711956521739,1.61294642857143,1.60128205128205,1.56517857142857,1.5967365967366,1.595,1.5,1.66666666666667,1.68181818181818,1.59815705128205,1.683,1.61904761904762,1.6875,1.80368442539294,1.75,1.74375,1.69166666666667,1.65505952380952,1.75,1.825
"11368","New York","NY","New York","Queens",30,,,,,,,,,,,,,,,,,,,,,,,,,,,,,,,,,,,,,,,,,,,,,,,,,,,,,,,,,,,,,,,,,,,2.15094339622642,2.15660232843137,2.3593570608496,2.26166888248413,2.12150433944069,2.2939729397294,2.40103374382416,2.38007380073801,2.34855545200373,2.35714285714286,2.42590133513792,2.28301886792453,2.50175315568022,2.45387453874539
"33141","Miami Beach","FL","Miami-Fort Lauderdale","Miami-Dade",31,,,,,,,,,,,,1.7171198156682,1.7481608962678,1.72072668431892,1.76955192723477,1.7743979721166,1.79628989514921,1.82172470978441,1.69851380042463,1.66666666666667,1.4625,1.38125763125763,1.48351648351648,1.46666666666667,1.53846153846154,1.59872102318145,1.59872102318145,1.66053921568627,1.71399176954733,1.80074440637821,1.83180682764363,1.7741935483871,1.8018018018018,1.8572489917215,1.79046554009278,1.79536632819987,1.86645930533955,1.86219739292365,1.86666666666667,1.92139737991266,1.85688910560045,1.95160031225605,1.90174326465927,1.89391845273495,1.8312101910828,1.81818181818182,1.98012232415902,1.96913870124866,1.91329479768786,1.88536953242836,1.85164835164835,1.89304682040531,1.96805476326298,1.9651890770789,1.86666666666667,1.86238738738739,1.98895027624309,2,1.96675971877585,1.949826130154,1.96518580664922,1.93844924060751,1.87576235541535,1.92857142857143,2.16611842105263,2.02272727272727,1.99720223820943,1.88074006332999,1.94722222222222,2.01902173913043,1.92307692307692,1.98019801980198,1.99840127897682,2,2.05263157894737,2.0392749244713,2.03886823146642,2.05722610722611,2.04569678914267,2.00076982294072
"11354","New York","NY","New York","Queens",32,,,,,,,,,,,,,,,,,,,,,,,,,,,,,,,,,,2.14642857142857,2.15,2.15681818181818,2.15,2.16666666666667,2.1786103330221,2.16919191919192,2.18019480519481,2.2,2.28571428571429,2.19230769230769,2.28571428571429,2.35714285714286,2.29583333333333,2.35454545454545,2.2,2.25,2.25,2.26666666666667,2.28593272171254,2.34166666666667,2.29,2.20782726045884,2.22727272727273,2.1875,2.20738636363636,2.1875,2.0855614973262,2.1875,2.32792207792208,2.05050505050505,2.25,2.04545454545455,2.26666666666667,2.321875,2.34447356924421,2.07828282828283,2.30769230769231,2.36607142857143,2.34447356924421,2.41678571428571,2.67152255639098,2.67261904761905,2.61538461538462,2.67857142857143,2.64705882352941,2.72
"11374","New York","NY","New York","Queens",33,,,,,,,,,,,,,,,,,,,,,,,,,,,,,,,,,,,,,,,,,,,2.47676882446874,2.34507761437909,2.34330357142857,2.31895933626959,2.3,2.37279411764706,2.4,2.375,2.37279411764706,2.42307692307692,2.39285714285714,2.45714285714286,2.40169625070615,2.42574257425743,2.45829343547186,2.40455181083735,2.38095238095238,2.33333333333333,2.32575757575758,2.38636363636364,2.54554187407213,2.44650606015263,2.36842105263158,2.5,2.58823529411765,2.46533333333333,2.5,2.47058823529412,2.19512195121951,2.28888888888889,2.37975417032485,2.33854166666667,2.33333333333333,2.33333333333333,2.33333333333333,2.38888888888889,2.43910256410256,2.44888888888889
"10010","New York","NY","New York","New York",34,,,,,,,,,,,,,,,,,,,,,,,,,,,,,,,,,,,,,,,,,,5.66666666666667,5.89159465828751,5.66037735849057,5.72669826224329,5.68222402597403,5.80204778156997,5.66037735849057,5.9375,5.90182461917949,6.20980999040021,5.80828594638505,5.73214285714286,5.76450511945392,5.76450511945392,5.68262987012987,5.46094799462675,5.35714285714286,5.33325892857143,5.27857142857143,5.5,5.88217800473479,5.81343500859076,5.71638039379975,5.67694805194805,5.54785020804438,5.5,5.80516686397751,5.72072658570099,5.79714738510301,5.6,5.76450511945392,5.67308941058941,5.69514237855946,5.83333333333333,5.65593087195601,5.6125,5.53055555555556,5.49699698189135,5.6
"33020","Hollywood","FL","Miami-Fort Lauderdale","Broward",35,,,,,,,,,,,,,,,,,,,,,,,,,,,,,,,,,,,,,,,,,,,,,,,,,,,,,,,,,,,,,,,,,,,,,1.16666666666667,1.18990384615385,1.32666666666667,1.15,1.23076923076923,1.30361648444071,1.5063731170336,1.4375,1.25,1.31818181818182,1.28239202657807,1.27906976744186
"11106","New York","NY","New York","New York",36,,,,,,,,,,,,,,,,,,,,,,,,,,,,,,,,,,,,,,,,,,,,,,,,,,,,,,,,,,,,,,,,,,,2.66666666666667,2.81746031746032,2.88321167883212,2.79166666666667,2.85267379679144,2.88562091503268,2.94736842105263,2.82857142857143,2.82142857142857,2.78571428571429,2.86111111111111,2.91666666666667,3.07142857142857,2.88181818181818
"10022","New York","NY","New York","New York",37,,,,,,,,,,,,,,,,,,,,,,,,,,,,,,,,,,,,,,,,,,4.62068965517241,4.66045374431826,4.57559849868127,4.56026058631922,4.76083425078336,4.74175824175824,4.59302325581395,4.61803713527851,4.53541277344179,4.53741258741259,4.67494521548576,4.67618228516223,4.77605321507761,4.79166666666667,4.66753926701571,4.83333333333333,4.88444444444444,4.91666666666667,4.83870967741935,4.91666666666667,4.91666666666667,4.90909090909091,4.9,4.75,4.75,4.70588235294118,4.69121140142518,4.54545454545455,4.99166666666667,4.56309523809524,4.63855421686747,4.56428571428571,4.66666666666667,4.67299892353235,4.73333333333333,4.75,4.93775613714749,4.625,4.625
"33178","Doral","FL","Miami-Fort Lauderdale","Miami-Dade",38,,,,,,1.18387370084835,1.19979134063641,1.19548914681942,1.19979134063641,1.21374514368698,1.21735103426984,1.22663551401869,1.22663551401869,1.22663551401869,1.26432165081395,1.25,1.25164907651715,1.26671420930647,1.29213483146067,1.29213483146067,1.29913391072618,1.26738725473792,1.25492132782605,1.26582278481013,1.29122870605292,1.28859078021632,1.29603301530709,1.31172260179693,1.32530120481928,1.33527131782946,1.31509731720147,1.3375295043273,1.35730714791224,1.38522427440633,1.35702370120023,1.34831460674157,1.3801610102223,1.37184115523466,1.35787567893784,1.36307334284213,1.375,1.3934045579229,1.33963750985028,1.33928571428571,1.37912385073012,1.375,1.34212674780308,1.31168019987508,1.33986928104575,1.46481142484578,1.43247996873168,1.43638850889193,1.44987572493786,1.51331719128329,1.46139236010176,1.487826871055,1.53101878802426,1.52308195330588,1.51114649681529,1.52308195330588,1.45240970226868,1.45221058974166,1.42667551426676,1.37627489072365,1.46875,1.44987572493786,1.53020860993096,1.4547515270652,1.44987572493786,1.5,1.51114649681529,1.61078890245557,1.57366910078804,1.61857846586911,1.6155758077879,1.59235668789809,1.61707713682851,1.60606744551802,1.61603102779573,1.61603102779573
"33180","Aventura","FL","Miami-Fort Lauderdale","Miami-Dade",39,,,,,,,,,,,,1.39569058318952,1.53422501966955,1.5209167201601,1.51662768809537,1.48510032354303,1.54711673699015,1.60642858166908,1.59844118984351,1.59889807162534,1.63785259326661,1.59360005838031,1.62448185218886,1.54921059332824,1.54761904761905,1.60403299725023,1.69230769230769,1.69117647058824,1.69565217391304,1.70892857142857,1.71581769436997,1.70407315045719,1.69565217391304,1.70892857142857,1.70823896886395,1.7035142582402,1.73810981833027,1.73708920187793,1.74249757986447,1.8125,1.84210526315789,1.88458972648432,1.83823529411765,1.83601609657948,1.82744735371751,1.82481751824818,1.81154247910864,1.83584708429777,1.83971349464307,1.86282811176969,1.81686046511628,1.83197333283766,1.81686046511628,1.8361581920904,1.83197333283766,1.89599133261105,1.88902007083825,1.83553597650514,1.78764897074756,1.79037800687285,1.83584708429777,1.82661410370918,1.83553597650514,1.81818181818182,1.7858432647165,1.8,1.78735105407883,1.78222649447625,1.83079562872808,1.81372271166677,1.78807947019868,1.78619874172857,1.77959274383976,1.83553597650514,1.85294117647059,1.83688464364438,1.86282811176969,1.84907322881912,1.8716577540107,1.89393939393939
"10065","New York","NY","New York","New York",40,,,,,,,,,,,,,,,,,,,,,,,,,,,,,,,,,,,,,,,,,,4.99520153550864,5.05747126436782,5.0027808676307,5,5.08849557522124,5,5.13888888888889,5.26315789473684,5.23508137432188,5.2120632623527,5.20766013123724,5.3475935828877,5.49436090225564,5.46084459564905,5.6,5.41666666666667,5.45585068198134,5.2997393570808,5.23659992538242,5.23188600618363,5.35483870967742,5.27058850427546,5.34090909090909,5.12367891008668,5.13698630136986,5.0089605734767,4.9875,5.0245855734767,4.99375,5.14138655462185,5.01792114695341,5.06756756756757,5.06849315068493,5.34188034188034,5.44393939393939,5.29411764705882,5.182,4.99444444444444,5.24096385542169
"11222","New York","NY","New York","Kings",41,,,,,,,,,,,,,,,,,,,,,,,,,,,,,,,,,,,,,,,,,,,,,,,,,,,,,,,,,,,,,,,,,,3.15384615384615,3.15723019670388,3.11111111111111,3.27181818181818,3.05882352941176,3.15789473684211,3.33333333333333,3.44544388777555,3.42857142857143,3.4252619047619,3.4375,3.375,3.35,3.27928571428571,3.21547619047619
"11435","New York","NY","New York","Queens",42,,,,,,,,,,,,,,,,,,,,,,,,,,,,,,,,,,,,,,,,,,1.875,2.07142857142857,2.09090909090909,2.22291021671827,2.1,2.09090909090909,1.93541666666667,1.96541666666667,2.0567738791423,1.98194444444444,2.03571428571429,2.3125,2.21125,2.1021021021021,2.19444444444444,2.13545454545455,2.21428571428571,2.21825396825397,2.24823943661972,2.18420454545455,2.26371635610766,2.18420454545455,2.3125,2.01612903225806,2.2,2.359375,2.33333333333333,2.3125,2.22222222222222,2.42142857142857,2.10416666666667,2.27777777777778,2.30410714285714,2.32196428571429,2.28142857142857,2.27502750275027,2.32,2.34584450402145,2.32738095238095
"02127","Boston","MA","Boston","Suffolk",43,,,,,,,,,,,,,,,,,,,,,,2.89041832010582,2.91913746630728,2.84679089026915,2.57731958762887,2.7736013986014,2.85714285714286,2.83301755054112,3.21643518518519,3.18674033149171,2.91125751680226,2.70985225981292,2.70967741935484,2.71887159533074,2.88881748071979,2.66666666666667,2.83054841473865,2.81818181818182,2.82746199498556,2.78053624627607,2.72727272727273,2.77660966264835,2.62085020242915,2.5,2.44444444444444,2.45454545454545,2.45,2.52664377218707,2.52664377218707,2.63961038961039,2.78614457831325,2.79329608938547,2.72696288033711,2.86299765807963,2.76923076923077,2.79329608938547,2.71966527196653,2.68,2.78553693358163,2.79545756850226,2.77915701202692,2.77777777777778,2.77777777777778,2.78457938839917,2.93333333333333,2.84615384615385,2.77507302823759,2.91176470588235,2.88562434417629,2.93072824156306,2.93072824156306,3,3,2.91847826086957,2.96296296296296,2.91757246376812,2.94444444444444,2.93072824156306,2.92690258231999,2.88888888888889
"11205","New York","NY","New York","Kings",44,,,,,,,,,,,,,,,,,,,,,,,,,,,,,,,,,,,,,,,,,,,,,,,,,,,,,,3.04166666666667,3.08796875,3.08571428571429,3,3.00653923541247,3,3.0844277673546,3.04563492063492,3,3.00653923541247,3.06958333333333,3.1,3.26452145214521,2.96976241900648,2.89634146341463,3.09583333333333,2.91666666666667,3,3.22808988764045,3.23809523809524,3.13738095238095,3.10516934046346,3.13571428571429,3.28571428571429,3.25,3.21256592107656,3.125
"60605","Chicago","IL","Chicago","Cook",45,1.91036414565826,1.92397715382513,1.92511013215859,1.94969930156724,1.97459426664644,2.11360634081902,2.06284916201117,2.09090909090909,2.07456095306563,2.09130434782609,2.0860155765387,2.08112206216831,2.09110671936759,2.23244929797192,2.26755969345747,2.20569902048085,2.23627287853577,2.2297820611105,2.23244929797192,2.21223709369025,2.18083573487032,2.18835565228949,2.19024856596558,2.22464698331194,2.22311446317658,2.25360712995303,2.27973568281938,2.30792682926829,2.31166666666667,2.33178314634136,2.29931506849315,2.28097437537628,2.24070247933884,2.21435316336166,2.20134932140218,2.15855931484265,2.15565217391304,2.19470947996737,2.21849997814017,2.34180790960452,2.39406779661017,2.40876436781609,2.37462967071691,2.34214789664394,2.27982954545455,2.29655172413793,2.32984293193717,2.31065468549422,2.23318716222623,2.21805555555556,2.25653437278526,2.26537743709382,2.28450046685341,2.36227391032188,2.50234741784038,2.54511627906977,2.53000306715631,2.47804054054054,2.42124883504194,2.35551811288964,2.37995594713656,2.375,2.29963898916967,2.33500627352572,2.24312590448625,2.29041073595123,2.46701479547433,2.24694110574324,2.29342171989777,2.32071503680336,2.26,2.3483449315704,2.3269873608929,2.41617256982369,2.43538767395626,2.41637002951901,2.37733689004684,2.39406779661017,2.50217106902938,2.34438680440648
"02472","Watertown","MA","Boston","Middlesex",46,,,,,,,,,,,,,,,,,,,,,,,,,,1.54545454545455,1.57380952380952,1.56,1.66666666666667,1.78235294117647,1.66666666666667,1.66666666666667,1.5625,1.5,1.48944973107158,1.5,1.52777777777778,1.56,1.59232954545455,1.73684210526316,1.66666666666667,1.68518518518519,1.73228346456693,1.75091240875912,1.57278572114001,1.52329749103943,1.54545454545455,1.55050505050505,1.578073089701,1.67424242424242,1.7133072407045,1.67782051282051,1.625,1.67446549137284,1.66666666666667,1.66666666666667,1.57142857142857,1.57528036268194,1.58333333333333,1.62063566903622,1.66666666666667,1.69230769230769,1.79166666666667,1.75,1.66666666666667,1.81818181818182,1.63068181818182,1.55844155844156,1.62370943952802,1.65,1.59692372524231,1.63068181818182,1.7,1.71428571428571,1.69683357879234,1.6551724137931,1.68421052631579,1.63333333333333,1.56862745098039,1.57894736842105
"02139","Cambridge","MA","Boston","Middlesex",47,,,,,,,,,,,3,3,2.71428571428571,2.71714285714286,2.7027027027027,2.95568295568296,2.99538461538462,2.91902071563088,2.91214750542299,3.27272727272727,3.05600814663951,2.94736842105263,2.95344970906068,2.69047619047619,3.09140625,2.95040906505666,2.76412776412776,2.9105338247533,3,3,2.94840294840295,2.88259958071279,2.84529505582137,2.83769230769231,2.84044943820225,2.82583164958869,2.85714285714286,2.85357142857143,2.875,2.88736842105263,2.97619047619048,3,2.93333333333333,2.83333333333333,2.78718438967471,2.74642857142857,2.74642857142857,2.75,2.77777777777778,2.87634892086331,2.92904370262861,2.91044776119403,3,2.91666666666667,2.8349358974359,2.76470588235294,2.70588235294118,2.73333333333333,2.75,2.8099173553719,2.8,2.9585798816568,2.8989898989899,3,2.9303986260508,2.91034217238558,2.85714285714286,2.86363636363636,2.8298588443516,2.82051282051282,3,2.82857142857143,2.9875,2.94117647058824,3,3.05555555555556,3.08391608391608,3,2.96759259259259,2.98879202988792
"02130","Boston","MA","Boston","Suffolk",48,,,,,,,,,,,,,,,,,,,,,,,,,,,,,,,,,,,,,,,,,,,,,,,,,,,,,,,,,,,,,,,,,,,,,1.61607142857143,1.88262829403606,1.99444444444444,2,2.2,2.29396771452846,2.29396771452846,2.29396771452846,2.25,2.22222222222222,2.19955898566703,2.16003927344134
"02138","Cambridge","MA","Boston","Middlesex",49,,,,,,,,,,,,,,2.76556776556777,2.85561913993732,2.81488549618321,3.1681377397437,3.5,2.94736842105263,2.86259541984733,2.84962406015038,2.71428571428571,2.85714285714286,2.75,2.77271283354511,2.88235294117647,2.98602287166455,3.06840945512821,3.24375,3.03053805584821,3.03053805584821,3.09750297265161,2.98602287166455,2.94871794871795,2.92249047013977,3,3.02439024390244,3,2.97619047619048,3.23303167420814,3.2,3.05923579109063,3.03230191092988,2.85,2.80590909090909,2.83,2.8,2.87769784172662,3.06547619047619,3.10180417360331,3.30522208883553,3.15,3.23728579325594,3.32310838445808,3.26564215148189,3.15789473684211,3.07142857142857,3,2.98210735586481,3,3.06547619047619,3.05263157894737,3.06547619047619,3.22740647330811,3.22404371584699,3.21916471506635,3.05850946476636,3.18181818181818,2.90074503311258,3.06547619047619,3.03571428571429,3.23148493900921,3.15237394184763,3.38873626373626,3.5,3.41379310344828,3.37078651685393,3.35206937228622,3.2,3.20684126135756
"11103","New York","NY","New York","Queens",50,,,,,,,,,,,,,,,,,,,,,,,,,,,,,,,,,,,,,,,,,,,,,,,,,2.6,2.60180995475113,2.50448028673835,2.50448028673835,2.555,2.62828947368421,2.53846153846154,2.42857142857143,2.35,2.43650793650794,2.42857142857143,2.48290043290043,2.42857142857143,2.4375,2.39866666666667,2.3841059602649,2.18181818181818,2.40833333333333,2.4,2.30384615384615,2.40783410138249,2.18257575757576,2.41883116883117,2.55409356725146,2.68303571428571,2.67261904761905,2.8,2.75,2.75,2.72727272727273,2.66666666666667,2.54423076923077
"33130","Miami","FL","Miami-Fort Lauderdale","Miami-Dade",51,,,,,,,,,,,,,,,,,,,,,,,,,,,,,,2.2554347826087,2.34516019855596,2.28077945084145,2.25587623606969,2.19928186714542,2.22929936305732,2.21111470809104,2.23091076356946,2.22405271828666,2.22405271828666,2.24337185588035,2.25156445556946,2.2467895987921,2.26666666666667,2.30963286000228,2.25755033557047,2.32454399480398,2.3230436197102,2.32454399480398,2.32454399480398,2.31935771632471,2.3230436197102,2.26510067114094,2.29222919373282,2.34489552785924,2.38297872340426,2.32350659425912,2.26415094339623,2.320969180743,2.31818181818182,2.32558139534884,2.33374283374283,2.34985315712188,2.40811153358682,2.32558139534884,2.35602094240838,2.38416988416988,2.28680262901555,2.31935771632471,2.29359004708172,2.34375,2.34375,2.47524752475248,2.43101182654402,2.46835443037975,2.51736111111111,2.45901639344262,2.50683682771194,2.51376830847688,2.50692793638233,2.47770069375619
"10013","New York","NY","New York","New York",52,,,,,,,,,,,,,,,,,,,,,,,,,,,,,,,,,,,,,,,,,,5.31914893617021,5.4,5.46950375435211,5.3125,5.3125,5.55699481865285,5.59333333333333,5.67120627148171,5.78338590956887,5.42857142857143,5.53982456140351,5.6006589785832,5.39463392784373,5.52767857142857,5.41666666666667,5.26315789473684,5.55555555555556,5.20083333333333,5.42142857142857,5.59333333333333,5.65942028985507,5.62436323366556,5.85086916742909,5.48245614035088,5.0062656641604,5.55042103101253,5.56818181818182,5.82781456953642,5.48089285714286,5.55,5.3619708994709,5.56364202657807,5.64044896586514,5.62015503875969,5.76470588235294,5.70371404067143,5.72857142857143,5.625,5.68345323741007
"11102","New York","NY","New York","Queens",53,,,,,,,,,,,,,,,,,,,,,,,,,,,,,,,,,,,,,,,,,,,,,,,,,,2.85895806861499,2.82547285679194,2.84807692307692,2.73972602739726,2.8,2.85357142857143,2.85895806861499,2.86991129469122,2.83333333333333,2.85895806861499,2.85805046287893,2.83333333333333,2.78174603174603,2.8638540343075,2.85895806861499,2.85895806861499,2.85805046287893,2.86390526381569,2.85895806861499,2.82352941176471,2.9767924306535,2.75,2.98169191919192,3,2.95833333333333,3,2.90227272727273,2.93333333333333,2.99772727272727,2.99689903846154,2.85895806861499
"33140","Miami Beach","FL","Miami-Fort Lauderdale","Miami-Dade",53,,,,,,,,,,,,,,,,,,,,,,,,,,,2.25652173913043,2.30253307469653,2.1742385483816,2.29490846681922,2.21325161663932,2.26026097271649,2.1813258636788,2.22222222222222,2.14285714285714,2.17606330365974,2.25385527876631,2.26452248112898,2.28102189781022,2.18446601941748,2.16316887579774,2.16366158113731,2.27272727272727,2.29734848484848,2.26735395189003,2.24887556221889,2.3696682464455,2.40174672489083,2.34522026879633,2.3972602739726,2.41779497098646,2.25609756097561,2.21153846153846,2.27158058893679,2.20660158515368,2.26080141747308,2.14050751879699,2.14285714285714,2.27272727272727,2.4434653867278,2.40853658536585,2.32352941176471,2.36331569664903,2.36694677871148,2.5,2.38322428207924,2.38095238095238,2.26080141747308,2.58571428571429,2.58064516129032,2.27272727272727,2.41779497098646,2.47422680412371,2.37432020161825,2.4,2.43827160493827,2.29490022172949,2.31707317073171,2.37118644067797,2.38660935604662
"77006","Houston","TX","Houston","Harris",55,,,,,,,,,,,,,,,,,,,,,,,,,,,,,,,,,,,,,,,,,,,,,,,,,,,,,1.26008454979043,1.21581329091171,1.25766030736619,1.25,1.19193482193708,1.25226244343891,1.22447649229782,1.07894736842105,1.22162162162162,1.37375,1.49955237242614,1.43888888888889,1.44791666666667,1.32777777777778,1.37917068466731,1.25335144927536,1.37692307692308,1.37251908396947,1.46071428571429,1.40588235294118,1.25,1.26319683987983,1.29734784087045,1.25926906779661,1.27355478208232,1.23609529698304,1.29896616541353,1.10416666666667
"60654","Chicago","IL","Chicago","Cook",56,2.20772303595206,2.21977777777778,2.39024390243902,2.41216216216216,2.45293072824156,2.49098317934139,2.46588235294118,2.5347280334728,2.52951096121417,2.52266666666667,2.43660714285714,2.42753623188406,2.43497023809524,2.42634408602151,2.57352941176471,2.68128161888702,2.60791366906475,2.67507961783439,2.68814788316526,2.57666666666667,2.51147964310116,2.63222632226322,2.57627882599581,2.61882215592165,2.61538461538462,2.66610738255034,2.70004802243608,2.76987951807229,2.79958158995816,2.76777777777778,2.73859922756982,2.69485294117647,2.65267418392418,2.59320754716981,2.59294019933555,2.58108108108108,2.60167597765363,2.69132653061224,2.81724137931035,2.91071428571429,2.89810975609756,2.94266441821248,2.8006589785832,2.77948717948718,2.8006589785832,2.78963730569948,2.76534613845538,2.7656862745098,2.75951499059362,2.76334519572954,2.81740614334471,2.92034098419261,2.88823529411765,2.95739130434783,2.85480776759847,2.90209806134775,2.89254385964912,2.8967032967033,2.84449553815334,2.95742753623188,2.9445449962598,2.78664192949907,2.66310794780546,2.67355002951594,2.72333333333333,2.76470588235294,2.8785040932771,2.66310794780546,2.78721278721279,2.76470588235294,2.6790092879257,2.6588679245283,2.68018801410106,2.74913793103448,2.68767553584627,2.67883928571429,2.72488980716253,2.72137302882001,2.76470588235294,2.68017796030116
"10801","New Rochelle","NY","New York","Westchester",57,,,,,,,,,,,,,,,,,,,,,,,,,,,,,,,,,,,,,,,,,,,,,,,,,,,,,,,,,,,,,,,,,,,,,2.49494949494949,2.5,2.54545454545455,2.26428571428571,2.38218226106892,2.41413714828697,2.52583237657865,2.54545454545455,2.63636363636364,2.47150669731315,2.35388974394851,2.47058823529412
"33131","Miami","FL","Miami-Fort Lauderdale","Miami-Dade",58,,,,,,,,,,,,,,,,,,,,,,,,,,,,2.3030303030303,2.42718446601942,2.56666666666667,2.55172413793103,2.493321460374,2.48036421056949,2.45833333333333,2.50569476082005,2.53676470588235,2.48756218905473,2.48988701353048,2.50707484950956,2.53441514536849,2.53441514536849,2.53980288097043,2.56410256410256,2.5579133510168,2.52025202520252,2.48746955371641,2.55041518386714,2.5579133510168,2.58277372979977,2.58215962441315,2.55068672334859,2.58164489469475,2.56931415468001,2.57452574525745,2.54524480215951,2.57758545327389,2.58064516129032,2.55068672334859,2.55120543063981,2.55172413793103,2.54566856492633,2.55348637835778,2.5579133510168,2.58064516129032,2.53764991918704,2.53980288097043,2.53980288097043,2.5974025974026,2.55797101449275,2.53333333333333,2.50152625152625,2.55068672334859,2.51911881835666,2.57172251616696,2.54545454545455,2.51612903225806,2.55068672334859,2.56906077348066,2.60571768910066,2.63819095477387
"02118","Boston","MA","Boston","Suffolk",59,,,,,,,,,,,,,3.26151560178306,3.44725111441308,3.06754721353261,3.15,3,2.90819892473118,2.91176470588235,2.91934005499542,2.95138888888889,3.034136002886,2.89473684210526,2.995,3.04516129032258,3.13333333333333,3.0881110059918,3.1897341888176,3.26151560178306,3.2,3.18823529411765,3.23076923076923,3.2,3.125,3.16666666666667,3.25,3.26315789473684,3.25,3.33333333333333,3.43793353583896,3.38709677419355,3.30255984293589,3.34130781499203,3.30526315789474,3.3803611738149,3.38461538461538,3.35714285714286,3.54318990617923,3.55763303883296,3.62004213287662,3.64181692094313,3.6,3.60475352112676,3.5171862509992,3.45225109613945,3.41071428571429,3.42142857142857,3.5122635985828,3.56558501075817,3.71651785714286,3.77777777777778,3.71621621621622,3.75268048606147,3.59318111214663,3.58974358974359,3.79583333333333,3.64779874213836,3.45258899676375,3.39117647058824,3.33170582850168,3.62692307692308,4,3.9,3.75838926174497,3.58711566617862,3.63941769316909,3.58303151729984,3.5364768683274,3.49007744433688,3.5
"11104","New York","NY","New York","Queens",60,,,,,,,,,,,,,,,,,,,,,,,,,,,,,,,,,,,,,,,,,,,,,,,,,,,,,,,,,,,,,,,,,2.54675716440422,2.51470588235294,2.58198924731183,2.5,2.63333333333333,2.56349206349206,2.5,2.57383040935673,2.63392857142857,2.55555555555556,2.55555555555556,2.59352941176471,2.60357142857143,2.58911764705882,2.62583333333333,2.79411764705882
"10017","New York","NY","New York","New York",61,,,,,,,,,,,,,,,,,,,,,,,,,,,,,,,,,,,,,,,,,,5.17647058823529,5.20059435364042,5.20684036091,5.17505470459519,5.10285256410256,5.20026702269693,5.12082853855006,5.20360480640854,5.32405821917808,5.36015325670498,5.21284590532378,5.36780821917808,5.27288732394366,5.25,5.5,5.51854928017719,5.2536231884058,5.23076923076923,5.12820512820513,5.27272727272727,5.0164113785558,5.0551613785558,5.0164113785558,5.16656158049601,5.44378698224852,5.54082650789996,5.25068114735488,5.2307319594289,5.36221590909091,5.33561643835616,5.07539036076663,5.05305173932243,5.12820512820513,5.03913865128307,5.11565836298932,5.3945885005637,5.39479425028185,5.25785714285714,5.30904572564612
"02116","Boston","MA","Boston","Suffolk",62,,,,,,,,,3.69230769230769,3.57723577235772,3.5,3.57723577235772,3.81818181818182,3.9,3.91373360938578,4.11067580803134,4,3.85714285714286,3.90909090909091,3.89444444444444,4.08163265306122,3.82113821138211,4.03211321689583,3.86392787996128,4.12674739560146,4.05117270788913,4.15094339622642,4.05011655011655,4.00757575757576,3.93178134370695,4.04157549234136,4.02836350374644,4.05524608227228,3.96153846153846,4,4,4.04676258992806,4.04262295081967,4.11764705882353,4.18181818181818,4.27272727272727,4.32886597938144,4.27272727272727,4.16666666666667,4.16666666666667,4.16464988706034,4.16666666666667,4.33445837351334,4.38099902056807,4.24028268551237,4.19,4.1952380952381,4.15085924713584,4.09090909090909,4,4,4,4,4.14787234042553,4.3546442687747,4.33799871299871,4.34266409266409,4.33799871299871,4.17391304347826,4.25492610837438,4.44444444444444,4.15937272064187,4.10855532786885,4.23557955166758,4.02083333333333,4.34266409266409,4.12380952380952,4.25,4.3037037037037,4.25652667423383,4.18181818181818,4.36011616650532,4.47177848775293,4.40789473684211,4.34362934362934
"10038","New York","NY","New York","New York",63,,,,,,,,,,,,,,,,,,,,,,,,,,,,,,,,,,,,,,,,,,4.87673343605547,4.91054208629057,4.86568986568987,4.85714285714286,4.93542435424354,4.90615835777126,4.92881355932203,4.9306625577812,5.01584613068353,5.13428262436914,4.9537750385208,5,5.02637276580063,5.125,5.07710832424573,5.01768945363803,4.89527774590634,4.94486098319134,5.0373030583874,5.08940436639772,5.12397540983607,5.125,5.02380952380952,5.13698630136986,4.99821428571429,5.042,5.04950495049505,4.979035639413,4.98575498575499,4.979035639413,5.03017595307918,4.95045454545455,4.98239531258399,5.13839446647441,5.1875,5.22373290426388,5.24470696079011,5.28126418198321,5.18945634266886
"02143","Somerville","MA","Boston","Middlesex",64,,,,,,,,,,,,,,,,,,,,,,,,,,,,,,,,,,,,,,,,,,,,,,,,,,,,,,,,,,,,,,,,,,,,,2.05263157894737,2.24,2.18181818181818,2.125,2.1,2.2425,2.49166666666667,2.49166666666667,2.43434343434343,2.41666666666667,2.375,2.34009360374415
"33019","Hollywood","FL","Miami-Fort Lauderdale","Broward",65,,,,,,,,,,,,,,,,,,,,,,,,,,1.46574074074074,1.48331499816648,1.58361486486486,1.575,1.74418604651163,1.77777777777778,1.755,1.70068027210884,1.82522123893805,1.75,1.7,1.68,1.67333333333333,1.69811320754717,1.76785714285714,1.78571428571429,1.71206896551724,1.8,1.86619718309859,1.72413793103448,1.775,1.80533751962323,1.8,1.71206896551724,1.73786783686113,1.88808539944904,1.88808539944904,1.975,1.7603249830738,1.91987179487179,1.88141025641026,1.66285278413425,1.66285278413425,1.66285278413425,1.75,2,1.93160888407367,2.0732667775929,2.21476510067114,2,1.77960526315789,2.04166666666667,1.92307692307692,2.17028380634391,1.91666666666667,1.91666666666667,1.72413793103448,1.79465776293823,1.91641716566866,2,2.05498419679719,2.12644396827521,2.13519440579708,2.17068250239036,1.91987179487179
"33137","Miami","FL","Miami-Fort Lauderdale","Miami-Dade",66,,,,,,,,,,,,,,,,,,,,,,,,,,,,,,,,,,2.2568093385214,2.23292469352014,2.18475367779126,2.14550264550265,2.14007782101167,2.14007782101167,2.27042002349311,2.147468743595,2.147468743595,2.23667119262507,2.17578143718591,2.12367820858387,2.15571939231457,2.19683655536028,2.30677797434763,2.30123061059805,2.30263157894737,2.26969696969697,2.28619813717189,2.30263157894737,2.31690237070438,2.30677797434763,2.43979227194963,2.53164556962025,2.48630136986301,2.47368421052632,2.5,2.48107339024552,2.51758087201125,2.5,2.4024024024024,2.5,2.5,2.36008295136495,2.38629270230394,2.54237288135593,2.34848484848485,2.30263157894737,2.40612524335955,2.45319216685241,2.45481763745237,2.53718285214348,2.45183887915937,2.4375,2.54617563048521,2.55701239180042,2.56326021766232
"10037","New York","NY","New York","New York",67,,,,,,,,,,,,,,,,,,,,,,,,,,,,,,,,,,,,,,,,,,,,,,,,,,,,,,,,,,,,,,,,,,,,,3.52013793103448,3.31100165818836,3.31045749812333,3.27102803738318,3.24907611019486,3.34830681652314,3.42857142857143,3.17350503970854,3.3623417721519,3.25,3.29285714285714,3.48432055749129
"02478","Belmont","MA","Boston","Middlesex",68,,,,,,,,,,,,,,,,,,,,,,,,,,,,,,,,,,,,,,,,,1.53846153846154,1.54166666666667,1.55,1.56521739130435,1.51274926446551,1.49642857142857,1.49821428571429,1.45227272727273,1.5,1.63461538461538,1.83703703703704,1.70979020979021,1.66666666666667,1.69230769230769,1.6,1.58333333333333,1.66666666666667,1.65625,1.64144144144144,1.6375,1.66666666666667,1.7558057705841,1.69354838709677,1.81818181818182,1.73611111111111,1.64609053497942,1.58083262890955,1.5,1.58333333333333,1.7,1.55555555555556,1.68333333333333,1.85244330884701,1.76928297668477,1.80337388577567,1.75,1.90838235294118,1.84615384615385,1.70064603365385,1.66666666666667
"60601","Chicago","IL","Chicago","Cook",69,,,,,,2.48461538461538,2.4027397260274,2.38794397804327,2.38773006134969,2.45205555035031,2.48888888888889,2.4027397260274,2.4326192082771,2.44270833333333,2.65346534653465,2.63923267326733,2.64657534246575,2.6500203445002,2.75230599983075,2.81746031746032,2.75480059084195,2.69538461538462,2.6644591611479,2.74484110210199,2.71428571428571,2.73930753564155,2.73930753564155,2.76182432432432,2.82236842105263,2.83604135893648,2.86040470330872,2.76747967479675,2.75694308976478,2.80769230769231,2.83008636649844,2.82666666666667,2.8505291005291,2.81195079086116,2.8062365234224,2.83068783068783,2.85180572851806,2.91728212703102,2.96208530805687,2.96933962264151,2.88805031446541,2.8680800942285,2.81059063136456,2.76923076923077,2.89855072463768,2.91130869885505,2.84528483497556,2.93524193548387,2.91329479768786,2.95833333333333,2.91972076788831,2.94585448392555,2.99398496240602,2.93184488836663,2.87139913376727,2.78579991708962,2.75117370892019,2.8680800942285,3.01272397126759,2.92089552238806,3.0208,3.003300330033,3.15258855585831,2.79878048780488,2.84615384615385,2.88894078087054,2.79207920792079,2.85438027380332,2.80148814600034,2.7860396039604,2.75001825544344,2.78939024390244,2.78,2.79878048780488,2.92592592592593,2.78632330760358
"02140","Cambridge","MA","Boston","Middlesex",70,,,,,,,,,,,,,,,,,,,,,,,,,,,,2.72851352469187,2.72727272727273,2.65612244897959,2.51376146788991,2.45738636363636,2.40909090909091,2.58394813447648,2.52681277056277,2.601246105919,2.601246105919,2.63516450573334,2.72727272727273,2.98194223387323,2.74699907663897,2.7437537208811,2.79351446099912,2.6,2.69642857142857,2.68951194184839,2.67123287671233,2.70394736842105,2.66295994410806,2.71741609644835,2.82142857142857,2.888,2.66666666666667,2.64912280701754,2.54820559610706,2.6,2.6,2.52737226277372,2.48529411764706,2.52427184466019,2.64285714285714,2.85205536912752,3.07715347285411,2.77421012072951,2.81855549031122,2.80336297943302,2.74567280848688,2.75316979051819,2.75316979051819,2.69461250360127,2.47222222222222,2.68333333333333,2.82182222222222,2.9154609475032,2.90250453282599,3,2.93690947881743,2.75,2.66666666666667,2.625
"78751","Austin","TX","Austin","Travis",71,,,,,,,,,,,,,,,,,,,,,,,,,,,,,,,,,,,,,,,,,,,,,,,,,,,,,,,,,,,,,,,,,,,,,1.74,1.75735294117647,1.69744008714597,1.7927883486023,1.80909090909091,1.75735294117647,1.75367647058824,1.78703703703704,1.83219800181653,1.83912259615385,1.83668518130371,1.75735294117647
"02129","Boston","MA","Boston","Suffolk",72,,,,,,,,,,,,,,,,,,,,,2.79741092241092,2.7654953145917,2.78959092182684,2.73835616438356,2.74736842105263,2.74736842105263,2.73835616438356,2.74736842105263,2.63303477344573,2.71863711001642,2.75362068965517,2.84499584717608,2.84499584717608,2.94,2.98809523809524,2.92280701754386,3.0096065873742,3.03448275862069,3.03448275862069,2.88235294117647,2.92280701754386,2.92280701754386,2.94736842105263,3.03846153846154,3.00080906148867,3,3,3,3,3,2.9732202702226,2.92307692307692,2.92307692307692,3.04833880978459,2.91552839683681,2.85714285714286,2.85481239804241,2.90797987059669,2.91199309749784,2.9559748427673,3.0150462962963,2.92307692307692,2.90567242019912,2.80085617574832,3,2.75,2.82740619902121,2.775,2.70833333333333,2.90888809242735,3.03846153846154,2.95238095238095,3,2.53333333333333,2.71428571428571,2.90797987059669,2.95816326530612,2.95816326530612,2.88383838383838,2.75
"02114","Boston","MA","Boston","Suffolk",73,,,,,,,,,,,,,,,,,,,,,,,3.58518518518519,3.48101265822785,3.392,3.42857142857143,3.40588235294118,3.6737400530504,3.98811096433289,3.81944444444444,3.69317160826595,3.45732221493488,3.51533457249071,3.51604872107186,3.61058495821727,3.90835579514825,4.02163225172075,4.04818092428712,4.04705882352941,3.9375,3.85225885225885,3.99429386590585,3.43760683760684,3.72222222222222,3.79166666666667,3.753,3.63636363636364,3.78409090909091,3.81276063386155,3.77049180327869,3.98480531813865,3.81944444444444,3.82638888888889,3.58832807570978,3.60019305019305,3.66666666666667,3.69857426585331,3.62422132185363,3.66666666666667,3.75197137850467,3.79166666666667,3.80972222222222,3.78037675981229,3.99795501022495,3.84770889487871,3.71293800539084,3.40163934426229,3.27642307692308,3.75,3.70021900269542,3.5158929827409,3.65384615384615,3.48396282973621,3.75714285714286,3.6,3.79166666666667,3.54545454545455,3.58331223094454,3.67298067298067,3.54605119229928
"33129","Miami","FL","Miami-Fort Lauderdale","Miami-Dade",74,,,,,,,,,,,,,,,,,,,,,,,,,,,,,,,,,,,,,,,,,,,,,,,,,,,,,,,,,,,2.36343942676221,2.35294117647059,2.40522136699133,2.40537944284342,2.35294117647059,2.28070175438596,2.2693831352575,2.17647058823529,2.30790491984522,2.19729334308705,2.27272727272727,2.29411764705882,2.2641276349682,2.33881163084703,2.22691761363636,2.25401069518717,2.37743902439024,2.40692864242364,2.37515225334957,2.35294117647059,2.32352941176471,2.3094688221709
"60661","Chicago","IL","Chicago","Cook",75,,,,,,,,,,,,,,,,,,,,,,,,,,2.98353741698292,2.87523695894374,2.88781163434903,2.82937027192803,2.81052631578947,2.66709511568123,2.57260726072607,2.6742301458671,2.54578754578755,2.83870967741935,2.8872997200548,2.81593025559738,2.60387534036143,2.51485148514851,2.48245614035088,2.39327883742053,2.48878923766816,2.81460345141727,2.86106281883316,2.81096414837297,2.6645056726094,2.57579294925834,2.61635944700461,2.79930795847751,2.77335640138408,2.8382732145444,2.91748014484375,2.97378849637681,2.9810298102981,2.92093023255814,2.92165432430037,2.91550603528319,2.927663639653,2.81731684110371,2.91105121293801,2.76078799249531,2.78243603781441,2.77309562398703,2.77648950295562,2.71451483560545,2.81589199029126,2.81754385964912,2.76019575856444,2.79999480708314,2.91105121293801,2.73312101910828,2.71451483560545,2.70174505213875,2.71050521251002,2.73093045389614,2.70027954553626,2.66485998193315,2.66485998193315,2.68044897717634,2.74544383491035
"33132","Miami","FL","Miami-Fort Lauderdale","Miami-Dade",76,,,,,,,,,,,,,,,,,,,,,,,,,,,,,,2.17391304347826,2.22508059126469,2.26933433192461,2.23021582733813,2.34301780693533,2.30481148488028,2.30849947534103,2.30414746543779,2.30547550432277,2.33576642335766,2.41318362277561,2.39605355884426,2.39605355884426,2.389486260454,2.4,2.38549618320611,2.30224321133412,2.30414746543779,2.30414746543779,2.30906102854467,2.30029766811285,2.39802677942213,2.41935483870968,2.39605355884426,2.39802677942213,2.44519392917369,2.44379276637341,2.42483026188167,2.41935483870968,2.39802677942213,2.40751341681574,2.41064006650042,2.38322428207924,2.37519202895406,2.38095238095238,2.38095238095238,2.389486260454,2.37946242326718,2.38549618320611,2.35137636603722,2.30319533838595,2.30414746543779,2.30319533838595,2.29669670593301,2.30358888423405,2.34768026830632,2.29528535980149,2.30414746543779,2.33244220258342,2.30806259065761,2.32398090565244
"02141","Cambridge","MA","Boston","Middlesex",77,,,,,,,,,,,,,,,,,,,,,,,,,,,,,,,,,,,,,,,,,,,,,,,3.02380952380952,2.98088667058133,3.14465408805031,3.20714285714286,3.20197044334975,3.18965517241379,3.15789473684211,3.2,3.08888888888889,2.88235294117647,2.95238095238095,2.96139189731247,3,2.88461538461538,2.86343612334802,2.82608695652174,2.82971014492754,2.98888888888889,2.97553937432578,3.15037593984962,2.98484848484848,3.17795086262703,3.20982142857143,3,2.95833333333333,2.93915603532875,3.17425810904072,3,3,3.08333333333333,3.25657894736842,3.07321428571429,2.91181364392679,2.85714285714286
"10005","New York","NY","New York","New York",78,,,,,,,,,,,,,,,,,,,,,,,,,,,,,,,,,,,,,,,,,,4.79307692307692,4.92190152801358,4.87230830650997,4.77084885453529,4.73513080313699,4.87065153301887,4.97815467831498,4.90550721561969,4.9192439862543,4.75922614667648,4.97098646034816,4.92190152801358,4.86935866983373,4.95951417004049,4.86881937436932,4.72222222222222,4.72587154387773,4.72222222222222,4.72952086553323,4.71527777777778,4.75,4.73976043276661,4.72952086553323,4.76023081604188,5.03120124804992,4.72222222222222,4.70833333333333,4.59683496608892,4.72587154387773,4.70833333333333,4.80102837461046,4.69033530571992,4.76413255360624,4.93490483261339,4.92190152801358,5.09437355694731,5.17122933884298,4.98821681068342,4.91679748822606
"10018","New York","NY","New York","New York",79,,,,,,,,,,,,,,,,,,,,,,,,,,,,,,,,,,,,,,,,,,5.3021978021978,5.2202868852459,5.14677057131933,5.01607717041801,5.12743628185907,5.04756871035941,5,5.04756871035941,5.09014812403353,5.03184713375796,5.14677057131933,5.13333333333333,5.15130998429462,5.18988694026529,5.18828451882845,5.17544459644323,5.11320069126887,5.05841911588499,5.1081359423275,5.14935988620199,5.18828451882845,5.15113962799442,5.15113962799442,5.17441860465116,5.19148936170213,5.28892455858748,5.15291936978684,5.14418125643666,5.1425131634296,5.15113962799442,5.13580876914787,5.12847972284492,5.23961661341853,5.17916666666667,5.24226418900641,5.1894495412844,5.27355739717618,5.17953959484346,5.04756871035941
"02458","Newton","MA","Boston","Middlesex",80,,,,,,,,,,,,,,,,,,,,,,,,,,,,1.84,1.9,1.82142857142857,1.775,1.6,1.63636363636364,1.5875,1.54901960784314,1.56022727272727,1.66666666666667,1.71428571428571,1.72872340425532,1.83974358974359,1.94804318488529,1.83333333333333,1.68181818181818,1.68181818181818,1.6,1.61554252199413,1.755,1.87329434697856,1.66666666666667,1.75,1.93333333333333,1.86666666666667,1.83333333333333,1.73966325660699,1.73333333333333,1.70891943734015,1.6944559029783,1.65625,1.60869565217391,1.62141779788839,1.82909090909091,1.80369875222816,1.7671302578019,1.71285714285714,1.92,1.80392156862745,1.75829187396352,1.756,1.69230769230769,1.61538461538462,1.67708333333333,1.80298913043478,1.75,1.84822410558323,1.84615384615385,1.80048118480954,1.77777777777778,1.66666666666667,1.65833333333333,1.77108910891089
"10280","New York","NY","New York","New York",81,,,,,,,,,,,,,,,,,,,,,,,,,,,,,,,,,,,,,,,,,,,,,,,,,,,,,,,,,,,,,,,,,,,,,4.66101694915254,4.54545454545455,4.41676670668267,4.56588301837973,4.59340237821251,4.61836561743341,4.73965287049399,4.99124343257443,4.99617834394904,4.71315381865841,4.49524446142093,4.52549433877858
"02113","Boston","MA","Boston","Suffolk",82,,,,,,,,,,,,,,3.29230769230769,3.25,3.34408602150538,3.3502538071066,3.4010152284264,3.18875,3.02325581395349,3,2.88888888888889,2.96764705882353,3,3.17155425219941,3.25,3.36220238095238,3.22222222222222,3.25,3.27272727272727,3.2674253200569,3.28638107610042,3.25657894736842,3.17821067821068,3.07692307692308,3.4,3.2819332566168,3.33333333333333,3.33333333333333,3.35694508537148,3.60555555555556,3.5,3.40909090909091,3.4,3.33333333333333,3.31666666666667,3.39230769230769,3.36666666666667,3.5,3.53811188811189,3.5,3.55555555555556,3.67543859649123,3.66666666666667,3.57854297097325,3.45454545454545,3.39833333333333,3.35497835497836,3.33333333333333,3.57142857142857,3.57142857142857,3.57142857142857,3.65942028985507,3.6375,3.59166666666667,3.63858695652174,3.725,3.3,3.5,3.25657894736842,3.54700854700855,3.37980769230769,3.38461538461538,3.55042016806723,3.66666666666667,3.72077922077922,3.80769230769231,3.68333333333333,3.54195804195804,3.57142857142857
"10282","New York","NY","New York","New York",83,,,,,,5.14161392405063,5.09375,4.9984375,4.96774193548387,4.92857142857143,4.92783505154639,5,5.07423687423687,5.08823529411765,5.22091346153846,5.35,5.39256198347107,5.52564664163538,5.31302876480541,5.36737207670238,5.33466135458167,5.4176128861896,5.42857142857143,5.23129894058038,5.26577380952381,5.40042328632525,5.43086058239792,5.5,5.53417125470878,5.60305059523809,5.61698643500883,5.59054812111381,5.59296296296296,5.62538118123491,5.6352970959459,5.65428109854604,5.70714285714286,5.63636363636364,5.65428109854604,5.83333333333333,5.82706766917293,5.86776859504132,5.90622182146078,5.87878787878788,5.84415584415584,5.8354114713217,5.83437240232751,5.8732782369146,5.89254668937851,5.89660743134087,5.97738287560582,5.9612687032419,5.97554993477041,6.05142857142857,5.97014925373134,5.92237895819558,6.025,6.05366492146597,6.00454545454545,5.93979933110368,5.88848594741614,5.73770491803279,5.83333333333333,5.86776859504132,5.85055096418733,5.83333333333333,5.83955223880597,5.76470588235294,5.85055096418733,5.93548387096774,5.67901234567901,5.88363691310201,5.90844727780827,5.96967026229571,6.06254674644727,6.27164322250639,6.10671641791045,6.21375310687655,6.11875,6.11875
"10006","New York","NY","New York","New York",84,,,,,,,,,,,,4.35714285714286,4.35584415584416,4.35504201680672,4.45488759534324,4.41666666666667,4.5,4.46932006633499,4.46875,4.55752506477414,4.52127659574468,4.47413793103448,4.5,4.53846153846154,4.5107650273224,4.45454545454545,4.5,4.47619047619048,4.5448079658606,4.57333333333333,4.52380952380952,4.52380952380952,4.53917050691244,4.5448275862069,4.50713359273671,4.51070336391437,4.49724949632763,4.53636363636364,4.53636363636364,4.54164456233422,4.55384615384615,4.61538461538461,4.61538461538461,4.55263157894737,4.59718670076726,4.66582597730139,4.65571205007825,4.65485074626866,4.65268052450611,4.70452446906741,4.65694982472116,4.53484848484849,4.63302450908017,4.68705547652916,4.59718670076726,4.64432284541724,4.72946859903382,4.59378022243714,4.56,4.48460508701473,4.48460508701473,4.59381044487427,4.58940856915735,4.65485074626866,4.48896921017403,4.53351354971476,4.56508704061896,4.68705547652916,4.48896921017403,4.56735976789168,4.45628075628076,4.52201257861635,4.65798092868988,4.65798092868988,4.78434504792332,5.04329004329004,4.94489795918367,5.1760056239498,5.04329004329004,5.12399023451083
