"RegionName","State","Metro","CountyName","SizeRank","2010-01","2010-02","2010-03","2010-04","2010-05","2010-06","2010-07","2010-08","2010-09","2010-10","2010-11","2010-12","2011-01","2011-02","2011-03","2011-04","2011-05","2011-06","2011-07","2011-08","2011-09","2011-10","2011-11","2011-12","2012-01","2012-02","2012-03","2012-04","2012-05","2012-06","2012-07","2012-08","2012-09","2012-10","2012-11","2012-12","2013-01","2013-02","2013-03","2013-04","2013-05","2013-06","2013-07","2013-08","2013-09","2013-10","2013-11","2013-12","2014-01","2014-02","2014-03","2014-04","2014-05","2014-06","2014-07","2014-08","2014-09","2014-10","2014-11","2014-12","2015-01","2015-02","2015-03","2015-04","2015-05","2015-06","2015-07","2015-08","2015-09","2015-10","2015-11","2015-12","2016-01","2016-02","2016-03","2016-04","2016-05","2016-06","2016-07","2016-08","2016-09","2016-10","2016-11","2016-12","2017-01","2017-02","2017-03","2017-04","2017-05","2017-06","2017-07","2017-08","2017-09"
"New York","NY","New York","Queens",1,549990,549000,550000,549900,549000,549000,545300,545000,540000,529945,529000,525000,520000,515000,519000,499997,503000,510000,509000,509000,5e+05,5e+05,510000,509000,499995,5e+05,499999,5e+05,519000,519000,519000,510000,509000,499000,525000,525000,529000,529000,529900,539000,539000,539000,545000,549000,550000,555000,559000,575000,575000,569000,569000,589999,599000,625000,629000,629000,629000,629000,599000,599900,619000,599000,619000,659000,679000,649000,659900,689000,699000,720000,765000,779000,799000,798000,780000,835000,825000,849000,840000,829000,824900,825000,829000,819000,8e+05,799000,839000,858000,885000,899000,899000,899000,899000
"Los Angeles","CA","Los Angeles-Long Beach-Anaheim","Los Angeles",2,399000,375000,382450,378850,375000,350000,349900,350000,350500,350000,349000,333950,325000,319900,325000,318500,325000,319900,309000,319900,319000,325000,330000,329000,329000,328990,339900,335990,340000,349900,349900,349900,348450,360000,375000,379000,390000,399000,410000,435000,449900,450000,475000,499000,499900,5e+05,499999,499900,496500,499000,499000,525000,529700,549999,550000,580000,595000,580000,570000,589000,590000,599000,599900,660000,655000,688000,699000,7e+05,702500,7e+05,7e+05,704477.5,719900,720000,704894,699000,720000,735000,749000,750000,767000,755444,759900,750000,795000,797000,799000,815000,8e+05,799450,799990,815000,799995
"Chicago","IL","Chicago","Cook",3,,,,,,,,,,,,,,,,,,,,,,,,,,,,,,,,,,,,,,,,,,,,,,,169900,154950,149000,149900,157500,155000,167499,188000,185000,179900,189900,185000,180000,169000,151295,152500,164900,170000,179900,184000,185000,195000,190000,195000,190000,184900,179900,179000,189000,199900,209250,2e+05,199900,198500,195000,192500,189900,185000,179900,189000,199900,201450,215000,219900,215000,214949.5,218950
"Philadelphia","PA","Philadelphia","Philadelphia",4,,,,,,,,,,,,,,,,,,,,,,,,,,,,,,,,185000,174900,174900,169700,174500,155000,159900,164900,159900,174700,179000,172000,174900,179900,174900,179900,173999,164950,160000,164950,165000,169900,169900,169900,160000,170000,169000,165000,169000,169000,169925,169900,179000,169900,169900,165000,164950,159900,159400,156000,159900,160000,169399,169900,178000,172000,169900,169798,169000,169900,174000,169900,169349,175000,175000,180000,189900,199000,214950,198944,199900,224500
"Phoenix","AZ","Phoenix","Maricopa",5,,,,,,,,,,,,,,,,,,,,,,,,,,,,,,,,,,,,,,,,,,,,,,,160912,169000,167950,164800,167000,169500,172400,169500,165000,169000,175000,169000,159900,167200,165450,169000,175000,175000,172250,175000,179975,179900,189900,198450,2e+05,214900,214950,217500,240000,234500,232000,234950,229000,224000,224900,229000,229000,232500,224900,242000,239000,249900,277450,275000,272500,287500,280000
"Las Vegas","NV","Las Vegas","Clark",6,,,,,,,,,,,,,,,,,,,,,,,,,,,,,,,,,,,,,,,,,,,,,,,,,175000,175000,175000,179000,185000,189500,195000,195000,199900,198000,198000,199000,199999,199000,195000,190000,173900,175444,190000,189900,195000,199900,189900,199000,195000,195000,199000,199949.5,199999.5,204950,215000,221758,229999,229499.5,229945,224950,229999,229000,235000,235000,235000,239000,245000,249900,249900
"San Diego","CA","San Diego","San Diego",7,,,,,,,,,,,,,,,,,,,,,,,,,,,,,,,,,,,,,,,,,,,,,,,,,,,,,,,,,,,,,,,,,,,,,,,,,,,,839000,825000,796500,849750,874500,849250,824950,799000,750000,799900,899000,799500,750000,849000,954950,1100000,1177450,1012950
"San Francisco","CA","San Francisco","San Francisco",8,,,,,,,,,,,,,,,,,,,,,,,,,,,,,,,,,,,,,,,,,,,,,,,,,,,,,,,,,,,,1695000,1650000,1399000,1495000,1649000,1750000,1795000,1770000,1749000,1697500,1769000,1849000,1849000,1972000,1798500,1895000,1922000,2250000,2250000,2195000,1998000,1996500,1998000,1999000,1998000,1987500,1999999.5,1995000,1995000,1995000,1995000,1960000,1895000,2225000
"Fort Worth","TX","Dallas-Fort Worth","Tarrant",9,,,,,,,,,,,,,,,,,,,,,,,,,,,,,,,,,,,,,,,,,,,,,,,,,119950,115000,118950,115000,118950,111950,119900,110000,125000,128000,118500,124950,128250,129000,145000,149900,138500,150000,150000,147000,140000,135000,134750,135000,135000,130000,136140,147500,150000,152750,164900,150500,165000,172000,182500,184700,179900,175000,169900,175000,179500,169900,183500,168000,167900
"El Paso","TX","El Paso","El Paso",10,,,,,,,,,,,,,,148875,144000,130000,130000,140000,142499.5,139950,140000,130000,125000,139950,144999,150000,152000,150000,150000,142500,143750,146350,147850,148000,148500,143750,149725,159500,155000,158000,156500,150000,164800,159000,149950,143000,146000,139900,132450,141500,139900,151000,155000,148925,147975,143900,139995,140000,144425,140000,135000,129000,129950,126500,139838.5,140000,153997.5,144900,135000,134900,134900,124950,119900,119900,139900,139500,139975,161500,159900,159900,139900,143000,131000,139700,154900,154900,152500,139000,149900,149000,145000,159000,141450
"Boston","MA","Boston","Suffolk",11,359000,359000,356000,359000,365000,362500,365000,365000,349000,349000,339000,319900,335000,319900,338500,339900,360000,359000,350000,349000,359000,369900,344500,339000,349450,359000,359900,375000,397000,409000,409900,399000,399900,399000,409000,414000,425000,427000,449000,449900,469900,515000,499000,475000,479000,469000,479000,479000,479000,495000,495000,535000,579000,589000,560000,549450,525000,533950,549000,524499.5,549000,550000,559000,565000,577000,582499.5,599000,575000,6e+05,599900,611000,599900,629000,599900,625000,639000,649000,650000,650000,649000,625000,649900,680000,694508,699908,740000,799000,789000,799900,799999,775000,782000,8e+05
"Seattle","WA","Seattle","King",12,,,,,,,,,,,,,,,,,,,,,,,,,,,,,,,,,,,,,,,,,,,,,,,,,,,,,,,,,,,,,,,,,,,,,,,725000,725000,725000,737000,8e+05,799950,845500,803950,787000,817500,750000,799000,795000,850000,819990,849900,879000,9e+05,949999,899950,975000,979000,975000
"Baltimore","MD","Baltimore","Baltimore City",13,,,,,,,,,,,,,,,,,,,,,,,,,,,,,,,,,,,,,,,,,,,,,,,,,,,,,,,,,,,,,,,,,,,,,,,,,,,,,,,,319000,290000,299000,325000,277450,320000,325000,335000,342000,312450,275000,299450,277000,250000
"Milwaukee","WI","Milwaukee","Milwaukee",14,85000,79900,79900,84500,79900,79900,80500,84900,85900,88900,84900,74900,69900,64900,69900,69945,69900,69900,64900,60000,64900,59900,55000,55000,59900,59250,55900,60000,67500,64900,60000,54900,54900,49900,54900,52000,53900,55000,54050,54900,59900,62400,69900,59900,59000,58400,60000,58450,59900,55323,58500,62000,67900,72000,68450,65000,69950,66750,59000,57900,54950,53500,57000,65000,70000,70000,79000,79000,79900,74500,70000,70000,63950,63400,63400,69900,75000,85000,89000,89900,83000,81900,80000,78500,65000,68000,73000,74900,79000,80750,87900,79900,79900
"Tucson","AZ","Tucson","Pima",15,135000,148500,145000,135000,129900,129950,125000,125000,119900,117150,117000,116700,127000,125000,124900,124900,130000,132500,126500,118250,126500,129000,129900,129450,124900,129900,128000,134900,134450,134075,135000,135000,134900,140000,139950,149000,139900,139900,139900,143657,152500,159950,159900,149900,163900,159900,164500,177000,185000,186000,179250,179000,186000,179700,182450,185000,186900,169950,165000,159900,159900,169000,163500,169000,171250,164250,166750,155950,159900,165000,165000,165000,162500,165000,165000,160000,165000,155900,174150,161997.5,150000,160000,172450,189000,195000,189000,215000,225000,205000,207000,219500,214000,210000
"Oklahoma City","OK","Oklahoma City","Oklahoma",16,,,,,,,,,,,,,,,,,,,,,,,,,,,,,,,,,,,,,,,,,,,,,,,,,,,,,,,,,,,,,,,,,,,,,,,,,,,,,,,,149000,143900,129900,135000,135000,120075,140000,158000,157000,157000,157000,159000,175000,160000
"Sacramento","CA","Sacramento","Sacramento",17,,,,,,,,,,,,,,,,,,,,,,,,,,,,,,,,,,,,,,,,,,,,,,,229900,248800,237450,245000,259475,275000,269500,274900,285000,275000,275500,292000,265950,270000,275000,267950,302000,319000,299000,317000,319000,329000,329000,350000,359000,359000,350000,344450,332000,335000,350000,372500,365000,329950,335000,350000,350000,349444,339000,331000,336000,350000,350000,354975,350000,349500,345000
"Mesa","AZ","Phoenix","Maricopa",18,,,,,,,,,,,,,,,,,,,,,,,,,,,,,,,,,,,,,,,,,,,,,,,,,,,,,,,,,,,,,,,,,,,,,,,,,,,,,,250000,239890,254900,254900,275000,239000,234900,229900,259900,250000,264900,249900,260000,262000,272500,267500
"Long Beach","CA","Los Angeles-Long Beach-Anaheim","Los Angeles",19,,,,,,,,,,,,,,,,,,,,,,,,,,,,,,,,,,,,,,,,,,,,,,620000,599950,609500,599000,580000,575000,599000,622000,575000,585000,610500,548950,549900,549000,559000,579450,599000,599000,619500,629450,602500,6e+05,643000,649000,642000,642000,610000,648500,683900,705000,725000,722500,722500,689900,674000,699999,708000,727495,695000,729990,777000,792500,799999,810000,799900,810000,850000,870000
"Miami","FL","Miami-Fort Lauderdale","Miami-Dade",20,,,,,,,,,,,,,,,,,,,,,,,,,,,,,,,,,,,,,,,,,,,,,,,,,,259000,259900,269450,265000,265000,258000,265000,297000,289950,296500,3e+05,3e+05,325000,349900,355000,326250,325000,335000,343750,349949.5,365000,383250,379500,399000,385000,385000,389000,399000,389000,399000,399450,415000,434166.5,410000,424900,449000,440000,445000,435000,430000,430000,445000,447000,449000
"Oakland","CA","San Francisco","Alameda",21,,,,,,,,,,,,,,,,,,,,,,,,,,,,,,,,,,,,,,,,,,,,,425000,425000,419500,451246.5,435999,445000,449000,454500,495000,499000,490000,492499.5,489999,450000,499000,499450,449000,499000,499945,497000,499000,509900,509900,524950,550000,572500,555000,521000,525000,549950,552500,627250,630000,650000,649000,654500,650000,648944,624000,569900,628000,660000,721495,699000,699975,699250,719000,720000,699500
"Cleveland","OH","Cleveland","Cuyahoga",22,34950,39900,37000,39900,39000,39900,39900,39900,39883,39691.5,35000,37450,40000,40000,39900,35000,38500,35000,38000,38000,34900,34900,34900,30500,33000,31500,30000,31000,34900,29900,30000,30000,30000,29950,30000,30000,29900,30000,32000,32950,35000,38900,39900,39500,39500,39900,40950,40000,39950,41000,43900,40000,40191.5,43400,42000,41000,40000,40000,40000,39250,38500,36500,34500,35000,35000,35450,39900,39900,40000,40000,39900,38000,38000,35000,36000,39225,39500,39900,39900,39700,39500,39900,40000,39500,36725,39000,39900,39900,40000,40900,45000,49500,52000
"Minneapolis","MN","Minneapolis-St Paul","Hennepin",23,,,,,,,,,,,,,,,,,,,,,,,,,,,125000,125000,124900,139450,140000,139900,145600,149700,140000,130000,130000,137450,149900,165000,172150,189950,189900,187000,189900,189900,180000,169950,160000,164900,175000,199786,209900,217150,219900,219400,219400,215000,209900,199900,229900,214200,215000,234900,244000,250000,249900,249900,239900,225000,232450,225000,224200,225000,239900,262400,280000,277950,285000,284500,285000,277500,249450,250000,250000,239900,259900,275000,277000,295000,299900,299900,288450
"New Orleans","LA","New Orleans","Orleans",24,,,,,,,,,,,,,,,,,,,,,,,,,,,,,,,,,,,,,,,,,,,,,,,,,,,,,,,,,,,,,,,,,,,,,,,,,,,,,,,,,,298000,299500,294000,299900,268000,268250,299450,3e+05,299900,290000,275000,284000
"Wichita","KS","Wichita","Sedgwick",25,,,,,,,,,,,,,,,,,,,,,79900,79900,82900,84900,77000,80000,82500,78950,85000,82500,85000,85000,85000,89450,89900,99000,87900,85700,85800,87450,95000,84950,85000,85000,95000,95000,89000,84400,72250,67000,64750,69900,79500,79450,79900,80000,80000,82375,84875,79900,77750,79700,79900,78250,84000,81950,83250,79900,75000,79700,79900,75000,79900,75000,74000,74000,79900,82500,90700,90700,82450,72450,82500,74850,70000,74000,75000,79900,85000,92500,99900,101950,89000
"Saint Louis","MO","St. Louis","Saint Louis City",26,98000,99900,110000,109900,105000,109900,102900,99900,99000,103900,1e+05,99500,84900,87000,89900,89900,96000,89900,89000,80000,79900,75000,75500,73900,74900,69900,70739,72900,72800,75000,79900,77500,75000,79900,89000,85000,85000,85000,89650,89900,90500,94900,94250,89700,89900,97500,89450,85000,84900,84900,85000,84900,91300,84900,84900,84900,84900,85000,87000,84900,83500,89900,89000,95900,94900,94900,93700,92950,93000,89950,92000,89900,88000,85000,89000,92900,89925,89900,85000,85000,85000,86250,85000,89900,85000,85000,85000,84650,90000,99495,102450,109900,111250
"Cincinnati","OH","Cincinnati","Hamilton",27,,,,,,,,,,,,,,,,,,,,,74900,74900,75125,75000,70000,71000,74200,74900,72000,78700,79400,79000,76900,78400,70000,74500,69900,72450,80190,80095,86000,89000,89900,89900,84900,79900,79900,77500,79900,77500,75450,79900,80000,85000,89250,84950,84900,85000,94900,85000,89900,94950,85000,89900,89900,95500,99000,103750,98500,99900,99900,1e+05,102000,99900,98750,96750,99900,99900,102400,99900,99900,99250,99500,99000,95998,95000,99450,115000,109900,109900,109900,109900,106000
"Pittsburgh","PA","Pittsburgh","Allegheny",28,,,,,,,,,,,,,,,,,,,,,,,,,,,,,,,,,,,,,,,,,,,,,,,,,,,144900,148000,139900,145000,130000,147000,150000,157950,150000,149450,149900,149900,155000,156900,162000,162000,162450,159950,154950,155000,164950,164900,182450,199000,195000,195000,180000,178950,175000,169949.5,159900,174000,169000,169000,169000,164950,179950,199450,189900,199639,198389,194950,210000
"Anchorage","AK","Anchorage","Anchorage",29,385000,398000,405000,405000,399000,392475,379950,345000,339900,369500,379000,379000,329900,320000,322450,320000,339000,324450,327000,339450,339450,339000,350000,359900,350000,354500,350000,339450,339000,339900,335000,334000,339000,339000,356200,340000,340000,350000,349450,349950,350000,349900,354900,354950,360000,369000,347000,379000,375000,375500,369000,380000,374900,379500,379000,390000,4e+05,399950,372450,349450,379925,415000,415000,424900,424000,429000,389000,409000,374750,381000,389000,399450,425000,424750,425000,442500,450000,445000,445950,429900,429950,437450,439750,446900,447950,450000,450000,445500,450000,447950,450000,450000,439900
"Bakersfield","CA","Bakersfield","Kern",30,,,,,,,,,,,,,,,,,,,,,,,,,,,,,,,,,,,,,,,,,,,,,,,,,,,,,239900,225000,223950,215000,219990,240000,232500,219900,215000,219975,214950,219950,215000,185000,187000,187000,185000,199900,194950,199900,215000,217450,248500,245000,219900,210000,212500,210000,211950,242000,213900,205000,209450,205000,220000,254500,252450,245000,240000,240000,245000
"Saint Paul","MN","Minneapolis-St Paul","Ramsey",31,,,,,,,,,,,,,,,,,,,,,,,,,,,,,,,,,,,,,,,,,,,,,,,,,,,,,,,192000,169950,169900,169900,175000,154900,154900,157000,183500,187000,199900,194000,180000,169900,169700,159997,159900,169900,176000,175000,169900,179000,176000,165900,165400,168450,159900,178950,169289.5,177838.5,177450,182450,189900,189900,199900,199900,199900,205000,2e+05
"Toledo","OH","Toledo","Lucas",32,,,,,,,,,,,,,,,,,,,,,,,,,,,,,,,,,,,,,,,,,,,,,,,,,,,,,,,,,,,,,,,,,,,,,,,,59450,53500,59450,59900,62400,64900,65000,67900,62500,62900,62900,59900,59900,54900,53450,54900,59900,64900,64900,60000,61449.5,59400
"Lexington","KY","Lexington","Fayette",33,159900,147350,159950,164900,159900,164950,159900,156950,159900,159900,159900,150000,150000,150000,159900,154900,164900,159900,164500,169900,167450,169900,175200,179900,182450,189900,188000,177250,172450,165000,172900,175200,169500,171225,164900,169000,175000,175250,172450,169900,179900,179900,205000,202450,199900,199900,194900,187100,189900,160000,162000,160000,159450,159450,154250,167000,156900,164750,169900,175900,175900,169900,179000,179000,178000,186250,169900,179000,186250,187450,189900,2e+05,2e+05,199500,189000,174975,189900,189900,199900,199900,172400,179000,169900,172400,187425,216450,214500,229500,226250,219950,199000,185000,179900
"Newark","NJ","New York","Essex",34,,,,,,,,,,,,,,,,,,,,,,,,,,,,,,,,,,,,,,,,,,,,,,,,,,,,,,,,,,,,,,,,,,,,,,,,,,,280000,250000,259000,252000,233500,249900,250000,258200,250000,239000,247500,240000,240000,239000,239000,259900,253000,277000,279900
"Stockton","CA","Stockton","San Joaquin",35,,,,,,,,,,,,,,,,,,,,,,,,,,,,,,,,,,,,,,,,,,,,,,,,,,,,,,201950,210000,235000,235000,225000,220000,210000,2e+05,199900,191999,199450,199900,209999,215000,219500,220000,232450,238000,249450,251450,240000,249000,249000,210000,210000,210000,235000,229975,248500,220000,240000,247000,240000,245000,250000,275000,275000,269950,298750,302750
"Buffalo","NY","Buffalo","Erie",36,50900,49900,49900,50000,49900,49900,48900,47900,49900,49900,49900,49900,49900,49900,49900,49900,49900,49900,49900,49900,49250,47900,49900,49900,55000,50000,50000,49900,49900,49900,49900,49900,49900,49900,49900,49900,52000,54900,54450,57900,59900,59900,58250,55450,56400,54900,49900,49900,49900,53999.5,54900,57900,59000,58000,59900,60000,64900,69900,60000,55000,58900,64200,60000,60000,62900,63950,60000,59900,59900,59900,58000,57000,55900,57000,59900,59900,59900,68000,68250,65000,68250,66900,65900,65000,66405,68900,69900,71950,73200,73200,75000,74998,79000
"Louisville","KY","Louisville/Jefferson County","Jefferson",37,,,,,,,,,,,,,,,,,,,,,,,,,,,,,,,,,,,,,,,,,,,,,,,,,,,,,,,,,,,,,,,,,,,,,,,,,,,,,139950,140000,140000,147500,158950,154000,149750,154000,154000,142499.5,139900,147400,157200,154900,160000,144900,165000
"Norfolk","VA","Virginia Beach","Norfolk City",38,184999,189450,180000,179999,179949.5,175000,179999,175000,175000,169000,160000,159900,160000,168000,159900,160000,174900,175000,169950,175000,183000,189950,184450,185900,183000,187900,180000,175000,175000,175000,172893.5,170887,170000,169900,161250,169450,179900,179900,179900,170000,170000,159950,164950,165000,162450,169900,179000,189900,179900,179000,179900,179000,179450,175000,179000,180000,175000,169900,167500,164950,168450,165000,173000,171000,171000,179000,175000,174900,174900,181500,175000,168450,168250,163000,169250,159450,159000,160000,168000,169900,171450,169000,165000,162200,179900,179900,179900,181000,179900,179900,179900,179900,179900
"San Bernardino","CA","Riverside","San Bernardino",39,,,,,,,,,,,,,,,,,,,,,,,,,,,,,,,,,,,,,,,,,,,,,,,214900,220000,248944,248944,239900,233900,227450,238900,242400,250000,267000,265000,267000,287500,284000,281950,275450,275000,294500,280000,267000,275000,260000,259000,250000,262450,275000,275000,275000,292850,282500,285000,295800,319000,320000,325000,314500,307000,294500,280000,299900,319900,328950,309950,328000,328000,335000
"Bradenton","FL","North Port-Sarasota-Bradenton","Manatee",40,,,,,,,,,,,,,,,,,,,,,,,,,,,,,,,,,,,,,,,,,,,,,,,,,,,,,,,,,,,,,,,,,,,,,,,,,,,,,,,,,,245995,236990,246995,239280,244990,247000,249000,245000,249190,249000,239900,244990
"Des Moines","IA","Des Moines","Polk",41,,,,,,,,,,,,,,,,,,,,,,,,,,,,,,,,,,,125000,139900,137394,134888,125000,125000,127000,125000,118450,115000,115000,119900,137450,129900,131750,130875,139900,134944,131750,130000,130000,119900,125000,120000,119700,125000,122900,119700,119500,125000,129900,124900,130000,130000,134900,134894,123750,127500,129900,130000,132444,125000,120450,125000,127100,127100,130000,135000,130000,134939,129900,125450,121000,120400,132394,134894,135000,139500,144950
"Spokane","WA","Spokane","Spokane",42,147475,144900,142437.5,132500,149900,149000,149000,144950,140000,145000,139900,135000,135000,132450,129000,129000,135000,129999.5,129950,129925,136579,139900,142000,139900,132000,135000,127450,129900,135000,135000,141200,144250,140000,139950,142500,139950,144500,150000,154950,160200,158200,155500,159900,154975,152000,154975,154500,139945,131500,133500,133000,139900,149900,135000,152700,149000,139500,139900,139000,135000,121450,135000,139700,150000,145000,155000,157950,159000,156900,155000,157500,168000,169000,170950,173450,167450,164950,154950,155000,158000,153700,142900,145000,150000,146750,159500,167500,175000,175000,178400,174950,184500,187250
"Akron","OH","Akron","Summit",43,75000,75000,75000,76000,79900,74900,69950,74950,75000,73900,73900,70250,65000,65000,65000,59000,59900,63000,64000,59900,59900,59900,59900,60000,61500,64900,63900,64400,55000,59900,59700,58750,58900,55000,58500,56900,52450,54900,50000,54900,55000,58900,58900,54900,58950,59000,59450,55000,59900,59900,59900,59900,59900,59000,58400,54900,55000,57900,59000,53900,54900,51900,55450,59900,59900,64950,63700,65000,59900,65000,62000,61000,59900,60000,60000,60000,62000,59950,62500,62700,62900,59900,59900,59900,60000,64900,66228.5,64900,60000,60000,60950,60000,64900
"Rockford","IL","Rockford","Winnebago",44,,,,,,,,,,,,,,,,,,,,,,,,,,,,,,,,,,,,,,,,,,,,,,,,,,,,,,,,,,,,,,,,,69900,59900,59900,59900,59000,60000,59900,59450,55000,59900,59900,61000,65000,64400,60450,60000,59900,55000,59000,59450,62750,62500,60000,62500,64900,65000,60000,59900,69000
"Worcester","MA","Worcester","Worcester",45,192500,194900,196500,198932.5,189900,189500,189900,185450,189900,180000,179900,169450,157000,159000,157000,157500,159900,162500,165000,162500,163500,167438.5,159900,158000,159900,159900,159450,159900,159900,159900,159900,164950,169450,189000,179900,176950,179450,178950,178900,179900,189900,199900,209950,210000,214950,199900,209900,199900,199756,199900,199900,209900,214899,216000,212900,220500,219900,218500,219000,214999,219900,217200,219900,218750,224900,225000,229900,229900,235000,235000,229000,229000,229900,235000,235000,230000,239900,245000,245450,244900,245000,240950,249900,249900,249900,249900,255000,259900,259937,260000,268537,265000,264900
"Providence","RI","Providence","Providence",46,139900,140000,139900,139900,139999,139900,139900,141000,139900,130000,130000,129900,129900,129900,129900,129900,130000,129900,129900,129900,129900,129900,129450,125000,129900,129900,129000,125000,122450,119900,114450,117000,119900,119900,119900,122450,120000,119900,124500,139000,130000,129900,129000,129900,139900,139900,139900,135450,134000,129900,129900,133900,139700,144900,145450,139900,142900,141000,139900,139900,139900,145000,148000,142450,149900,149900,159000,159450,161950,169000,168750,159900,163000,159000,160000,169000,172500,179000,179000,174900,169000,171700,174900,175000,174900,179900,199000,199000,2e+05,2e+05,209000,209999,210000
"Yonkers","NY","New York","Westchester",47,417500,415000,429000,437000,439450,439000,439900,439000,439000,429000,429000,425000,399000,389000,389500,390000,394500,399000,409500,409500,424900,424950,410000,425000,425000,394999,383250,383625,379000,399994.5,399450,399000,399000,399450,419000,399995,425000,425000,419007,419007,429900,427453.5,429900,420000,429000,429000,409500,423000,425000,409000,422500,425000,432000,449000,454950,464900,498250,450000,454500,450000,456500,459003.5,444950,437000,449000,469000,459999.5,452500,449000,449000,429900,417000,399000,403999.5,406450,399990,425000,425000,425000,449000,435000,427000,435000,449000,439500,439500,464500,474500,479000,480498.5,475000,475000,488900
"Fort Lauderdale","FL","Miami-Fort Lauderdale","Broward",48,,,,,,,,,,,,,,,,,,,,,,,,,,,,,,,,,,,,,,,,,,,,,,,,,,,,,,,,,,,,,,,,,,,,,,,,,,,,,,,,,,420000,384000,369900,375999,397000,419900,420000,364500,364000,369000,379900,415000
"Overland Park","KS","Kansas City","Johnson",49,161000,160000,159450,159950,158000,164900,164975,156725,165000,169000,166750,164900,159950,160000,161000,159000,159900,155250,154825,154950,157000,155000,150000,150000,153000,150000,150000,146000,149900,149950,150000,150200,149450,143500,137500,129900,134972.5,134997.5,135000,139000,137975,136950,138500,136950,139500,140000,139725,139250,138750,139500,145000,165000,147500,164950,163950,157500,149997.5,165000,162500,149700,149500,158500,164500,164725,170000,175000,180450,174950,176850,179000,178750,179900,184900,183900,187475,198950,191250,189900,184475,185000,180000,175000,184900,176500,183900,209000,217944,212944,209500,213750,209925,199000,190000
"Killeen","TX","Killeen","Bell",50,,,,,,,,,,,,,,,,,,,,,,,,,,,,,,,,,,,,,,,,,,,,,,,,,,,,,,,,,,,,,,,,,,,,,,,,,,148700,142200,147400,152900,155000,150000,154500,157000,159000,152500,156000,150500,169950,171247.5,171447.5,172497.5,176900,175000,165000,165000
"Pueblo","CO","Pueblo","Pueblo",51,155500,159000,154400,154900,155000,153900,149900,144900,144950,139900,142200,139900,139900,139900,139900,139900,141400,139900,148450,148450,139900,139900,137900,136900,137900,139400,147900,140000,132000,129900,129900,136900,139900,144900,145000,149000,149900,144700,141900,142925,139900,139000,134900,134900,129000,124200,125000,125430,134900,139900,145000,146900,162450,164900,155500,156900,158225,156900,154900,149950,142450,147100,152900,148000,135450,152250,149900,159900,165500,166500,159900,165000,168450,165000,165000,172700,178950,169900,170950,159950,169900,163500,160000,169900,177900,184900,174950,184900,181400,191394,214900,199950,199450
"Cape Coral","FL","Fort Myers","Lee",52,,,,,,,,,,,,,,,,,,,,,,,,,,,,,,,,,,,,,,,,,,,,,,,,,,,,,,,,,194900,224950,214900,230000,227000,209900,214950,199900,199450,199000,199450,205000,215000,209500,230000,230000,226950,227450,224500,220000,239900,247450,249949.5,250000,264900,264950,264900,264900,269900,264900,264950,262900,265000,269900,278000,279900,285000
"Springfield","MA","Springfield","Hampden",53,,,,,,,,,,,,,,,109900,105000,105000,110000,110000,109950,110000,110000,110000,109900,110000,104450,102400,91450,96450,99000,95000,99700,99000,103650,110000,105000,99999,103700,99999,105000,107000,110000,124900,129000,129000,127000,105000,114950,109900,119000,107000,109000,122450,124400,125000,125000,125000,124900,124900,123400,125000,125000,125000,129400,127200,129900,134900,133950,130561,137000,133011,124999.5,124900,122500,122500,129450,129900,129900,125000,125000,129900,139000,143950,138561,139450,135000,144950,149000,143999,144450,144000,144900,145000
"Naperville","IL","Chicago","Du Page",54,,,,,,,,,,,,,,,,,,,,,,,,,,,,,,,,,,,,,,,,,,,,,,,,,,,,,,,,,,,,,,,,,,,,,,,,,,,,,,,,,343895,337945,344945,339990,345945,363490,349990,349990,349990,345990,346990,336680,339990
"Syracuse","NY","Syracuse","Onondaga",55,59947.5,63157.5,62700,62700,59900,56500,57000,59700,56250,54900,54900,54900,54900,50000,51750,49947.5,50000,51800,53000,54900,55900,57900,59999.5,60500,59900,59900,59900,59900,57000,59900,59900,59900,58000,59900,59900,59000,59900,59000,50900,50900,50000,49900,48500,49900,49900,55900,59700,59700,59900,59900,59900,67400,70000,71950,70000,68950,69900,65900,63900,62900,61111,61555.5,64700,68000,64900,64900,67000,67000,61900,61250,59900,59900,55400,51450,54900,59900,59500,58450,54900,54900,55900,56900,54900,54900,49900,49900,49900,49900,55900,57900,64900,71450,59900
"Paterson","NJ","New York","Passaic",56,,,,,,,,,,,,,,,,,,,,,,,,,,,,,,,,,,,,,,,,,,,,,,,,,210000,220000,210000,210000,224900,220000,210000,199900,198508,205000,199000,199000,199000,199900,199949.5,209950,219900,229000,225000,220000,210000,199500,199000,189950,180000,199000,189000,199000,199000,199000,199000,199000,199000,199000,199000,199000,199900,199900,199900,210000,204050.5,199945,2e+05,220000,209000
"Bridgeport","CT","Stamford","Fairfield",57,,,,,,,,,,,,,,,,,,,,,,,,,,,,,,,,,,,,,,,,,,,,,160000,175000,175000,179900,169900,159900,165000,165000,174900,186950,179000,169450,160000,164950,166250,159900,160000,159000,159900,152500,155000,169000,174900,168650,169000,169900,172250,169000,165000,165000,159900,159900,159900,168500,170000,175000,179900,180000,179900,169250,174750,198500,219000,209999,223500,229450,239900,229900,239900
"Pasadena","CA","Los Angeles-Long Beach-Anaheim","Los Angeles",58,539500,519900,539750,569000,599000,605950,634000,640400,685000,599000,599500,595000,545000,579000,599000,575000,610000,610000,581500,550000,519000,523950,519000,505000,5e+05,529000,535000,495000,548000,598500,598500,543500,530000,589000,599000,594000,649000,659450,674950,685000,672449.5,699000,689000,699000,689000,682000,649000,695000,698500,785000,792000,799500,785000,795000,850000,699900,747450,795000,720000,729000,749450,699000,699000,699988,746121.5,740971.5,781500,824500,709990,716995,788000,791500,823250,849900,882000,862000,936500,935000,935000,942000,899999,872000,849900,857000,877000,869000,859000,949000,1045000,1e+06,999000,1020000,1129000
"Columbia","SC","Columbia","Richland",59,,,,,,,,,,,,,,,,,,,,,,,,,,,,,,,,,,,,,,,,,,,,,,,,,,,,,,,,,,,,,,,,,,,,,,,,,,,,,120000,109500,120000,115000,120000,115000,127450,120000,114900,119000,125000,136250,135000,157500,160000,155000,135000
"Canton","OH","Canton","Stark",60,,,,,,,,,,,,,,,,,,,,,,,,,,,,,,,,,,,,,,,,,,,,,,,,,,,,,,,,,,,,,,,,,,,,,,,,,,,,,,,,,84450,83450,79000,68950,60000,58900,59900,62000,66450,72500,73700,69949.5,72500
"New Haven","CT","New Haven","New Haven",61,160000,179000,177000,171450,168500,169900,164900,159950,159900,158900,154400,149900,149900,149000,150000,150000,149900,150000,149900,149900,155000,149900,149900,149900,149900,139950,139900,149000,149000,149450,140000,140000,140000,140000,139900,140000,135900,139900,139950,140000,142450,149900,150000,149900,159000,155000,159900,159950,159000,159000,159000,175000,186950,189000,189900,179900,179450,179900,169988.5,169990,179000,175000,179950,190000,199000,189000,199450,195000,183750,195000,189900,189900,190000,189900,199900,199900,210000,210000,195000,190000,192000,192000,189900,189900,185000,189900,190000,2e+05,2e+05,209900,219900,189900,179522
"Compton","CA","Los Angeles-Long Beach-Anaheim","Los Angeles",62,,,,,,,,,,,,,,,,,,,,,,,,,,,,,,,,,,,,,,,,,,,,,,,,,,,,,,,,,,,,,,,,,,,365000,379950,362450,390000,365000,359450,360000,372000,389500,439499.5,425000,427450,419450,4e+05,407500,420000,407500,427450,459000,439900,450000,460000,460000,459000,469950,479900,477450
"East Los Angeles","CA","Los Angeles-Long Beach-Anaheim","Los Angeles",63,280000,250000,270160,275000,299000,275000,272500,272500,272450,259000,263950,254500,254500,269000,270000,270000,266000,270000,279000,277000,272500,290500,270000,259900,274900,270000,275000,267500,272500,277000,277000,317500,325000,334500,327000,329000,313000,319949.5,319900,328450,349000,340000,349000,374900,372425,374975,375000,369950,374944,4e+05,410000,418900,425000,425000,425000,429500,439999.5,449950,425000,439900,439000,455000,455000,469000,464950,459900,478500,479500,470000,478000,496500,505000,502500,489000,485000,499900,5e+05,499949.5,499999,521950,517000,517000,5e+05,5e+05,515000,529000,560000,572450,564450,549900,549000,534500,536400
"Hartford","CT","Hartford","Hartford",64,189512.5,189900,189900,189125,189900,189900,180000,179000,169900,172000,169900,169900,169900,169900,169900,169900,172900,169900,169900,169900,159900,159900,159900,160000,159000,149900,149450,150000,164900,160000,160000,156500,164900,159900,164900,164900,166900,162450,160000,169000,168450,174900,174900,174900,174950,172450,179900,179900,179900,182450,185000,185000,198000,189900,189900,189000,174900,173200,174900,169900,169900,174900,164900,167000,179200,169000,159900,155000,155000,155000,155000,155000,155000,155000,161450,164900,169000,169000,169000,169000,168500,164900,172400,175000,179000,184900,187000,189900,199000,199000,197000,189900,201300
"Elizabeth","NJ","New York","Union",65,224900,226000,227000,224950,225000,219900,219450,215000,219000,219900,219000,220000,219500,219000,224700,219000,219000,205000,209900,217500,209900,220000,209000,229450,228000,225061.5,225000,225500,219000,220000,224900,224900,230000,230000,228000,219000,199950,212450,205000,212450,227450,242000,245000,242000,249000,249000,244900,238000,229000,234900,234000,244500,249000,249000,250000,249450,250000,249000,249000,250000,259450,259900,249990,250000,259950,260000,260000,264500,264000,260000,265000,265250,265000,265000,272000,269900,287450,269450,275000,287000,289250,275000,278500,282500,294450,299000,295000,295000,299000,3e+05,3e+05,319000,320950
"Billings","MT","Billings","Yellowstone",66,,,,,,,,,,,,,,,,,,,,,,,,,,,,,,,,,,,,,,,,,,,,,,,,,,,,,,,,,,,,,,,,,,,,,,,,,,225000,210000,220000,205450,225000,229000,231950,229900,227900,228900,227900,228900,232450,229900,224900,228000,239900,235400,221000,240000
"Waterbury","CT","New Haven","New Haven",67,124900,129900,114900,104900,1e+05,109500,104900,1e+05,105000,109900,110000,99900,99500,99900,99900,109900,117500,115000,118500,114900,110000,109000,109000,110000,112500,114999,114900,119000,114900,108000,105450,102500,99000,99000,93450,95000,89900,89900,89000,79900,79900,90000,99000,99000,99000,99000,94900,90000,95000,97900,99000,92900,1e+05,102450,105000,105000,99975,102000,98750,95000,89950,84900,81950,88900,97000,99900,109950,109900,109900,110000,119000,109900,1e+05,112950,109900,112950,115900,119250,129900,120000,119900,119000,117000,119000,119900,116000,110000,117500,137999,129900,120000,125000,125000
"Manchester","NH","Manchester","Hillsborough",68,199900,204900,201900,199950,201700,199900,199900,199900,194900,199250,195000,199500,189900,182450,180000,184900,182450,189000,180000,184900,187400,187400,174900,174900,174950,182900,184900,189900,179950,189900,189900,187450,197000,185000,179900,179900,189900,192850,202400,225000,214900,204900,210950,214400,219900,219000,229000,229900,219800,219900,226400,229900,229450,224400,224400,224950,224900,215900,219250,219900,219900,219900,219500,219900,229900,228400,225000,229900,229450,229900,224900,224500,225000,224900,226700,224900,224500,224900,228500,234900,229900,234000,233350,244900,247400,240000,237900,244200,249810.5,249900,247450,249900,259825
"Lowell","MA","Boston","Middlesex",69,219900,219900,2e+05,199921,207500,214000,199000,189900,189900,189000,212000,199900,186950,179900,185000,175000,184900,199900,214900,199900,189000,189900,179450,185000,179000,179900,189900,189900,194900,219000,219000,214400,239900,232000,239900,222450,219900,227000,209000,219000,229000,237450,228900,239900,239450,239900,237000,225000,235000,269900,269900,279000,278950,278000,259900,249450,249000,249900,249900,249000,249000,249000,248500,259900,279000,290000,287200,289900,299000,3e+05,3e+05,295000,289900,285000,274700,285000,289900,287450,287450,289900,299900,299900,299900,309900,299949.5,299900,299900,319888,338700,337500,319000,319900,339900
"Broken Arrow","OK","Tulsa","Tulsa",70,,,,,,,,,,,,,,,,,,,,,,,,,,,,,,,,,,,,,,,,,,,,,,,,,,,279000,279000,244450,264950,279000,279000,252200,264900,257450,236750,249900,267250,260000,240000,244950,254450,250000,249900,246987.5,231200,230000,221500,226450,237900,237900,237900,239450,259000,262500,262000,264000,262500,249950,249900,234900,237450,249950,250000,267400,274900,274900,269900,259900
"Wilmington","NC","Wilmington","New Hanover",71,,,,,,,,,,,,,,,,,,,,,,,,,,,,,,,,,,,,,,,,,,,,,,,,,,,,,,,,,,,,,,,,,,,,,,199900,219000,209450,184950,180000,183500,194900,189000,209250,209500,217950,218400,216450,215500,215000,215000,226000,222950,227500,244450,239900,250000,250000,259500
"Fargo","ND","Fargo","Cass",72,,,,,,,,,,,,,,,,,,,,,,,,,,,,,,,,,,,,,,,,,,,,,,,,,,,,,,,,,,,,,,,,,,173400,179400,173900,175900,176900,183000,176900,186500,185000,185950,186400,184900,183400,184900,181000,186900,184999.5,188800,194500,188800,195000,188800,188500,188350,189900,189900,189450,185000
"Columbia","MO","Columbia","Boone",73,,,,,,,,,,,,,,,,,,,,,,,,,,,,,,,,,,,,,,,,,,,,,,,,,,,,,,,,,,,,,,,120000,130000,130000,139450,154900,150000,142900,150000,147500,147500,150000,147500,157000,155000,155000,155000,146450,150000,140000,137450,150000,163750,169900,167900,178000,180750,174200,189500,190000,195000,190000
"Green Bay","WI","Green Bay","Brown",74,,,,,,,,,,,,,,,,,,,,,,,,,,,,,,,,,,,,,,,,,,,,,,,,,,,,,,,,,114450,114900,114900,132400,129900,132900,136400,136400,135450,149900,159900,159900,152400,139900,159000,139900,159900,159900,156800,169900,149900,149900,141950,158450,158000,144900,149450,151400,158900,158450,159900,159900,159900,162400,159900,149900,149900
"Albany","NY","Albany","Albany",75,128500,139900,139950,137000,135000,139900,134900,110750,121750,117000,121700,125000,126900,119900,124900,119900,119900,124900,129900,129950,134900,134999,139900,134900,124900,124777,124900,124950,125000,129900,129900,135950,129900,129900,129900,125000,119000,124900,129900,137000,139500,154200,144900,148487,149900,145000,139900,139900,134900,116700,116700,123900,128000,126000,128000,130000,129950,129000,130000,129000,127000,129450,132400,139900,149900,148000,139700,139000,139450,139900,134900,134900,129000,114950,110000,111000,115950,129900,129450,119000,127325,119900,109800,99450,109900,99000,110000,129000,147900,141050,139997,139950,143000
"Brockton","MA","Boston","Plymouth",76,,,,,,,,,,,,,,,,,,,,,,,,,,,,,,,,,,,,,,,,,,,,,,,265950,259900,249900,269945,269300,269990,279450,269900,275000,274900,272400,289900,284900,295900,277450,309999,319900,319000,329900,327950,325000,329000,329500,329900,329900,339900,339000,339900,340000,349900,346949.5,349900,349900,349900,349000,349000,359900,359900,349900,344900,347400,359900,372000,379950,375000,395000,389950
"Lehigh Acres","FL","Fort Myers","Lee",77,,,,,,,,,,,,,,,,,,,,,,,,,,,,,,,,,,,,,,,,,,,,,,,,,,,,,,,110950,110000,111900,120000,121800,123800,124900,119000,115900,119900,123450,128900,135000,134900,139900,145450,154900,156900,159900,158950,159900,159900,159900,159900,169900,164500,174900,174888.5,174900,166450,169900,174945,175000,177250,184950,175000,179000,189900,187900
"New Bedford","MA","Providence","Bristol",78,189900,189900,189900,179900,175000,172500,175000,179900,179900,179375,175000,173450,174900,169900,169900,159900,169950,162000,161000,159900,162000,159450,159900,159900,159900,158500,159900,160000,165000,169900,164900,159900,159900,159900,159900,154900,149900,154900,149900,154900,159900,159900,155000,159000,159900,159900,166500,161950,166950,174949.5,169900,169900,177885.5,179900,177800,177600,175000,177600,179400,178900,179900,166250,167500,159900,160000,159900,162850.5,179900,179900,179900,184900,185000,179950,179950,177400,172500,169900,171200,169900,179900,179900,179900,179900,179900,179000,186000,189900,187950,189900,189900,195000,196500,199900
"Santa Monica","CA","Los Angeles-Long Beach-Anaheim","Los Angeles",79,,,,,,,,,,,,,,,,,,,,,,,,,,,,,,,,,,,,,,,,,,,,,,,,,,,,,,,,,,,,,,,,,,,,,,,,,,,,,,,,,2597500,2500000,2597500,2797500,2597500,2872500,2895000,2900000,2711500,2787500,2675000,2700000,2600000
"Fall River","MA","Providence","Bristol",80,224992,225000,224900,222900,224950,219900,219900,214000,205000,202450,209900,209900,199900,2e+05,199000,179900,189900,189900,199450,199000,199000,199000,192000,189900,189900,189000,189900,195000,194000,194500,199450,202450,189900,189900,190000,177250,175000,175000,175000,169900,179450,189000,196250,214950,214900,219900,224900,219900,214900,219900,213750,209950,209900,217450,219900,215000,219900,223900,229900,224900,223900,219850,219900,219900,232400,219900,210000,208900,2e+05,199986.5,209000,199900,199000,199900,199900,214900,219900,219900,219900,229900,229900,228700,228250,224900,222000,225250,223500,228900,239900,249900,250000,244499.5,249000
"Lynn","MA","Boston","Essex",81,229000,209450,222400,232400,239500,235000,229900,241950,238950,229500,229950,229900,219900,229400,217000,219900,219900,215000,219000,218900,229900,227450,222497.5,204950,215000,212500,219950,232450,237000,239700,239050,227000,239800,239900,249900,239000,239000,249900,255000,259900,259900,289450,297388,294900,289900,289900,289700,289650,299000,299450,299000,299900,307450,334950,329950,339000,339900,334361.5,337400,334900,324950,305000,305000,329900,337000,339900,359900,369000,369949.5,370950,369900,369000,349949.5,367000,384900,390000,389900,389900,419450,422499.5,401950,422450,417450,414949.5,439900,439000,439000,431400,429900,449900,454500,454500,464900
"Cicero","IL","Chicago","Cook",82,,,,,,,,,,,,,,,,,,,,,,,,,,,,,,,,,,,,,,,,,,,,,,,,,,,,,,,,,,,,,,,,,,,149950,149900,149250,167400,165900,159900,150999.5,149949.5,149999,149900,157900,152450,149900,152400,149900,149900,157000,155000,159950,165000,172450,169900,170000,179900,189900,184950,182400
"Town of Poughkeepsie","NY","New York","Dutchess",83,184900,169900,168000,173000,179000,174900,166462.5,167925,169900,167925,168462.5,159450,160950,159000,175000,165000,160000,165500,166000,166000,175000,175000,167950,159450,159450,159000,159900,159000,159900,159900,154900,159000,158250,149900,156000,169000,172000,169000,165000,150595,152797.5,154797.5,149950,148450,149900,149900,147450,147400,139600,133500,147400,154500,159000,159450,150000,157450,150000,151500,150000,154450,146950,149900,139000,139450,140000,149450,140000,155900,149900,149900,139000,125000,127000,129000,125000,129000,135000,135000,139900,147450,145000,150000,149999,149949.5,156950,159900,149999.5,159000,155000,154900,159450,175000,189950
"Quincy","MA","Boston","Norfolk",84,,,,,,,,,,,,,,,,,,,,,,,,,,,,,,,,,,,,,,,,,,,,,,,,,,,,,,,,,,,,,,,563694,599450,594500,587200,579750,599000,6e+05,599000,599000,599000,599000,595000,592500,579000,579000,579900,579900,599000,587444,597000,637500,599000,599000,599450,599000,624450,599900,629000,609999,649900,649000
"Cranston","RI","Providence","Providence",85,,,,,,,,,,,,,,,,,,,,,,,,,,,,,,,,,,,,,,,,,,,,,,,,,,,169000,177394,179900,174894,174900,179900,162450,179900,177400,169949.5,174900,179900,182400,169900,179800,179900,179950,190200,190200,175000,164980,169900,174900,189700,199900,195500,189900,189900,187450,199450,219450,219900,217450,224900,224500,204450,212000,229900,239000,239000,219900,219900,239900
"Lawrence","MA","Boston","Essex",86,,,,,,,,,,,,,,,,,,,,,,,,,,,,,,227450,225000,222450,239900,239900,249900,249900,252400,239900,240000,249900,255000,247450,249900,258450,255000,254900,254900,254900,249950,257450,254900,267400,257450,274900,264950,274900,278000,279000,269900,282400,278500,266950,269900,269900,274900,279900,284900,279950,289900,294500,299000,299000,294950,304900,315000,319900,319900,309900,319900,319900,329900,359900,359999,349450,359900,359900,364450,339900,354900,357400,339900,339900,359900
"Pawtucket","RI","Providence","Providence",87,147200,169000,169900,169900,159900,169900,164900,164900,159950,154900,149900,149900,144900,149000,149900,141000,143250,139950,141000,145000,144000,142500,139900,134900,129900,130000,129900,134900,129900,129900,116450,124500,127500,125950,129900,129900,128000,119000,134900,139000,144900,149900,149900,147000,150000,150000,149000,150000,150000,159900,169450,169900,174900,172450,169900,169450,169900,169000,164900,159900,165000,169000,169900,182450,179500,174950,179900,179900,179500,179900,179900,169900,164900,165000,169900,178950,184900,186950,189000,189000,199900,197499.5,199900,199900,199000,199000,198000,219900,220000,227900,227900,229900,219000
"Wilmington","DE","Philadelphia","New Castle",88,,,,,,,,,,,,,,,,,,,,,,,,,,,,,,,,,,,,,,,,,,,,,,,,149950,128000,128000,131450,125000,139900,129900,125000,125000,124950,124900,125000,124900,129950,149999,134900,134900,129900,136900,118850,127450,139950,162400,160000,169900,169900,155000,150000,164900,149950,154950,147450,162400,167400,164950,172450,172400,158900,161400,143000,157900,157450,149900,149900,139888,129900
"New Rochelle","NY","New York","Westchester",89,499000,489499.5,485000,495900,497450,479000,455400,452700,465000,457500,475000,457500,450000,439000,450000,469000,470000,474500,485000,470000,464950,472500,457275,437450,422000,419000,399000,399000,374500,399000,4e+05,402500,399000,400500,389900,400500,425000,439000,429000,399500,415000,427010.5,449000,405000,412000,424500,429000,429000,417950,417950,417950,419000,416900,425021,425021,444999.5,439999,429499.5,449510.5,450000,449510.5,449010.5,429021,424010.5,429021,429021,447000,429021,425900,429021,472500,429021,470000,470000,477450,525000,549000,554000,532000,554250,562450,549000,549500,544000,549000,529000,539000,519000,537000,532500,539000,532500,575000
"Apple Valley","CA","Riverside","San Bernardino",90,,,,,,,,,,,,,,,,,,,,,,,,,,,,,,,,,,,,,,,,,,,,,,,,,,,,,,279000,279000,279900,279700,275000,272450,278900,269450,279000,271125,279450,279000,279913.5,282463.5,279450,279990,289000,287000,289990,290000,290000,299900,325849,306000,316500,337500,340000,325000,302250,309000,315000,320000,325000,329400,322250,349000,345000,320000,349500,357500
"Portland","ME","Portland","Cumberland",91,,,,,,,,,,,,,,,,,,,,,,,,,,,,,,,,,,,,,,,,,,,,,,,,,,,,,,,,,,,,,,,,,,,,,,,,,,,,449000,437450,425000,422450,439500,407400,419900,450000,459000,462000,499900,425000,494000,450000,454500,459000,449500,479000
"Mount Vernon","NY","New York","Westchester",92,399000,399000,399000,399000,395000,389000,399000,395000,392500,392500,388900,375000,359000,349000,349000,349000,350000,360728.5,363728.5,375000,379000,375000,350000,349500,350000,349000,352999,359000,375000,359000,367000,350000,349000,349000,342000,329555,349000,352500,334277.5,334277.5,325000,320000,329000,319999,322500,325000,329000,337000,3e+05,3e+05,315000,322500,325000,325000,334500,349995,334500,349900,350000,350000,350000,359900,350000,369000,369333,369000,359000,369000,369000,359450,359900,350000,330950,340000,350000,350000,354500,339000,359000,359000,359000,349999,348750,332000,349000,347000,349900,355000,352000,357000,377000,375000,372500
"Venice","FL","North Port-Sarasota-Bradenton","Sarasota",93,209900,213900,213500,199925,199925,213900,199950,193900,194900,197950,199000,212500,209500,192450,198500,198000,199000,198250,199000,199245,199000,197450,197900,197900,197900,196600,189900,193049.5,191800,195000,198500,194950,189440,194950,194900,199000,199900,214950,199500,192400,189900,199000,199225,199000,199000,199900,199900,199685,200685,202435,205685,205494.5,209685,222450,229900,229900,221292.5,229950,232450,224792.5,229450,229950,238500,239250,239500,239900,237200,242450,246450,248450,253990,249900,244000,239450,255990,256833,254500,249000,250950,255750,255750,259450,249900,257700,259500,259000,256900,249900,249900,254900,259900,264900,264900
"North Port","FL","North Port-Sarasota-Bradenton","Sarasota",94,,,,,,,,,,,,,,,,,,,,,,,,,,,,,,,,,,,,,,,,,,,,,,,,,,,,,,,,,,,,,,,,,,,,,,,,189900,192000,190855,189000,199000,199100,194900,199200,189400,189900,199000,198950,199000,199250,199000,189000,196000,199900,192000,199900,199700,199900
"Utica","NY","Utica","Oneida",95,54900,54900,57500,56250,59900,63500,63900,64900,62900,61450,63450,63450,59900,54400,53900,49950,51400,56950,59000,59900,59900,68950,69000,69000,68950,69000,59900,69600,69900,69900,69000,66200,66250,64900,64900,60950,60000,60000,59950,62450,59900,59900,59900,58000,58000,59900,59900,56500,58000,58000,49999,52900,57450,59900,55000,55000,52900,56450,52900,54000,53500,58000,55400,62450,59900,61500,64900,65950,64900,66400,59900,59900,62900,65900,59900,61900,69250,62900,66450,64900,64900,66450,64900,64900,64900,59900,64900,73700,76400,69900,65000,69900,69900
"Bristol","CT","Hartford","Hartford",96,172500,174900,174900,165700,164900,159900,159900,159900,159900,163000,169700,164900,159000,149950,149700,149900,149900,144900,144450,146950,152900,154900,159500,159500,159450,159900,149900,152450,154900,149900,149900,139900,145000,145000,149900,149450,143500,149900,144900,141000,139000,139900,149900,165400,169900,172900,156400,149900,149900,159900,159900,159900,157950,160000,160000,163500,159950,159950,160000,161000,159900,159900,159900,159900,159900,165400,159950,165900,161950,164400,164950,159900,159900,159900,163900,169900,167450,162950,161000,162950,156950,160450,155000,154900,154900,154950,154900,155000,165000,169900,163900,162000,149900
"West Allis","WI","Milwaukee","Milwaukee",97,154900,149900,152400,152400,157400,147450,149900,139900,139900,148700,148700,139000,139900,129900,124900,129900,129900,129900,132450,129900,125000,124950,124900,119900,119900,127400,119900,120000,130000,130000,129900,132250,130000,129950,130000,136950,132450,134900,129450,132000,139500,131750,139000,139000,144900,139900,139900,129900,129900,129900,139000,139000,139000,137270,129900,129900,129900,129900,134000,129900,129900,128500,134900,139000,139000,140000,134900,129900,134900,123950,124950,125000,130950,132000,138000,139900,149900,148700,149900,144900,142900,139950,139900,139900,139850,140000,139000,139950,139950,139950,142500,149950,147500
"Meriden","CT","New Haven","New Haven",98,189900,179900,172500,179900,172450,169950,169900,169900,169900,159900,169900,159000,159000,139900,149900,139000,139000,149900,149900,159000,149900,149900,149900,149000,139900,139900,139800,132450,139900,137450,139990,139950,134900,130900,139900,139900,135000,140000,139000,129900,124950,124400,124400,126900,125000,129900,135000,139900,139900,134900,135400,139000,136000,139900,139900,139900,139900,139900,139900,139900,139900,129900,129900,129999.5,132450,134900,129999.5,129000,131450,137900,137600,138900,130000,127450,138900,139000,139000,139900,134900,134900,135200,129900,124900,122795,120900,129900,129450,129900,144900,149000,145000,145000,149900
"Manchester","CT","Hartford","Hartford",99,195000,194900,219900,219900,224450,224450,219900,224000,229900,219900,221350,219900,2e+05,199900,194900,189900,199900,194900,199900,199900,209900,199900,202450,199000,189900,175000,184900,178900,176950,178900,174900,174900,169900,165000,169900,165000,167450,169900,179900,179500,169900,169900,175000,179500,160650,168950,168950,167700,167400,169900,164950,172400,179900,189900,179900,169900,174500,175400,169900,169900,169900,179900,179900,174950,180000,184900,184900,184900,186900,174900,169900,157450,154200,167400,169900,186400,184900,187900,189450,198000,189450,189900,185900,175000,177450,198000,198000,174950,179400,169999,177622.5,172922,169999
"Florence-Graham","CA","Los Angeles-Long Beach-Anaheim","Los Angeles",100,,,,,,,,,,,,,,,,,,,,,,,,,,,,,,,,,,,,,,,,,,,,,,,,,,,,,,,,,,,,,,,,,,,397000,379500,395000,389500,391000,394500,409900,379000,404950,412450,404950,424000,415000,424000,412900,402940,430000,415000,444000,450000,450000,450000,445900,432500,445450,450000,452500
"Berwyn","IL","Chicago","Cook",101,,,,,,,,,,,,,,,,,,,,,,,,,,,,,,,,,,,,,,,,,,,,,,,169900,180000,179500,179500,178250,179750,179500,179950,194999,209900,220000,232450,232400,229900,195699.5,215000,224900,244450,239900,239999,240000,239900,239000,238944,239000,238844,234999.5,239000,245000,249999,257900,254900,265000,252400,249900,245000,244900,249900,254450,259900,259900,269000,269000,249900,249000,256950,265000
"Schenectady","NY","Albany","Schenectady",102,98200,93450,89900,89500,89700,89250,88900,86900,84900,79900,77638.5,74900,73900,74000,75000,79900,83086,79900,79900,80000,79250,79500,79900,79900,79500,75900,75450,79000,75000,76900,76000,79900,79900,79900,79900,79900,80000,79900,79900,79900,79900,79000,78950,79000,76400,76500,75000,77900,79900,79900,79900,79900,79900,79900,79900,79900,77838.5,73450,69900,69900,70000,69900,69700,69500,70000,69900,65000,65000,67000,65500,65000,64950,65000,59900,59450,58750,59450,67250,74900,69000,65000,64900,65000,64950,64900,63900,64400,69900,69000,70000,71500,72250,79950
"Chicopee","MA","Springfield","Hampden",103,,,,,,,,,,,,,,,,,171400,174900,177400,189900,165000,165000,172450,180000,172500,175000,179950,170000,165000,165000,165000,159900,157400,162400,162450,169900,183000,189900,189900,199777,194888.5,189900,181500,180500,204838.5,179750,177000,174950,175000,160950,179900,179900,179000,179900,187450,179900,185000,175000,184900,182400,185000,181950,187000,189000,189000,189000,176000,179900,176000,194900,192400,189999.5,190000,194950,192500,210000,209900,199900,198000,182450,187450,184900,185000,185250,189500,183950,192450,189900,189900,199900,202400,199900,214900
"West Haven","CT","New Haven","New Haven",104,199900,199900,211850,219900,219900,219900,199900,215000,199450,192950,195900,199900,199900,199900,199900,199900,199900,191950,179900,179900,177400,179900,197000,195000,192500,189000,189900,189900,199000,189900,189900,190700,189900,190700,209000,205700,209000,199000,211950,211950,209000,204000,199900,212400,199900,189900,188450,179950,185000,179900,179900,188450,194950,179450,183500,189500,187400,179900,194950,174900,170700,169900,182400,199900,212000,229000,229000,225000,220000,219900,199900,205000,205950,199900,199850,195900,199900,199900,209900,212750,209900,209250,210000,207500,214900,209000,215900,219900,235000,237400,234900,234900,232450
"New Brunswick","NJ","New York","Middlesex",105,,,,,,,,,,,,,,,,,,,,,,,,,,,,,,,,,,,,,,,,,285000,317200,339000,331750,362449.5,337000,334500,345000,342500,347000,345000,339000,349450,349900,349950,344900,339000,359900,359900,349900,344450,359500,369000,349950,334000,334450,314900,310000,317000,339000,349000,339000,339000,349000,349888,349000,349000,332400,322500,365000,319000,299500,319000,320000,339000,292000,315500,322000,349000,349000,349000,349900,349945
"Troy","NY","Albany","Rensselaer",106,99900,104900,109000,109900,109900,107000,107000,99900,99900,99900,99900,99400,96950,95900,95900,95900,99900,103000,99000,99000,99000,89900,89900,89900,89900,93350,91900,89900,94900,94840,94900,94870,94900,88775,90949.5,86700,88250,87500,88700,93750,105999,109000,109000,109000,99000,89900,89900,89900,89900,89900,95000,95000,104900,99999,101499.5,99900,99900,99500,96950,95900,95450,99000,99250,94698,87499.5,88499.5,95000,90000,90000,89900,87499.5,86300,88249.5,79900,77450,85550,95000,99000,99900,99900,96900,99900,99900,95000,89999,92000,92000,99000,96500,99000,109000,114900,119900
"Niagara Falls","NY","Buffalo","Niagara",107,,,,,,,,,,,,,,,,,,,,,,,,,,,,,,,,,,,,,,,43500,46900,39900,41450,44000,42900,39900,39900,39900,39900,39900,46000,44900,44900,45450,48000,49700,49900,49000,45000,49949.5,44900,44950,44900,44900,44900,44900,47700,48250,47500,48000,45999,46749.5,44900,44500,44950,49000,49450,49450,45000,48000,45000,49900,46700,45400,48950,49000,49000,49900,49900,49900,49900,54000,49900,49900
"Middletown","CT","Hartford","Middlesex",108,,,,,,,,,,,,,,,,,,,,,,,,,,,,,,,,,,,,,,,,,,,,,,,,,,,,,238000,222450,217449.5,217449.5,224999,214900,199900,199450,199900,219900,219450,202450,190000,184500,189900,182400,179900,179900,184900,179848,175000,174950,169900,172400,179450,179000,169900,172200,172200,195000,197450,195000,195000,179300,173000,199900,214000,199900,206900,206900,209900
"Revere","MA","Boston","Suffolk",109,331950,324900,324900,339000,344000,339000,339700,339000,349500,339900,349950,350000,349000,330000,339000,339000,341500,314949.5,299999,299450,299900,304950,299900,3e+05,329000,310500,299950,3e+05,320000,319900,319450,349900,357450,344900,359900,372400,399450,394450,375000,379900,359995,379900,364900,371950,389000,389900,407000,399757,397328.5,429999,399378.5,399900,4e+05,434900,434900,429000,434700,429999,429900,429450,425000,445000,425000,419000,399900,439900,454900,475000,475000,479900,479895,475000,488987,477450,469900,449900,464900,499900,499900,499900,499999,525000,499949.5,499900,499999,499900,501000,539450,554000,549900,543000,619900,599450
"Binghamton","NY","Binghamton","Broome",110,79900,79949.5,79500,79500,74900,69450,69000,69900,69900,70500,71750,74500,70500,74312.5,74900,71000,71500,74450,73200,72750,74500,79900,79900,78750,75000,75000,75900,75000,79900,79500,75000,79250,79500,77500,79700,77500,79900,77200,78700,75900,75900,78700,78950,75900,71500,75000,72250,71000,70000,69900,65000,65000,69900,74000,74250,79900,75500,75500,79900,79500,77400,77950,78000,74900,75000,79000,79000,76250,75000,75250,78000,78000,74900,72750,74700,74500,79900,72250,72250,68750,68750,65999,65900,68250,74949.5,69245,70900,69900,71900,73950,79900,77500,76499.5
"Lakewood","OH","Cleveland","Cuyahoga",111,114900,114900,114000,123500,119900,114950,124900,119900,115000,119900,114993.5,114700,114250,107500,104900,99900,99900,99500,98250,99900,99500,94997,99650,99900,109900,109950,1e+05,112000,114900,114900,109450,99500,99000,99750,105000,105450,109000,109900,112900,99990,107450,109000,105000,106500,1e+05,103000,1e+05,99000,95000,95000,98250,90000,99900,112450,119000,109900,119450,123700,124900,120400,119200,118500,123000,114900,112635,119000,118450,114900,119000,116900,119000,119950,119000,119900,124900,127450,129900,139900,139900,139500,138500,134900,145000,145000,148700,145000,134900,129900,144500,149000,150000,149900,152000
"Sheboygan","WI","Sheboygan","Sheboygan",112,,,,,,,,,,,,,,,,,,,,,,,,,,,,,,,,,,,,,,,,,,,,,,,,,,,,,,,,,,,,,,64900,74020,74900,69900,64900,68700,62500,67700,74900,72450,67500,65900,65900,65200,67900,69850,74900,67500,66050,66200,66200,74200,74900,74900,74900,74900,74900,79000,79000,79900,84900,83900
"Town of Elmira","NY","Elmira","Chemung",113,58950,59900,64900,66750,69900,68000,62000,66700,68500,64450,59000,56000,59000,60450,62000,59900,52450,52450,49450,49000,49350,49000,49450,49450,49450,52000,51000,59900,56500,59900,59900,55000,52400,48000,49900,49900,49900,54900,59900,59900,59900,59900,59450,59000,55000,55200,54900,52950,54900,50950,54400,58900,65500,65500,65250,62000,56900,54900,54950,54900,54950,54900,53700,54900,54900,53500,54900,54950,53700,49900,54900,59000,59000,59900,59000,59900,59900,59000,59900,59000,59000,57500,55250,54500,52500,52500,51000,55000,55000,59000,56000,55700,59000
"Pittsfield","MA","Pittsfield","Berkshire",114,159450,159900,159000,152450,152450,149900,149900,147000,149450,149900,153950,154900,149900,144900,144500,139900,139900,139900,139000,139000,138500,139000,139000,137000,137000,130000,135500,139900,140000,139450,139000,139000,137000,136000,132450,123500,130000,114700,127450,134900,131450,132900,134450,119995,119947.5,119900,119900,114900,115000,119900,120000,115000,109900,114999,119900,125000,129900,132450,129900,122900,125000,125000,129900,129000,125000,129900,131750,139000,139000,132400,129900,129900,129900,129900,119900,123900,129900,129450,129900,129900,129900,129900,125000,120000,118700,112450,119900,125500,138000,124900,124900,125500,129900
"Bloomfield","NJ","New York","Essex",115,324500,329250,329500,330000,325000,322500,325000,319450,320000,322500,324500,319000,319000,309500,299000,297000,289000,281000,285500,289500,292000,299000,295000,297000,289000,275000,260000,254500,289000,273940,262450,259950,279000,279000,279000,269900,292460,289000,275000,280000,285000,275000,287450,289900,296000,280000,275000,267388.5,262000,275000,275000,290000,310000,299000,310000,305842,307921,299000,275000,275000,269000,264900,279000,279500,294900,317450,315000,299000,309900,287950,290000,279900,279000,290000,299900,293500,284500,310000,299000,280000,293000,280000,279900,279000,279000,279000,291386,285000,282450,289900,315000,317500,314500
"Taunton","MA","Providence","Bristol",116,,,,,,,,,,,,,,,,,,,,,,,,,,,,,,,,,,,,,,,,,,,,,,,,,,224950,199900,199900,219450,225000,239000,226750,249900,229250,247450,237500,249900,249950,250000,249900,259900,239000,244900,245000,254450,264450,264000,260000,259900,254900,254900,259900,259450,262450,259900,249900,249900,255000,259900,249900,269900,274000,281400,281400,287400,289950,299900,299900,289900
"Everett","MA","Boston","Middlesex",117,,,,,,,,,,,,,,,,,,,,,,,,,,,,,,,,,,,,,,,,,,,,,,,,,,,,,,,,,,,,,,,,,,,,,,,,,,,479999,459950,454950,489900,499900,498950,499950,527450,527450,5e+05,519900,519900,554500,535000,554900,557450,577000,582000,582000
"Fitchburg","MA","Worcester","Worcester",118,,,,,122449.5,129900,129900,134900,126000,124950,125000,119450,122400,129900,139000,125000,119900,122450,125900,130000,135000,132450,122450,122450,119900,119900,122450,127900,130000,128950,127900,128900,128900,127000,133450,128450,117450,113900,112900,122400,134900,135000,144900,139949.5,139900,137150,136900,146450,149300,146950,144800,142900,144800,145900,143450,140000,140000,139900,145450,135900,134900,129000,129000,134850,141950,137500,142450,145500,139900,142000,140450,138950,143450,138450,136000,137000,128950,149900,144900,139900,139900,159900,144900,148500,139900,149900,164900,155000,155000,149900,164950,182400,177450
"Wilkes-Barre","PA","Scranton","Luzerne",119,,,,,,,,,,,,,,,,,,,,,,,,,,,,,,,,,,,,,82450,89900,89900,94900,1e+05,88900,79000,81449.5,79499.5,81449.5,84950,88900,89900,86000,85000,85000,85000,85000,86500,88000,83200,79900,77450,74990,76000,89500,89000,89000,89900,96500,98500,94000,95000,89450,84900,79950,75000,70000,71040,72500,79450,79000,79000,75900,74900,78000,79000,76450,69950,68000,69000,69900,74900,77450,81450,83200,85000
"Norwich","CT","New London","New London",120,,,,,,,,,,,,,,,,,,,,,,,,,,,,,,,,,,,,,,,,,,,,,,,,,,,,,,,,,,,,,,,,,,,,,,,,,,,,,,136900,134900,139700,139100,129900,120000,119900,121000,119900,118000,115000,115000,125750,129949.5,134900,132449.5
"Tonawanda","NY","Buffalo","Erie",121,,,,,,,,,,,,,,,,,,,,,,,,,,,,,,,,,,,,,,,,,,,,,,,,,,,,,,,,,,,,,,,,,,,,,,,,,,,,,,116750,119900,120958.5,121400,119900,119450,109900,119000,134900,129777,129777,129777,129777,124900,122250,119900
"Sarasota","FL","North Port-Sarasota-Bradenton","Sarasota",122,249000,269950,275000,269000,258200,253700,239000,209000,209000,219400,225000,229900,225250,239000,250000,259400,265900,249900,236500,243980,239000,249450,243430,244935,243915,237000,227700,224700,231058,229900,219900,219900,199250,207950,223900,224400,223900,225000,225900,239000,235950,234900,219950,219950,244900,239000,256950,250000,248250,244500,249475,249900,254990,254900,264450,259450,254990,259450,254990,265000,263500,259900,261120,264900,265000,269900,267900,276950,254900,267990,279450,274900,289900,299250,299000,298950,296950,299450,299000,307450,311400,299450,299000,299990,315000,308950,308950,315361,318900,319900,315180.5,319000,319900
"Torrington","CT","Torrington","Litchfield",123,159250,157000,149000,139900,139950,139900,139700,137500,135000,138700,148000,149999,142450,147500,145000,139900,139900,139900,139900,134700,139900,132400,129900,128900,129900,130200,129900,129900,129900,122450,119900,119900,119900,122400,124900,127000,125000,122450,119900,119900,119900,119900,119900,119900,119900,119900,119900,119500,119900,121000,125400,119900,134949.5,130900,129900,122400,119900,132449.5,129900,122450,115000,115000,122400,120000,119950,114900,114950,115450,115400,117500,117500,117500,108200,111500,119900,119949.5,119900,124900,125000,125000,127500,125000,123200,115000,112000,111187.5,110187.5,127500,123900,119900,119900,120000,129900
"Hagerstown","MD","Hagerstown","Washington",124,,,,,,,,,,,,,,,,,,,,,,,,,,,,,,,,,,,,,,,,,,,,,,,,,,,,,,,,,,,,,,,,,,,,,,,,,,,199900,199000,215250,213750,222500,222500,226000,240000,229500,229500,189900,189900,199900,225000,215000,199950,199925,188250,191250
"Covington","KY","Cincinnati","Kenton",125,,,,,,,,,,,,,,,,,,,,,,,,,,,,,,,,,,,,,,,,,,,,,,,,,,,,,,,,,,,,,,,,,91400,89500,91200,89500,79950,79700,84900,79700,82450,85000,86700,90950,95000,86000,89900,89900,88350,90950,90450,88300,86800,95400,99900,99900,88900,76500,85400,79900,79900
"Lake Worth","FL","Miami-Fort Lauderdale","Palm Beach",126,,,,,,,,,,,,,,,,,,,,,,,,,,,,,,,,,,,,,,,,,,,,,,,,,,,,,,,,,,,,,,,,,,,,,,,,,,225000,229000,212000,208500,194944,199900,199900,225000,239500,250000,250000,275000,275000,275096,274900,277500,269000,267950,259500,260000
"Belleville","NJ","New York","Essex",127,,,,,,,,,,,,,,,,,,,,,,,,,,,,,,,,,,,,,,,,,,,,,,,,,,,,,,,289900,307500,336000,325000,325000,320000,309950,289982,289000,282500,299450,294000,289000,289000,282000,299000,271000,273500,294000,282000,289000,279000,275000,292000,299999,299999,319900,299999,289000,280000,279000,287000,305000,320000,299900,319900,325000,344000,325000
"Bangor","ME","Bangor","Penobscot",128,,,,,,,,,,,,,,,,,,,,,,,,,,,,,,,,,,,,,,,,,,,,,,,,,,,,,129950,130950,132950,130000,129900,134900,129900,132400,134950,132400,134950,139900,139947.5,139450,135000,130000,139900,149900,149900,157450,157111,149900,149561,155000,159900,151250,144987,133500,140861,142500,139222,146200,137000,133250,132500,134902,144493.5,144999,144500,144993,143743.5
"Lewiston","ME","Lewiston","Androscoggin",129,145000,145000,142500,139900,139950,140000,143500,145000,142500,139735,129900,125000,125000,125000,125000,115000,124000,119999,122900,125000,122900,122900,125000,121500,120000,119450,129500,129000,121500,119000,119500,112500,121000,115000,124900,116000,110000,109900,115000,115000,115000,122450,119000,119250,115000,132500,127000,127500,124900,122450,129950,119950,124900,127450,115900,115450,115000,115900,115400,115000,125000,114900,119900,125000,128950,135500,135000,129000,125000,129450,127500,120000,119450,114900,110000,110000,117400,112450,110000,124900,124900,124900,120000,121950,124900,119500,124450,124900,125000,124950,124950,124900,129700
"Belleville","IL","St. Louis","Saint Clair",130,,,,,,,,,,,,,,,,,,,,,,,,,,,,,,,,,,,,,,,,,,,,,,,,,,,,,,,,,,,,,,,,,,,,,,,,,82000,78900,77400,78900,78450,84000,81500,76950,78000,84000,82250,85000,79900,80200,80200,80200,80000,80000,89900,89900,86900
"Jamestown","NY","Jamestown","Chautauqua",131,,,,,,,,,,,,,,,,,,,,,,,,,,,,,,,,,,,,,,,,,,,,46000,47625,47000,45000,46850,44000,43950,43950,39800,39800,39000,39350,39450,39000,39900,42200,44750,44900,39700,38500,39000,39700,39700,39450,39900,39900,39900,39000,39800,38000,34100,34550,34900,34550,34900,34000,34900,33100,37000,38450,38450,36500,33750,33150,33300,33600,33750,34100,34400,34000
"Town of Watertown","NY","Watertown","Jefferson",132,,,,,,,,,,,,,,,,,,,,,,,,,,,,,,,,,,,,,,,,,,,,,,,,,,,,119950,122000,119900,133900,115000,114000,101950,116000,109850,102450,116500,112400,109900,112450,115500,117000,118900,117950,109950,109900,109950,109950,105000,109900,109900,104900,109900,109900,98745,97945,99450,113500,99000,94900,89997.5,99000,99450,89950,102450,99900,102500,90997.5
"Long Beach","NY","New York","Nassau",133,555000,559000,549500,533750,537000,545000,548500,586999.5,591999.5,599000,589000,579000,579000,574000,549000,549000,564000,549000,595450,579000,593450,591900,614500,606750,599000,599000,532450,574000,569000,539000,539000,524000,549000,539000,519000,499000,485000,499000,499000,569000,572000,575000,569000,569000,569000,577000,559000,549888,572000,577000,560000,579000,559000,557000,552500,550000,549000,549000,549500,549000,549000,554000,569000,559000,559500,599000,559500,574000,572000,579000,575000,576000,549250,549000,575000,549745,589000,564000,599000,594000,624000,629000,621950,654000,637000,659000,679000,649444,638000,649000,662444,667000,693000
"Shaker Heights","OH","Cleveland","Cuyahoga",134,,,,,,,,,,,,,,,,,,,,,,,,,,,,,,,,,,,,,,,,,,,,,,,,,,,,,,,,,,,,,,,,,,,,,,107400,90000,91900,99750,93900,109950,122500,125000,125000,119000,110500,110000,109500,116250,105450,116000,119900,129450,119900,119900,114950,114950,114950,115000
"New London","CT","New London","New London",135,,,,,,,,,,,,,,,,,,,,,,,,,,,,,,,,,,,,134000,128250,138250,152000,164900,169950,164999,163499.5,169900,174500,169950,169950,164900,159000,159900,159900,163000,165900,162900,159900,159900,155000,155000,155000,155900,149000,149900,154995,159000,157750,149900,143500,139900,139450,139900,137000,135000,141700,141700,132995,135500,144900,139900,138950,141400,139900,139900,139900,139900,138000,142500,159900,169000,159900,169000,159000,159900,168000
"Kingston","NY","Kingston","Ulster",136,,,174900,175000,189900,195000,185000,179900,176950,174900,165000,151900,149900,139950,149900,150000,149900,149900,149900,149900,149900,152900,159000,149900,149900,149000,143200,149900,152400,147000,149450,157900,145000,138000,137750,137750,139900,142450,149900,149900,149900,149900,149950,149000,139900,139900,144450,139900,129925,136450,139900,138000,144450,138000,139900,136500,135500,131300,136500,131300,129900,129999,134450,139000,138900,138950,129999,139000,139000,139000,140000,140950,143500,142500,149050,149900,152000,159000,159000,151950,152000,159000,152000,156250,153500,149900,145950,142450,148450,169000,172250,169700,185000
"Town of Amsterdam","NY","Amsterdam","Montgomery",137,,,,,,,,,,,,,,,,,,,,,,,,,,,,,,,,,,,,,,,,,,,,,,,,,,,,,,,,,,,,,,,,,,,,,,,,,,,,59000,59000,57450,59900,59900,63000,59000,59000,52400,54900,49000,51500,55000,54900,57777,59450,64950,65000
"Johnstown","PA","Johnstown","Cambria",138,,,,,,,,,,,,,,,,,,,,,,,,,,,,,,,,,,,,,,,,,,,,,,,,,,,,,,,,,,,35250,36700,38900,39700,39900,38400,39200,35000,35000,34700,36900,35000,34950,36900,36200,32400,31700,28700,27500,29900,29900,34900,32900,34500,34500,34500,34700,34950,34900,29900,28000,27500,27500,27500,26500
"Gillette","WY","Gillette","Campbell",139,,,,,,,,,,,,,,,,,,,,,,,,,,,,,,,,,,,,,,,,,,,,,,,,,,,,,,,,,,,,,,,,,,,,,,,,,,,,,149900,159450,159900,159900,161450,162500,159900,162500,169300,159900,163000,165450,166950,182900,182900,159900,169900
"Endicott","NY","Binghamton","Broome",140,,,,,,,,,,,,,,,,,,,,,,,,,,,,,,,,,,,,,,,,,,,,,,,,,,,,,,,,,,,,,,,,,,82450,77850,76900,79200,78500,81450,84500,69900,69200,79900,82500,84900,81250,79900,75400,76000,83700,84950,85944,94900,93900,87400,83950,84900,83375,84500,80950,79900
"Town of Islip","NY","New York","Suffolk",141,337000,331500,325000,304990,299994.5,299000,299999,299999.5,299000,279990,284950,285000,284876,259000,280000,279990,299990,299450,299000,299450,299900,290495,299000,289900,289900,295000,289900,299000,299000,296499.5,299000,290000,289900,290000,292499.5,299000,299000,299999,3e+05,3e+05,3e+05,3e+05,303750,3e+05,299999,299990,299000,299000,299000,297500,3e+05,319000,330000,337000,331450,319000,338888,319495,331499.5,319450,329499.5,319500,315000,319000,327999,320000,319000,319000,309495,309000,304499.5,299999,299000,299495,309950,319000,325000,329000,329499.5,333000,329000,329499.5,329000,329994.5,329000,336000,339990,349500,359000,349000,349450,350000,356500
"North Myrtle Beach","SC","Myrtle Beach","Horry",142,,,,,,,,,,,,,,,,,,,,,,,,,,,,,,,,,,,,,,,,,,,,,,,,,,,,,,,,,,,,,,,,,,,,,,,,,,,,,,,,525000,499900,509000,512450,499450,499000,484900,479900,484900,499000,499000,499450,524949.5,499900
"Berlin","NH","Berlin","Coos",143,,,,69000,69000,69000,72000,74900,69500,74000,75000,74950,69900,69000,69900,79900,79900,79900,74900,76950,76950,69000,69900,67000,69450,69900,67000,69900,74900,74700,67450,69900,72200,69900,59900,59700,59500,55000,59900,59900,62400,64900,63700,61200,62500,63500,63745,66995,62500,61200,63745,69000,65750,62700,62250,59900,56950,58000,57500,59450,61200,59900,63250,64000,61200,59900,59900,51950,49900,49900,49900,52000,52000,52000,54500,53250,57200,62450,62450,59900,54900,54900,59000,59000,52450,54950,54900,54950,59000,54900,48950,48500,48750
"Ramapo","NY","New York","Rockland",144,,,,,,,,,,,,,,,,,,,,,,,,,,,,,,,,,,,,,,,,,,,,,,,,,,,,,,,,,,,,,349000,374500,349950,349000,349900,354450,379000,379000,369000,379000,354000,359450,405000,379950,374450,359450,355000,380000,394500,4e+05,394500,449000,459700,449900,439450,409000,417450,422500,409500,422500,434995,454500,432000
"St Johnsbury","VT",,"Caledonia",145,,,,,,,,,,,,,,,,,,,,,,,,,,,,,,,,,,,,,,,,,,,,,,,,,,,,129000,134450,145900,134900,142450,149900,144300,134750,129900,129900,125000,127450,119900,116975,114900,114900,115000,115000,114900,112500,113750,112500,113750,119500,119900,119900,119886,119500,114700,116500,120750,116500,109900,110450,99950,99950,1e+05,107750,115000,122000,115000,115000
