"RegionName","State","Metro","CountyName","SizeRank","2011-02","2011-03","2011-04","2011-05","2011-06","2011-07","2011-08","2011-09","2011-10","2011-11","2011-12","2012-01","2012-02","2012-03","2012-04","2012-05","2012-06","2012-07","2012-08","2012-09","2012-10","2012-11","2012-12","2013-01","2013-02","2013-03","2013-04","2013-05","2013-06","2013-07","2013-08","2013-09","2013-10","2013-11","2013-12","2014-01","2014-02","2014-03","2014-04","2014-05","2014-06","2014-07","2014-08","2014-09","2014-10","2014-11","2014-12","2015-01","2015-02","2015-03","2015-04","2015-05","2015-06","2015-07","2015-08","2015-09","2015-10","2015-11","2015-12","2016-01","2016-02","2016-03","2016-04","2016-05","2016-06","2016-07","2016-08","2016-09","2016-10","2016-11","2016-12","2017-01","2017-02","2017-03","2017-04","2017-05","2017-06","2017-07","2017-08","2017-09"
"New York","NY","New York","Queens",1,,,,,,,,,,,,,,,,,,,,,,,,,,,,,,,,,,,,,,,,,,,,,,,,,,,,,3.31909090909091,3.33333333333333,3.3843329253366,3.38461538461538,3.33333333333333,3.26666666666667,3.22727272727273,3.25,3.23076923076923,3.22222222222222,3.33333333333333,3.395,3.33333333333333,3.46666666666667,3.38461538461538,3.33333333333333,3.4375,3.22222222222222,3.33333333333333,3.41530054644809,3.38352797809985,3.33333333333333,3.36299487657196,3.43333333333333,3.42857142857143,3.43283582089552,3.45454545454545,3.36842105263158
"Los Angeles","CA","Los Angeles-Long Beach-Anaheim","Los Angeles",2,,,,,,,,,,,,,,,,,,,,,,,,,,,,,,,,,,,,1.74193548387097,1.69565217391304,1.71948818897638,1.7395652173913,1.69025157232704,1.69542483660131,1.71071428571429,1.69876543209877,1.65933744465528,1.6875,1.66458333333333,1.66619047619048,1.75600739371534,1.76661409043112,1.74698795180723,1.81318681318681,1.82386516250336,1.88734030197445,1.99472222222222,1.99166666666667,1.86145519473273,1.94488188976378,1.99935064935065,1.98412698412698,1.89828080229226,1.98717948717949,2.01827875095202,1.99258241758242,2.05034138655462,2.02027027027027,2.125,2.01149425287356,1.99564393939394,1.99309523809524,1.94117647058824,2.15382772474291,2.0687684729064,2.10144927536232,2.16666666666667,2.26027397260274,2.30353598014888,2.23076923076923,2.26033590131041,2.32712765957447,2.27966101694915
"Chicago","IL","Chicago","Cook",3,,,,,,,,,,,,,,,,,,,,,,,,,,,,,,,,,,,,,,,,,,,,,,,,,,,,,,,,,,,,,,,1.84210526315789,1.91111111111111,1.94444444444444,1.96,2,1.88181818181818,1.91959595959596,1.95102739726027,1.98757763975155,1.91723744292237,1.95029411764706,1.9375,1.88405797101449,1.88414634146341,1.88,1.865,1.97202660406886,1.9705078513218
"Houston","TX","Houston","Harris",4,,,,,,,,,,,,,,,,,,,,,,,,,,,,,,,,,,,1.2785016286645,1.39990224828935,1.18518518518519,1.14583333333333,1.14583333333333,1.29393468118196,1.19284294234592,1.25806451612903,1.34408602150538,1.5,1.52657162404118,1.29411764705882,1.21124031007752,1.26859142607174,1.26815398075241,1.14958550136696,1.17241379310345,1.2,1.14814814814815,1.13157894736842,1.19230769230769,1.21428571428571,1.15,1.19601328903654,1.15384615384615,1.19075829383886,1.17727272727273,1.23762376237624,1.20683760683761,1.16987179487179,1.2088963963964,1.21546961325967,1.1902079002079,1.24956063268893,1.22941176470588,1.21651785714286,1.22352941176471,1.21428571428571,1.18289553683571,1.2,1.24403467908903,1.2186890328874,1.21794871794872,1.16666666666667,1.125,1.10486111111111
"Philadelphia","PA","Philadelphia","Philadelphia",5,,,,,,,,,,,,,,,,,,,,,,,,,,,,,,,,,,,1.31818181818182,1.28703703703704,1.26368913857678,1.28214285714286,1.27777777777778,1.3719512195122,1.31698564593301,1.28571428571429,1.31027253668763,1.25,1.32299132402867,1.27908653846154,1.31960227272727,1.375,1.375,1.45727272727273,1.46666666666667,1.46666666666667,1.4,1.41176470588235,1.36637516046213,1.375,1.38888888888889,1.45241084881969,1.4377358490566,1.48570477141906,1.47727272727273,1.50862068965517,1.58091581342435,1.54772727272727,1.57142857142857,1.625,1.52777777777778,1.56673076923077,1.52777777777778,1.464375,1.51904761904762,1.5875,1.63733766233766,1.71171171171171,1.65108695652174,1.70899837199617,1.72222222222222,1.70933612183612,1.64310689310689,1.61939309772372
"Phoenix","AZ","Phoenix","Maricopa",6,,,,,,,,,,,,,,,,0.886792452830189,0.816921954777535,0.769230769230769,0.765833333333333,0.776666666666667,0.751593170766505,0.762413240790176,0.766968325791855,0.748299319727891,0.767916165865385,0.78125,0.793803418803419,0.790562913907285,0.784129332206255,0.782352941176471,0.77319587628866,0.8,0.8125,0.809308186551457,0.769230769230769,0.78125,0.772254082039028,0.76875,0.771324863883848,0.762857142857143,0.761538461538461,0.769230769230769,0.762857142857143,0.75,0.755714285714286,0.78125,0.76969696969697,0.767948717948718,0.801200755578435,0.835231586940015,0.836742464304601,0.836325470889362,0.85,0.851851851851852,0.884615384615385,0.883561643835616,0.86038961038961,0.827205882352941,0.840371621621622,0.812094155844156,0.836970632179685,0.869061413673233,0.9,0.824742268041237,0.86875,0.837349397590361,0.869061413673233,0.865772306397306,0.866188769414576,0.866666666666667,0.895790816326531,0.926534391534392,0.954666666666667,0.991591406677614,1.00869565217391,1.00455115817162,1,1.04347826086957,1.04347826086957,1.07609594706369
"Las Vegas","NV","Las Vegas","Clark",7,,,,,,,,,,,,,,,,,,,,,,,,,0.654701718907988,0.700934579439252,0.679163270850312,0.665559246954596,0.676855895196507,0.712230215827338,0.721153846153846,0.722456351595424,0.718998786478913,0.721153846153846,0.708661417322835,0.711538461538462,0.70818345323741,0.708038317367763,0.709368989625304,0.718993409227082,0.72192513368984,0.729166666666667,0.732695139911635,0.726417955717319,0.710526315789474,0.707614267693712,0.717978173463527,0.701978302488832,0.719001127258148,0.726010101010101,0.733735360950883,0.745477230193387,0.757483860592276,0.770500825536599,0.768608414239482,0.750494071146245,0.73697270471464,0.751403447654306,0.753424657534247,0.772949687587208,0.773163802009956,0.770812707710835,0.77372764786795,0.785714285714286,0.805008944543828,0.775324675324675,0.784715114295462,0.78125,0.78125,0.768858800773694,0.817661488143908,0.788679808841099,0.81125,0.81125,0.817647058823529,0.81125,0.805084745762712,0.813953488372093,0.827933765298776,0.778118799603175
"San Antonio","TX","San Antonio","Bexar",8,,,,,,,,,,,,,,,,,,,,,,,,,,,,,,,,,,,,,,,,,,,,,,,,,,,,,,,,,,,,,,,,,,,1.03728560775541,1.00044404973357,1.00401606425703,1.0749299719888,0.970588235294118,1,1,1.00401606425703,1.04464285714286,1.00148367952522,1.0398939187656,1.0556493993994,1.00078911529603,0.99613997310881
"San Diego","CA","San Diego","San Diego",9,,,,,,1.22727272727273,1.26615142936799,1.34615384615385,1.4308426073132,1.4961478531856,1.4,1.5,1.54545454545455,1.5,1.5028901734104,1.5014450867052,1.48148148148148,1.40588235294118,1.44,1.49375,1.48913043478261,1.5,1.54166666666667,1.57142857142857,1.582805907173,1.53145695364238,1.53358011634056,1.54627279936558,1.60402684563758,1.591796875,1.71875,1.73626347305389,1.70952380952381,1.69113495200452,1.77142857142857,1.741871642635,1.70273348519362,1.72171717171717,1.77272727272727,1.92632850241546,1.83333333333333,1.84230769230769,1.78571428571429,1.80952380952381,1.83846153846154,1.83846153846154,1.89285714285714,1.9601506740682,2.00359712230216,2.06953642384106,2.01986754966887,1.99166666666667,2.05805090598591,2.07142857142857,2.08421052631579,2.13428571428571,2.09020902090209,2.17772780747597,2.22094017094017,2.30384615384615,2.32318710832587,2.25895706683183,2.19580463368817,2.08333333333333,2.08333333333333,2.121875,2.14976635514019,2.12933255269321,2.21147488005568,2.08333333333333,2.13636363636364,2.23275862068966,2.27202194357367,2.25,2.27586206896552,2.35227272727273,2.42142857142857,2.42513069454817,2.36329966329966,2.37414187643021
"San Jose","CA","San Jose","Santa Clara",10,,,,,,,,,,,,,,,,,,,,,,,,1.69047619047619,1.83333333333333,1.75695238095238,1.83333333333333,1.86488970588235,2.05507246376812,2.06666666666667,2.0521897810219,2.00714285714286,1.93112244897959,1.94444444444444,2.00972054250173,1.98954574348443,1.94117647058824,1.99411764705882,2.04290499808568,2.21111111111111,2.24105967296666,2.26,2.27272727272727,2.26636363636364,2.21825396825397,2.35849056603774,2.32864189043683,2.33208955223881,2.53636363636364,2.5094696969697,2.45454545454545,2.44829214790939,2.46470588235294,2.37243150684932,2.35849056603774,2.31377204884668,2.27537444933921,2.33208955223881,2.35294117647059,2.43333333333333,2.57747933884298,2.71317829457364,2.49019933554817,2.78395624430264,2.82142857142857,2.66666666666667,2.56428571428571,2.45384615384615,2.3847619047619,2.34705882352941,2.21787709497207,2.4620844490698,2.42810559006211,2.58409090909091,2.70419754663941,2.81420547385621,2.70714285714286,2.76493473895582,2.55623721881391,2.68054875061245
"Jacksonville","FL","Jacksonville","Duval",11,,,,0.805247341655109,0.80952380952381,0.753424657534247,0.794393939393939,0.810695681807117,0.771103896103896,0.764705882352941,0.748333333333333,0.754458161865569,0.788314420788356,0.875,0.927272727272727,0.934430284781573,0.863636363636364,0.777606689734717,0.780719619823489,0.801110083256244,0.818609022556391,0.800444557996934,0.787857142857143,0.78297441093042,0.79,0.805825242718447,0.802825947334618,0.825473619257765,0.824337615116383,0.824433656957929,0.813609467455621,0.797872340425532,0.797872340425532,0.785714285714286,0.797872340425532,0.79047619047619,0.782781862745098,0.776190476190476,0.779411764705882,0.819538670284939,0.816177326328838,0.850531914893617,0.821272193588587,0.791509605754348,0.793370958030065,0.822050290135397,0.821089023336214,0.81004652370113,0.798936170212766,0.821428571428571,0.819494921925502,0.860832137733142,0.862068965517241,0.833333333333333,0.823170731707317,0.821201562950158,0.813657407407407,0.791666666666667,0.787946428571429,0.797888727205988,0.785714285714286,0.816764432898562,0.813738395930177,0.867996147412549,0.856697819314642,0.916666666666667,0.895638629283489,0.904255319148936,0.876092041251022,0.878940092165899,0.834938985228003,0.864276568501921,0.879667806546165,0.904255319148936,0.914634146341463,0.916666666666667,0.94559585492228,0.892326312213351,0.86734693877551,0.906666666666667
"San Francisco","CA","San Francisco","San Francisco",12,,,,,,,,,,,,,,,,,,,,,,,,,,,,,,,,4.40530303030303,3.92005099253324,3.92724867724868,4.16666666666667,4.13921485239436,3.99354166666667,4.02298850574713,4.22727272727273,4.4875,4.37640449438202,4.35294117647059,4.35385255960729,4.33333333333333,4.5,4.48556998556999,4.44444444444444,4.50434782608696,4.56538461538462,4.56880341880342,4.78823529411765,4.87179487179487,4.95885964187224,4.81111111111111,4.99875,4.92759670487106,4.81049562682216,4.69049329501916,4.796,4.995,4.86720978155712,4.8811544991511,4.88084277620397,4.99375,4.61538461538461,4.75317348377997,4.27272727272727,4.39586400817996,4.4441622933243,4.4441622933243,4.32761809739437,4.33333333333333,4.48987897468743,4.60074719800747,4.5,4.44444444444444,4.43929824561403,4.54164618615667,4.4441622933243,4.6
"Austin","TX","Austin","Travis",13,,,,,,,,,,,,,,,,,,,,,,,,,,,,,,,,,,,,,,,,,,,,,,,,,,,,1.30281690140845,1.35406218655968,1.30749014454665,1.26902654867257,1.22881355932203,1.25486080011942,1.25,1.22086570477248,1.25154320987654,1.1875,1.25308384997694,1.25,1.23252688172043,1.28364587706277,1.26902654867257,1.27317073170732,1.28796400449944,1.25424547341714,1.26234567901235,1.25906788247214,1.27613744643339,1.29716981132075,1.32981096284668,1.37651821862348,1.38376068376068,1.36057059012938,1.34033613445378,1.29716981132075,1.28539136878125
"Fort Worth","TX","Dallas-Fort Worth","Tarrant",14,,,,,,,,,,,,0.635179153094462,0.742990654205608,0.752186588921283,0.752186588921283,0.764705882352941,0.682923226269362,0.674816976265534,0.661934397699758,0.653061224489796,0.652909575362958,0.66427289048474,0.644208037825059,0.647756138865368,0.668202764976959,0.6875,0.719318849089841,0.719773517243407,0.715071507150715,0.713235294117647,0.719424460431655,0.770104534863447,0.775862068965517,0.797413793103448,0.838926174496644,0.794527317719543,0.772727272727273,0.753684210526316,0.761891330166271,0.761282660332542,0.761282660332542,0.7734375,0.785714285714286,0.785714285714286,0.785714285714286,0.784097300337458,0.785714285714286,0.785714285714286,0.798648648648649,0.798648648648649,0.798648648648649,0.798648648648649,0.798648648648649,0.798648648648649,0.796661608497724,0.796649459172801,0.827985739750446,0.785233824471493,0.779447236180905,0.765215125041076,0.788571428571429,0.785344556324733,0.812007874015748,0.777777777777778,0.82244008714597,0.755172413793103,0.788544620038336,0.851851851851852,0.808702479485666,0.738165680473373,0.739636199920481,0.767391304347826,0.813370008436445,0.819440585347782,0.795454545454545,0.853571428571429,0.863486842105263,0.871794871794872,0.914536397175871,0.901074143966743
"Charlotte","NC","Charlotte","Mecklenburg",15,,,,,,,,,,,,,,,,,,,0.668965517241379,0.673076923076923,0.686206896551724,0.668761140819964,0.673076923076923,0.680379746835443,0.676728334956183,0.694253766478343,0.692123189650238,0.705244420510979,0.765384615384615,0.765384615384615,0.774731823599523,0.834586340550655,0.85625,0.886524822695035,0.886524822695035,0.913212276840303,0.913212276840303,0.897486715185121,0.902184235517569,0.91820987654321,0.894378194207836,0.927272727272727,0.926969696969697,0.887096774193548,0.92002830856334,0.89770397703977,0.875,0.915899759857464,0.906519065190652,0.915384615384615,0.933333333333333,0.906519065190652,0.941381578947368,0.909090909090909,0.906519065190652,0.923549580744814,0.906519065190652,0.984598459845985,1.08273534132754,1.09939143135346,0.99375,1.03950617283951,0.989766081871345,0.854430379746835,0.904919688845326,0.911458333333333,0.917487684729064,0.873379099923722,0.998858447488584,1.15441176470588,1.1129746835443,1.14655172413793,1.16736694677871,1.21071428571429,1.28285714285714,1.17471166168304,1.19647696476965,1.12554959385945,1.09620813263134,1.14285714285714
"El Paso","TX","El Paso","El Paso",16,,,,,0.684351276742581,0.711401641046946,0.676818950930626,0.661633650485268,0.665071770334928,0.678327645051195,0.739130434782609,0.712256493506493,0.72744014732965,0.729613733905579,0.714066339066339,0.733390854184642,0.763513513513513,0.73416111127307,0.717912318395744,0.719591457753018,0.730810797225294,0.731730065079519,0.78492356352135,0.780798410404624,0.730868443680138,0.739566825145272,0.749852362823074,0.748032956295307,0.75382927955665,0.75382927955665,0.738103928608674,0.735430157261795,0.723819301848049,0.755555555555556,0.739302540713809,0.727655861161683,0.72661217075386,0.728699551569507,0.74375,0.755555555555556,0.75,0.75,0.752824271734613,0.777777777777778,0.75355852925341,0.761904761904762,0.749882849109653,0.735912531539109,0.753286147623862,0.742698127446215,0.751445086705202,0.779816513761468,0.777936492693779,0.775930324623911,0.781075027995521,0.773944708680143,0.765839635746257,0.774739583333333,0.763042005420054,0.768487941355916,0.74926918068511,0.743113440053942,0.747679169961963,0.723145983850404,0.738661293390431,0.779816513761468,0.741427247451344,0.743647552606205,0.762220853858785,0.746666666666667,0.773615635179153,0.745833333333333,0.73665074886043,0.74036822898883,0.771544656635802,0.758823529411765,0.769230769230769,0.797872340425532,0.783668178478838,0.76530612244898
"Seattle","WA","Seattle","King",17,,,,,,,,,,,,,,,,,,,1.27612956712264,1.36915760869565,1.38888888888889,1.38562091503268,1.54444444444444,1.42142857142857,1.4,1.47058823529412,1.45916666666667,1.57689260026819,1.5465367965368,1.60714285714286,1.83846153846154,1.91666666666667,1.9,1.94285714285714,1.90451388888889,1.88888888888889,1.85,1.84413334830087,1.8766410912191,1.99559885931559,1.87680521310321,1.90108695652174,1.89814814814815,1.92814262197471,1.95454545454545,1.90829519450801,1.86875,1.85714285714286,1.99166666666667,1.92895833333333,1.94358974358974,1.97206244864421,2.04340704340704,2.09295454545455,2.10706150341686,2.08062418725618,2.07826086956522,1.99230769230769,1.92820512820513,1.96875,1.995,1.99285714285714,1.95867486338798,2.19,2.1438923737207,2.20089390731593,2.21320346320346,2.20161870503597,2.15833333333333,2.09302325581395,2.07692307692308,2.1875,2.28524124881741,2.325,2.40674235403151,2.36989795918367,2.45934065934066,2.495,2.45454545454545,2.54400386847195
"Baltimore","MD","Baltimore","Baltimore City",18,,,,,,,,,,,,,,,,,,,,1.21825396825397,1.23961538461538,1.2257264957265,1.26470588235294,1.26666666666667,1.28571428571429,1.25,1.16666666666667,1.22292993630573,1.25937031484258,1.26875,1.2,1.18465909090909,1.21825396825397,1.1125,1.23371037449079,1.1,1.1,1.2037037037037,1.2037037037037,1.24633431085044,1.20833333333333,1.13245614035088,1.17866004962779,1.17857142857143,1.20765509921326,1.18918918918919,1.16666666666667,1.11324786324786,1.10769230769231,1.1986301369863,1.25,1.35135135135135,1.32142857142857,1.3024948024948,1.28571428571429,1.3153142205164,1.23287671232877,1.17278428093646,1.19570522205954,1.20714285714286,1.21825396825397,1.28571428571429,1.25585983088251,1.4375,1.35714285714286,1.5470623501199,1.6,1.44454968944099,1.46076923076923,1.30014967302201,1.28428571428571,1.39967948717949,1.3217279174726,1.41987179487179,1.4835953520164,1.53137254901961,1.58096653456627,1.51,1.4,1.32962962962963
"Denver","CO","Denver","Denver",19,,,,,,,,,,,,,,,,,,,,,,,,,,,,,,,,1.33333333333333,1.33333333333333,1.4122451563885,1.51428571428571,1.6275,1.57608695652174,1.59786950732357,1.68421052631579,1.70184049079755,1.63294797687861,1.64355394415288,1.88888888888889,1.72474747474747,1.72327327327327,1.76086504470784,1.84762492288711,1.89272030651341,1.89964664310954,1.86872450786518,1.89684247252428,1.83707318322703,1.84675324675325,1.9672131147541,1.99115044247788,1.97222222222222,1.78092399403875,2.04724409448819,2.0565308988764,2.08719786396852,2.04634931997137,2.11111111111111,1.92263483493995,1.98731613487214,2,1.91666666666667,1.84075342465753,1.80909090909091,1.76612903225806,1.70962199312715,1.8,1.79090909090909,1.9263104344877,1.88735581188997,1.91588785046729,1.9,1.88188976377953,1.91745283018868,1.92982456140351,1.90070921985816
"Washington","DC","Washington","District of Columbia",20,,,,,,,,,,,,,,,,,,,,,,,,3.18609022556391,2.92307692307692,2.75,2.76470588235294,2.75,2.70106186518929,3.17174515235457,3.09884458221784,3.03605313092979,2.77638888888889,2.90618077775043,2.89172771672772,2.77136258660508,2.80719187875322,2.84615384615385,2.88235294117647,3.14885496183206,3.3259587020649,3.25765306122449,3.10192023633678,2.84009433962264,2.91666666666667,2.78823529411765,2.78823529411765,2.76085761407367,2.6547619047619,2.90909090909091,3.12972972972973,3.13209840929696,3.1992438563327,3.13961038961039,3.14019647973803,3.13636363636364,3.14009661835749,3.14645308924485,3.08333333333333,3.24803149606299,3.42969348659004,3.45833333333333,3.50378787878788,3.89561270801815,3.44913793103448,3.87898612928998,3.33861283643892,3.44223826714801,3.32641770401107,3.14716494845361,3.27142857142857,2.94972445729416,3.03529411764706,3.13259259259259,3.12199397041296,3.14814814814815,3.13153153153153,3.13339301700985,3.30454545454545,3.17647058823529
"Nashville","TN","Nashville","Davidson",21,,,,,,,,,,,,,,,,,,,,,,,,,,,,,,,,,,,,,,,,,,,,,,,,,,,,,,,,,,,,,,,,,,,1.04964259951472,0.904545454545455,0.904545454545455,0.938383838383838,0.947010869565217,1.047575634792,1.12142857142857,1.21457489878543,1.3077731092437,1.2079988347594,1.26945126945127,1.28095644748079,1.17581119918417,1.08503956615572
"Tucson","AZ","Tucson","Pima",22,,,,,,,,,0.732051282051282,0.740118577075099,0.741453279424978,0.748563218390805,0.784819200339829,0.800492610837438,0.825,0.798620689655172,0.758620689655172,0.754651162790698,0.75,0.742574257425743,0.75,0.75,0.7734375,0.777839291363493,0.773809523809524,0.773809523809524,0.775277777777778,0.775555555555556,0.772222222222222,0.773809523809524,0.764473684210526,0.762975061607572,0.776821866952985,0.77859477124183,0.780492898913952,0.783132530120482,0.78125,0.79,0.825543478260869,0.818656938971136,0.817914438502674,0.785714285714286,0.79,0.795414379802415,0.797872340425532,0.764818355640535,0.761158072696534,0.762660010240655,0.775,0.773888888888889,0.78125,0.761538461538461,0.792,0.818181818181818,0.789855728600748,0.794285714285714,0.784022485426705,0.770223752151463,0.750375375375375,0.754871752165223,0.760414212799372,0.775558347292016,0.833333333333333,0.842424242424242,0.791644369287411,0.8,0.822485207100592,0.826719576719577,0.805677305761594,0.798065342926844,0.791793313069909,0.829166666666667,0.824652777777778,0.912988726313265,0.95,0.943396226415094,0.944444444444444,0.906416480247227,0.888888888888889,0.882843137254902
"Portland","OR","Portland","Multnomah",23,,,,,,,,,,,,,,,,,,,,,,,,,,,,,,,,,,,,,,,,,,,,,,,,,,,,,,,,,,,,,1.77877485358068,1.75,1.73340961098398,1.896875,1.69565217391304,1.79924242424242,1.78638888888889,1.70199778024417,1.65625,1.69142394822006,1.61850311850312,1.86915760869565,1.795,1.82201251303441,1.86875,1.97510330578512,1.95502897515281,1.94444444444444,1.93997071742313,1.76923076923077
"Oklahoma City","OK","Oklahoma City","Oklahoma",24,,,,,,,,,,,,,,,,,,,,0.645003101911906,0.65357308162793,0.637254901960784,0.629411764705882,0.629411764705882,0.646622595135181,0.659210526315789,0.668421052631579,0.670498084291188,0.658823529411765,0.606666666666667,0.590909090909091,0.641176470588235,0.635584251380593,0.658823529411765,0.653636363636364,0.689655172413793,0.71,0.713470319634703,0.72972972972973,0.76696542893726,0.78125,0.719551282051282,0.71875,0.713736349821318,0.706989247311828,0.714285714285714,0.71875,0.72481884057971,0.727370689655172,0.738888888888889,0.72972972972973,0.720959595959596,0.70625,0.70625,0.71969696969697,0.713470319634703,0.699506578947368,0.710083210400148,0.667870036101083,0.672012958253565,0.672012958253565,0.659722222222222,0.659722222222222,0.644329896907217,0.696996753246753,0.682565789473684,0.667775460299195,0.658823529411765,0.694901315789474,0.677083333333333,0.699013157894737,0.671423284569836,0.687702265372168,0.707386363636364,0.756249627199523,0.719572368421053,0.734265350877193,0.736522295321637,0.733333333333333,0.737140665374677
"Omaha","NE","Omaha","Douglas",25,,,,,,,,,,,,,,,,,,,,,,,,,,,,,,,,,,,,,,,,,,,,,,,,,,,,,,,,,,,,0.798285048285048,0.856696428571428,0.780860805860806,0.785714285714286,0.829166666666667,0.823529411764706,0.840969036697248,0.769777876782077,0.83912037037037,0.868269230769231,0.829166666666667,0.785714285714286,0.849056603773585,0.88,1.00347222222222,1.03340277777778,0.87482782369146,0.928571428571429,0.9475,0.891891891891892,0.900943396226415
"Albuquerque","NM","Albuquerque","Bernalillo",26,,,,,,,,,,,,,,,0.908372827804107,0.922330097087379,0.867708333333333,0.842077922077922,0.8125,0.77969696969697,0.825082508250825,0.8,0.80625,0.80625,0.796458333333333,0.855911330049261,0.788333333333333,0.857142857142857,0.891304347826087,0.86875,0.855911330049261,0.880281690140845,0.880281690140845,0.846660395108184,0.897790055248619,0.846660395108184,0.831202046035806,0.811688311688312,0.8125,0.820689655172414,0.803571428571429,0.793333333333333,0.81,0.785714285714286,0.785714285714286,0.780625,0.792307692307692,0.785714285714286,0.817647058823529,0.794701986754967,0.816883116883117,0.787857142857143,0.785714285714286,0.805941558441558,0.803402646502836,0.826422859830668,0.846660395108184,0.846660395108184,0.826086956521739,0.826086956521739,0.828571428571429,0.846660395108184,0.84,0.850340136054422,0.846966561190456,0.865333333333333,0.871875,0.833333333333333,0.85,0.863696655132641,0.916666666666667,0.901129064478456,0.871875,0.846660395108184,0.921296296296296,0.932835820895522,0.94713904412378,0.947368421052632,0.926666666666667,0.926666666666667
"Fresno","CA","Fresno","Fresno",27,,,,,,,,,,,,,,,,,,,,,0.833333333333333,0.81447963800905,0.802777777777778,0.790570175438597,0.8,0.786055579964851,0.785430579964851,0.818014705882353,0.820855614973262,0.8,0.815340909090909,0.8,0.798611111111111,0.825242718446602,0.879488158899924,0.876623376623377,0.875,0.871900065996548,0.86926324101069,0.828402366863905,0.878787878787879,0.858369098712446,0.846153846153846,0.83974358974359,0.859698144522386,0.862276880190318,0.872727272727273,0.872020472824762,0.861581920903955,0.833333333333333,0.867259225922592,0.851785714285714,0.827380952380952,0.863095238095238,0.864715935879302,0.863486842105263,0.835714285714286,0.826848249027237,0.859230420915856,0.880058135087585,0.866336633663366,0.860091743119266,0.886363636363636,0.854184549356223,0.875505390835579,0.843439911797133,0.888888888888889,0.867298578199052,0.888063047527075,0.875,0.894736842105263,0.872919891640867,0.878676470588235,0.869322049924357,0.882352941176471,0.888544891640867,0.929380873410724,0.925925925925926,0.944444444444444,0.9375
"Mesa","AZ","Phoenix","Maricopa",28,,,,,,,,,,,,,,,,,,,,,0.64731319554849,0.617647058823529,0.641711229946524,0.620209668025626,0.617265087853323,0.650706860706861,0.678428844547266,0.631818181818182,0.654846383125072,0.715,0.754213483146067,0.758620689655172,0.769473372314824,0.743006993006993,0.751748251748252,0.751748251748252,0.735294117647059,0.725747629467542,0.735294117647059,0.738854289294801,0.743207230471272,0.740740740740741,0.728378378378378,0.706007067137809,0.705356474745375,0.7,0.756296326052091,0.722222222222222,0.722222222222222,0.733333333333333,0.721393034825871,0.764218009478673,0.721393034825871,0.74375,0.74375,0.702352941176471,0.743519781718963,0.721393034825871,0.731283422459893,0.728152492668622,0.73989054423837,0.749712837837838,0.720620842572062,0.785714285714286,0.779947916666667,0.797835773392743,0.797835773392743,0.722222222222222,0.8,0.818986928104575,0.809151785714286,0.829268292682927,0.8,0.87719298245614,0.877525252525252,0.844155844155844,0.892675159235669,0.894736842105263,0.835087719298246,0.863636363636364
"Virginia Beach","VA","Virginia Beach","Virginia Beach City",29,,,,,,,,,,,0.96557197351995,0.942581047381546,0.960266585266585,0.977972767170744,0.972149238045192,0.979213555557759,0.930532633158289,0.95,0.952473065621939,0.936975468975469,0.95803956695947,0.975194882223352,0.971788904736882,0.990858747993579,1.00191729323308,0.981859332276372,0.998571428571429,0.972149238045192,0.938511326860841,0.989649956784788,0.970216606498195,1.01825842696629,1.05354424557335,1.08454545454545,1.07183897746529,1.06951871657754,1.05952380952381,1.04810949788264,1.05952380952381,1.05952380952381,1.04166666666667,1.04761904761905,1.04166666666667,1,1.00065445026178,1.04094076655052,0.981491867638811,1,1.04285714285714,1.04736842105263,1.05344611528822,1.04166666666667,1.04545454545455,1.07058823529412,1.04166666666667,1.07058823529412,1.03246753246753,1.00938714368859,1.05294117647059,1.06428571428571,1.05764705882353,1.04435483870968,1.01500078027466,1.01500078027466,0.995388162951576,0.961105169340463,0.950292397660819,1,0.956521739130435,1.025,1.03670634920635,1.07961399276236,1.05714285714286,1.05839416058394,1.06685564718247,1.0297619047619,1.04166666666667,1.09848484848485,1.04435483870968,1.05052083333333
"Colorado Springs","CO","Colorado Springs","El Paso",30,,,,,,,,,,,0.833333333333333,0.839285714285714,0.826388888888889,0.821764705882353,0.824959150326797,0.847619047619048,0.826719576719577,0.766968325791855,0.857142857142857,0.808058110367893,0.8,0.829710144927536,0.820920060331825,0.807692307692308,0.845350241545894,0.815384615384615,0.842075917999549,0.821523415977961,0.80625,0.785073683378768,0.834888059701492,0.829944029850746,0.833333333333333,0.845052083333333,0.815853658536585,0.828,0.817647058823529,0.825,0.846153846153846,0.879746835443038,0.857142857142857,0.868115191804708,0.89937106918239,0.872282608695652,0.872282608695652,0.872093023255814,0.885766672352038,0.880052151238592,0.9,0.900581395348837,0.933333333333333,0.933333333333333,0.912980662369415,0.933333333333333,0.911764705882353,0.940952380952381,0.966091954022989,0.941176470588235,0.940952380952381,0.940952380952381,1.0093896713615,1.0625,0.9375,0.923196976433971,0.940952380952381,0.949106491611962,1.04432773109244,0.967413441955194,0.9765625,1.02777777777778,1.02238175675676,1,1,1.04430379746835,1.00806451612903,1.03731343283582,1,1.02597402597403,1.04058441558442,1.05437665782493
"Miami","FL","Miami-Fort Lauderdale","Miami-Dade",31,,,,,,,,,,,,,,,,,,,,,,,,,,,,,,,,,,,,,2.13333333333333,2.09876543209877,2.09606986899563,2.26666666666667,2.22412318220701,2.2089552238806,2.23255813953488,2.21209888122195,2.18135446314581,2.197265625,2.28571428571429,2.28571428571429,2.29820113208368,2.33553330193819,2.33236151603499,2.28723600564664,2.30885720082312,2.32273050841107,2.33347887878632,2.32258064516129,2.35422314994762,2.35724864680561,2.36363636363636,2.37797246558198,2.37797246558198,2.38500851788756,2.39955357142857,2.37808503233665,2.39520958083832,2.39808153477218,2.33009708737864,2.38298044941997,2.37226277372263,2.36559139784946,2.32558139534884,2.34806629834254,2.33968804159445,2.37724410235906,2.389486260454,2.36096429410383,2.37801062303489,2.38644178529675,2.39560143959632,2.40693196405648
"Minneapolis","MN","Minneapolis-St Paul","Hennepin",32,,,,,,,,,,,,,,,,,,,,,,,,,,,,,,,,,,,,1.42857142857143,1.39877924720244,1.318359375,1.27523910733262,1.23557692307692,1.25,1.16583285264232,1.19388888888889,1.14285714285714,1.0961422543701,1.16666666666667,1.19504615665844,1.19961612284069,1.21428571428571,1.325,1.36645962732919,1.37692307692308,1.30769230769231,1.26666666666667,1.2589928057554,1.21221187943262,1.20152243589744,1.2860504299326,1.33928571428571,1.33630952380952,1.34409642811765,1.36571428571429,1.42105263157895,1.30666666666667,1.27638888888889,1.29468853172732,1.34218460111317,1.36363636363636,1.44067796610169,1.34566155321189,1.3739898989899,1.33122807017544,1.36011275546159,1.31085756348914,1.37747468641378,1.4,1.4,1.38444444444444,1.38888888888889,1.37049220272904
"New Orleans","LA","New Orleans","Orleans",33,,,,,,,,,,,,,,,,,,,,,,,,,,,,,,,,,,,,,,,,,,,,,,,,,,,,1.55760869565217,1.61349206349206,1.60714285714286,1.6,1.6,1.46130952380952,1.4375,1.375,1.38193668681824,1.37747240110396,1.44444444444444,1.2882183908046,1.375,1.35892857142857,1.375,1.36969439728353,1.375,1.53125,1.30493311036789,1.31534090909091,1.33928571428571,1.35714285714286,1.52631578947368,1.59,1.6,1.58911764705882,1.58296241345203,1.5625,1.45833333333333
"Arlington","TX","Dallas-Fort Worth","Tarrant",34,,,,,,0.65634676290414,0.715071507150715,0.696378830083565,0.696392785571142,0.700935990338164,0.669463929745165,0.688289461986144,0.652777777777778,0.721265841962131,0.746678839494454,0.76890633669781,0.746387299401134,0.787608837888167,0.756578947368421,0.717712941682046,0.695222222222222,0.694375069375069,0.689931640571494,0.694962686567164,0.712857142857143,0.726141078838174,0.740225242776646,0.745901639344262,0.735294117647059,0.761054421768708,0.775225975261656,0.800475951404744,0.837766830870279,0.808541312157308,0.820674445076836,0.777777777777778,0.77898000506201,0.796127562642369,0.816441441441441,0.82661549331963,0.806010928961749,0.795228628230616,0.828156218781219,0.800934585667761,0.788207956263707,0.823982464607465,0.831876456876457,0.825082508250825,0.847457627118644,0.825627476882431,0.794797687861272,0.825892857142857,0.825892857142857,0.85014137606032,0.838712539932052,0.839587242026266,0.85,0.869781312127237,0.81964499316473,0.822108843537415,0.821995464852608,0.866640543364681,0.85014137606032,0.837915582357455,0.857142857142857,0.857142857142857,0.84882352249728,0.848952361911834,0.833333333333333,0.873015873015873,0.929679420889349,0.848068107400131,0.857142857142857,0.861263736263736,0.857142857142857,0.840978593272171,0.857142857142857,0.975416336241078,0.915631469979296,0.897470318000119
"Cincinnati","OH","Cincinnati","Hamilton",35,,,,,,,,,,,,,,,,,,,,,,0.567857142857143,0.590195439739414,0.589285714285714,0.55,0.591391091913327,0.626388888888889,0.654069767441861,0.675675675675676,0.652775809118828,0.658333333333333,0.742574257425743,0.757391304347826,0.763089050589051,0.80625,0.77145612343298,0.766666666666667,0.773694390715667,0.801418439716312,0.797872340425532,0.769230769230769,0.753412698412698,0.742857142857143,0.715,0.766423357664234,0.726041666666667,0.688773148148148,0.733333333333333,0.733333333333333,0.804639029892837,0.85,0.795,0.833333333333333,0.801418439716312,0.752222222222222,0.753999473407056,0.794117647058823,0.777777777777778,0.754444444444444,0.793548387096774,0.799193548387097,0.8125,0.782291666666667,0.881944444444444,0.8,0.826653306613226,0.806959219858156,0.833333333333333,0.785491493383743,0.870406189555126,0.893566322478157,0.875,0.906249384062494,0.912408759124088,0.999583333333333,1,1,0.953359683794466,0.905833333333333,0.866666666666667
"Saint Paul","MN","Minneapolis-St Paul","Ramsey",36,,,,,,,,,,,,,,,,,,,,,,,,,,,,,,,,,,,,,,,,,,,1.07692307692308,1.02582115893715,0.922619047619048,0.856020309477756,0.871794871794872,0.992857142857143,0.928571428571429,0.992857142857143,1.03411764705882,1.06805555555556,1.01511557177616,1.02941176470588,1,0.992307692307692,0.983653846153846,0.998666666666667,0.879186602870813,0.744827184133479,0.829166666666667,0.896118421052632,0.878088235294118,0.791910669975186,0.909007352941176,0.999333333333333,1.06507407407407,1.04,1,1.06428571428571,1.02761557177616,0.975,1.02657390510949,1.05882352941176,1.07392156862745,1.14,1.15384615384615,1.10769230769231,1.1,1.05294117647059
"Tallahassee","FL","Tallahassee","Leon",37,,,,,,,,,,,,,0.665833333333333,0.769230769230769,0.808423913043478,0.826650215916101,0.782907525687309,0.738007380073801,0.721524616752995,0.721524616752995,0.740397539288668,0.75,0.706214689265537,0.755693581780538,0.789480764057035,0.774336283185841,0.75,0.760582010582011,0.756987306248003,0.733752620545073,0.733752620545073,0.735835172921266,0.710227272727273,0.725979192166463,0.740131578947368,0.770777479892761,0.745065789473684,0.744416873449132,0.737758286698235,0.754716981132076,0.72463768115942,0.740740740740741,0.709357923497268,0.732377738485424,0.757575757575758,0.807692307692308,0.785714285714286,0.805369127516778,0.808080808080808,0.809513429693633,0.8125,0.822681315571808,0.804093567251462,0.804093567251462,0.801282051282051,0.771461716937355,0.794117647058823,0.8,0.805555555555556,0.807692307692308,0.808933581159632,0.807692307692308,0.794166666666667,0.803973616473616,0.7975,0.818181818181818,0.806288032454361,0.781893004115226,0.85,0.832271144771145,0.858832465277778,0.8,0.7975,0.820698362939742,0.878133361585122,0.85,0.889614311299929,0.906200043751157,0.875104427736007,0.864617940199335
"Buffalo","NY","Buffalo","Erie",38,,,,,,,,,,,,,,,,,,,0.280578511204483,0.296579330422125,0.291828793774319,0.296579330422125,0.266584095872363,0.262499171142497,0.286523758334139,0.28500251214202,0.291652866526952,0.301556420233463,0.297029702970297,0.305982283023099,0.331190349604869,0.331254871395168,0.361111111111111,0.389724261021807,0.35159141376758,0.34670546159153,0.353243416827232,0.355113636363636,0.361394557823129,0.352664576802508,0.364741641337386,0.342928413050364,0.338409028298321,0.338883251274727,0.359514290965904,0.342086375834738,0.344036697247706,0.344970944609298,0.344979164599993,0.350157728706625,0.355629611997144,0.355629611997144,0.354855923159018,0.352003054511278,0.334224598930481,0.345085248843791,0.348484848484849,0.377643504531722,0.380359612724758,0.378696617535903,0.355351170568562,0.40650406504065,0.384615384615385,0.393238518238518,0.406611570247934,0.450112528132033,0.411786237188873,0.385564466378779,0.389066761795367,0.379316947269161,0.373831775700935,0.378661663344959,0.381165919282511,0.392857142857143,0.413201737773033,0.41185551748932,0.407752217558275,0.415353965111247,0.422832980972516,0.423199803391497
"Louisville","KY","Louisville/Jefferson County","Jefferson",39,,,,,,,,,,,,,,,,,,,,,,,,,,,,,,,,,,,,,,,,,,,,0.704166666666667,0.71875,0.694444444444444,0.713153724247227,0.71875,0.757575757575758,0.75,0.7375,0.722222222222222,0.722222222222222,0.722222222222222,0.75,0.757575757575758,0.757575757575758,0.698893166506256,0.67741935483871,0.628215622076707,0.650657894736842,0.71875,0.741071428571429,0.666666666666667,0.75,0.825,0.788293650793651,0.75,0.729166666666667,0.726136363636364,0.707142857142857,0.773863636363636,0.710526315789474,0.802951388888889,0.802951388888889,0.859188544152745,0.859452350678992,0.848728813559322,0.85,0.85
"Jersey City","NJ","New York","Hudson",40,,,,,,,,,,,,,,,,,,,,,,,,,,,,,,,,,,,,,,,,,,,,,,,,,,,,,,,,,,,,,,2.42857142857143,2.5,2.36641221374046,2.28392857142857,2.33094281889463,2.30769230769231,2.4375,2.32978723404255,2.53468516542156,2.2,2.125,2.08012820512821,2.29228303747534,2.40421839642835,2.37617135207497,2.23307745987439,2.46060606060606,2.22801788375559,2.29885057471264
"Norfolk","VA","Virginia Beach","Norfolk City",41,,,,,,,,,,,,,,,,0.833333333333333,0.801687454145268,0.772727272727273,0.8125,0.85,0.85,0.826785714285714,0.806944444444444,0.845,0.825,0.8125,0.838888888888889,0.857459732459733,0.855475605475605,0.875,0.892857142857143,0.898977751052315,0.926666666666667,0.9375,0.928571428571429,0.92896174863388,0.91833098094566,0.936491935483871,0.95,0.95,0.926666666666667,0.940111420612813,0.916666666666667,0.909090909090909,0.934786234081261,0.916666666666667,0.924058094312105,0.894736842105263,0.894736842105263,0.909466877208813,0.921052631578947,0.944444444444444,0.949535192563081,0.939372520608219,0.902160101651842,0.911300121506683,0.903614457831325,0.880952380952381,0.878975265017668,0.875,0.835087719298246,0.818014705882353,0.864269141531323,0.8975,0.871839581517001,0.875,0.9,0.896217948717949,0.880952380952381,0.897435897435897,0.892857142857143,0.919963201471941,0.870240504358655,0.845154845154845,0.879072681704261,0.884523809523809,0.893928571428571,0.877403846153846,0.894736842105263,0.852941176470588
"Boca Raton","FL","Miami-Fort Lauderdale","Palm Beach",42,,,,,,,,,,,,,1.31751227495908,1.27659574468085,1.28508384819064,1.29103082474675,1.2483660130719,1.14345114345114,1.1378284581061,1.19349005424955,1.15368580283353,1.16596933471933,1.15681080283353,1.125,1.16184448462929,1.15044247787611,1.1625,1.1871040352053,1.21195573634173,1.21951219512195,1.25369822485207,1.23216093117409,1.23674911660777,1.23533045089561,1.25335720680394,1.23076923076923,1.21234386480529,1.21544715447154,1.21153846153846,1.20494186046512,1.25925925925926,1.3,1.34210526315789,1.33279483037157,1.28336755646817,1.33413245792083,1.28903225806452,1.29955640050697,1.27407407407407,1.26315789473684,1.31578947368421,1.33674514807083,1.34375,1.33729569093611,1.34782608695652,1.41676505312869,1.375,1.43376413570275,1.42526459441572,1.39790349371188,1.4119753409356,1.329176409457,1.32763089683774,1.3203214695752,1.37626262626263,1.39380530973451,1.34375,1.38888888888889,1.36484593837535,1.4367816091954,1.34589482024364,1.40035906642729,1.40052539404553,1.40052539404553,1.44247573539755,1.43302790118471,1.49700598802395,1.4145810663765,1.50678089241388,1.43942542045253
"Bradenton","FL","North Port-Sarasota-Bradenton","Manatee",43,,,,,,,,,,,,,,,,,,,,,,,,,,,,,,,,,,,,,,,,,,,,,,,,,,,,,,,,,,,,,,,,,,,,,1.31578947368421,1.43671875,1.35714285714286,1.31578947368421,1.12546999039086,1.16674383396537,1.25,1.31578947368421,1.452266899932,1.43671875,1.36645396536007,1.30153203342618
"Reno","NV","Reno","Washoe",44,0.705882352941177,0.701960784313725,0.707107843137255,0.758551483420593,0.75,0.733590733590734,0.755987380856491,0.761538461538461,0.781818181818182,0.761069340016708,0.781818181818182,0.781818181818182,0.785457809694794,0.762797619047619,0.769768664563617,0.75,0.75,0.781818181818182,0.825991189427313,0.83067940552017,0.818181818181818,0.822134387351779,0.808333333333333,0.828125,0.821590909090909,0.867247969421882,0.825,0.825,0.82233606557377,0.868298368298368,0.894345238095238,0.86038961038961,0.847826086956522,0.868494342906876,0.826666666666667,0.837905856429976,0.853578892371996,0.846724598930481,0.835274323649849,0.833333333333333,0.873379099923722,0.877485380116959,0.875,0.8975,0.88339222614841,0.866666666666667,0.890208333333333,0.867543859649123,0.895326086956522,0.918859649122807,0.994444444444444,0.93475,0.9375,0.932,0.894736842105263,0.929333333333333,0.926801163213377,0.977891156462585,0.972222222222222,0.946230890880337,0.948115445440169,0.954861111111111,0.958333333333333,0.98546511627907,0.996376811594203,1.07056936647955,1.04651162790698,1,1.00446428571429,1.06285208724541,1.05519480519481,0.988293650793651,1.11349325337331,1.07442977190876,1.03370544457501,1.15008012820513,1.15294033115649,1.15066225165563,1.15,1.14351294400963
"Tacoma","WA","Seattle","Pierce",45,,,,,,,,,,,,,,0.904048423335772,0.949649122807018,0.9,0.882352941176471,0.839971550497866,0.883333333333333,0.880392156862745,0.928571428571429,0.946675191815857,0.859477124183007,0.810688405797101,0.84234496124031,0.85,0.95,0.954877136170063,0.950305640295801,0.950305640295801,0.926442307692308,1,1.01515151515152,1.02763532763533,1.03472222222222,1.01086956521739,1.00632911392405,1.01932145140665,1.02564102564103,1.03297727529769,1.03098290598291,1.03098290598291,1,1.03098290598291,0.99702380952381,1.00699300699301,1.04705882352941,1.04257246376812,1.02831196581197,1.04196204122675,1.08208955223881,1.02564102564103,1.02564102564103,1,1.03215811965812,1.02831196581197,0.994082225913621,1.03798842453479,1,1.01398601398601,1.03098290598291,1.03098290598291,1.02831196581197,1.07959077111987,1.05249611499611,1.140625,1.05006190034045,1.16559829059829,1.05129397028484,1.12706701479547,1.03098290598291,1.12903225806452,1.22520420070012,1.20760210035006,1.31205286168521,1.28540305010893,1.25314861460957,1.28869047619048,1.27299154334038,1.30394736842105
"Grand Rapids","MI","Grand Rapids","Kent",46,,,,,,,,,,,,,,,,,,,,,,,,,,,,,,,,0.8359375,0.85,0.85,0.86875,0.93125,0.926785714285714,0.911458333333333,0.90625,1.00378198898607,0.935049019607843,0.909090909090909,0.90625,0.916666666666667,0.866666666666667,0.9,0.933333333333333,0.936507936507937,0.923713235294118,0.996031746031746,0.936329588014981,1.04956268221574,1.07666666666667,1.00583090379009,1,1,0.928571428571429,0.90625,0.9375,0.9375,0.875,0.917071197411003,0.916666666666667,0.969669117647059,1.1,1.06274509803922,1,0.881944444444444,1,1.03645833333333,1.015625,0.997222222222222,1.07142857142857,1.0829107505071,1.21816168327796,1.24892106362244,1.26602564102564,1.15909090909091,1.06,1.05555555555556
"Boise","ID","Boise City","Ada",47,,,,,,0.648048642533937,0.653846153846154,0.659090909090909,0.63739247311828,0.63,0.675,0.642857142857143,0.65,0.65,0.661111111111111,0.666467120371926,0.661111111111111,0.672043010752688,0.675675675675676,0.66010101010101,0.657894736842105,0.659090909090909,0.656614785992218,0.659090909090909,0.694444444444444,0.690909090909091,0.690909090909091,0.684605263157895,0.722222222222222,0.725,0.725,0.752164502164502,0.763157894736842,0.772230889235569,0.766283524904215,0.766283524904215,0.754488588777219,0.753768844221106,0.754488588777219,0.759109311740891,0.79528206364513,0.819032761310452,0.795,0.793333333333333,0.809475806451613,0.801510120177103,0.825,0.846080508474576,0.810661764705882,0.79076724693746,0.80534188034188,0.804655870445344,0.784632034632035,0.814144736842105,0.820106738452718,0.833333333333333,0.895,0.895,0.879166666666667,0.885,0.861507936507937,0.85,0.886881327334083,0.790584415584416,0.894736842105263,0.894868421052632,0.893796992481203,0.833333333333333,0.895,0.861111111111111,0.895,0.878947368421053,0.899497487437186,0.897435897435897,0.899748743718593,0.921052631578947,0.894736842105263,0.924764890282132,0.95,0.905
"Salt Lake City","UT","Salt Lake City","Salt Lake",48,,,,,,,,,,,,,,,,,,,,,,0.974025974025974,0.966179653679654,0.946153846153846,0.983333333333333,0.890804597701149,0.947749554367201,0.99,1,0.974025974025974,0.953525641025641,0.945299145299145,0.959166666666667,1.04166666666667,1,1,1,1,1.0301724137931,1.05909090909091,1.06079545454545,1.0625,1.0625,1.00690975690976,1.00574675324675,1,0.993862951807229,1.02714285714286,1.04166666666667,1.02054567749847,1,1.06762917933131,1.09779411764706,1,1.04166666666667,0.999444444444444,1.06586538461538,1.04705882352941,0.926666666666667,0.9475,1,1.0625,1,1.04127829091165,1.01153846153846,1.140625,1.03846153846154,1.09032634032634,1.09894980905619,1.07142857142857,1.08514492753623,1.19230769230769,1.19230769230769,1.16844365312107,1.15729166666667,1.1751066098081,1.13846153846154,1.15384615384615,1.13929984177215,1.17256637168142
"Worcester","MA","Worcester","Worcester",49,,,,,,,,,,,,,,,,,,,,,,,0.907051282051282,0.85474358974359,0.924294431731503,0.84412955465587,0.856666666666667,0.906818181818182,0.883333333333333,0.840909090909091,0.941441441441441,0.941441441441441,0.947368421052632,0.95,1,0.935686885638936,0.916666666666667,0.909090909090909,0.916666666666667,0.980392156862745,1,0.958333333333333,0.948684210526316,0.951190476190476,0.935416666666667,0.893181818181818,0.916666666666667,0.927248677248677,0.916666666666667,0.898076203754081,0.925824175824176,0.936914428482199,0.984375,0.982169117647059,0.97584991708126,0.953463203463203,0.972953216374269,1.03333333333333,1.055,1,1.04761904761905,1.07317073170732,1.08333333333333,1.04761904761905,1.05882352941176,1.05768286696122,1.07192874692875,1.0078125,0.975,1,0.916666666666667,1.04761904761905,0.931818181818182,1,1.05555555555556,1.11111111111111,1.05277777777778,1,1.01531862745098,1
"Yonkers","NY","New York","Westchester",50,,,,,,,,1.46666666666667,1.39950980392157,1.28236842105263,1.34375,1.36287878787879,1.19375,1.29407979407979,1.42708333333333,1.46875,1.5,1.47058823529412,1.44444444444444,1.44444444444444,1.5,1.53589743589744,1.53333333333333,1.53333333333333,1.50196078431373,1.47058823529412,1.56696428571429,1.62142857142857,1.53333333333333,1.5,1.5,1.60555555555556,1.63299663299663,1.72786177105832,1.70666666666667,1.66666666666667,1.66666666666667,1.65119339045288,1.66666666666667,1.75,1.7,1.70560606060606,1.70454545454545,1.67607276854684,1.65789473684211,1.71071428571429,1.77045177045177,1.79795918367347,1.86666666666667,1.73794416243655,1.79591836734694,1.86666666666667,1.85878080045578,1.84237461617195,1.78174603174603,1.78571428571429,1.73761946133797,1.78021676498834,1.8,1.875,1.86666666666667,1.87647058823529,1.87647058823529,1.80062111801242,1.84210526315789,1.88834951456311,1.85714285714286,1.86666666666667,1.87156862745098,1.81666666666667,1.86391683433937,1.86666666666667,1.82173913043478,1.85915492957746,1.85164835164835,1.87647058823529,1.87647058823529,1.88235294117647,1.97222222222222,1.93846153846154
"Fort Lauderdale","FL","Miami-Fort Lauderdale","Broward",51,,,,,,1.11764705882353,1.10555555555556,1.07372942018611,1.03576751117735,0.979591836734694,0.944444444444444,0.945906432748538,1.01102941176471,1,1,1.09041231992052,1.05045180722892,1.01102941176471,1.03333333333333,1.05908584169454,1.05882352941176,1.01102941176471,1.01978146102502,1.06818181818182,1.09289617486339,1.11386138613861,1.15,1.12321428571429,1.13873130479629,1.20833333333333,1.246875,1.36363636363636,1.40274142063466,1.42564356939357,1.46153846153846,1.3993006993007,1.34020618556701,1.33333333333333,1.34375,1.32596685082873,1.33333333333333,1.35812074829932,1.30784708249497,1.33733974358974,1.375,1.35815991237678,1.44529914529915,1.375,1.35909090909091,1.3785046728972,1.41163184641446,1.41666666666667,1.41304347826087,1.46666666666667,1.49210199004975,1.46410256410256,1.48884291414216,1.48514851485149,1.42847222222222,1.4125,1.5,1.53846153846154,1.5618224197745,1.52792413066386,1.52792413066386,1.54660855870533,1.46565656565657,1.52989343788095,1.561144839549,1.50167037861915,1.51563244395108,1.5331928345627,1.56,1.54587542087542,1.59404888416578,1.6395537525355,1.61538461538462,1.64117647058824,1.63398692810458,1.57387914230019
"Killeen","TX","Killeen","Bell",52,,,,,,,,,,,,,,,,,,0.583864118895966,0.58659217877095,0.565217391304348,0.566666666666667,0.578616352201258,0.566037735849057,0.575594781273983,0.566352201257862,0.563752820786219,0.56234210994485,0.536666666666667,0.509337860780985,0.527969747651656,0.533276450511945,0.541808873720137,0.547138047138047,0.587595907928389,0.553072625698324,0.571428571428571,0.561312607944732,0.554047940312723,0.55379746835443,0.546661543715847,0.563524590163934,0.558139534883721,0.564684105781556,0.56184668989547,0.56196154788396,0.566348973607038,0.566666666666667,0.563524590163934,0.566037735849057,0.558659217877095,0.571428571428571,0.573770491803279,0.571428571428571,0.561059168377277,0.547538200339559,0.562567444494616,0.566037735849057,0.523589776384268,0.506336325624715,0.50561797752809,0.4892890432544,0.511945392491468,0.428657640638119,0.487286109968304,0.538687561214496,0.565217391304348,0.555658627087198,0.583333333333333,0.595352307856305,0.579150579150579,0.51304347826087,0.576923076923077,0.584962756052142,0.583047665687235,0.579150579150579,0.577271074847518,0.577281191806331,0.568982327848873,0.576923076923077,0.566037735849057
"Tempe","AZ","Phoenix","Maricopa",53,,,,,,,,,,,,,,,,,,,,,0.880360788997188,0.870622568093385,0.887022630834512,0.89009900990099,0.901577761081893,0.823148813803019,0.863996554694229,0.909090909090909,0.909090909090909,0.909090909090909,0.910955710955711,0.931855918132222,0.948292623648074,0.909090909090909,0.909090909090909,0.965406275140788,0.951016543751246,0.919230769230769,0.937308372728145,0.937859862003331,0.924124513618677,0.993376068376068,1.00347222222222,0.985663082437276,0.946530627754978,0.958333333333333,0.988985387372484,0.985663082437276,0.992307692307692,0.994444444444444,1.00069444444444,0.9375,0.961538461538462,0.992307692307692,0.992307692307692,0.926149425287356,0.953393860786857,0.933908045977011,1,0.953443113772455,0.992307692307692,0.996153846153846,0.879114642451759,0.910358526752515,0.955888191852617,1.02446506060153,0.992307692307692,0.841165132797344,0.912657377327227,0.938888888888889,0.918390804597701,1.02439024390244,1.04166666666667,1.02453987730061,1.01219512195122,0.995810810810811,1.10555555555556,1.14435063124776,1.11794485135717,1.03782287822878
"Huntsville","AL","Huntsville","Madison",54,,,,,,,,,,,,,,,,,,,,,,,,,,,,,,,,,,,,,,,,,,,,,,,,,,,,,,,,,,,,,,,,,,,,0.666,0.647058823529412,0.611111111111111,0.61959397810219,0.5992,0.621323529411765,0.625,0.65,0.658536585365854,0.661111111111111,0.656934306569343,0.645257221227049,0.626277372262774
"Pembroke Pines","FL","Miami-Fort Lauderdale","Broward",55,,,,,,,,,1.13310519200543,1.1383598862419,1.15477245413333,1.15065208862206,1.2226599053362,1.21111111111111,1.20080106809079,1.1957777979386,1.19040492089076,1.19021524675093,1.1830201809325,1.2009656004828,1.19047619047619,1.20223334728735,1.20471900715727,1.19298245614035,1.19298245614035,1.18110236220472,1.19125728675376,1.19125728675376,1.20296846011132,1.24270370100362,1.25,1.24303953237963,1.23031496062992,1.21827411167513,1.21483375959079,1.22754491017964,1.22754491017964,1.22754491017964,1.22862668169234,1.22588436908521,1.23739303555858,1.22937203855999,1.25485841199334,1.242983159583,1.26318711826763,1.23742115595986,1.2476958187125,1.2413262905353,1.24542502689048,1.24081445344963,1.29118432769368,1.325,1.27829792722328,1.25573891789936,1.27048267877816,1.26583089781059,1.32142730465009,1.32679105791234,1.3412017167382,1.32717576957416,1.31915245352133,1.31103074141049,1.30918220946915,1.3412017167382,1.27952755905512,1.30527698617526,1.27919911012236,1.3412017167382,1.33333333333333,1.33884297520661,1.33726752503577,1.37488542621448,1.3849765258216,1.35985439417577,1.35976766119231,1.3986013986014,1.38757373410945,1.34770889487871,1.35985439417577,1.3541451043155
"Hollywood","FL","Miami-Fort Lauderdale","Broward",56,,,,,,,,,,,,,0.97228430934287,1.04444444444444,1.03121523915462,1.09361429486723,1.07642626480086,1.07070905026436,1.07316272965879,1.0952380952381,1.03225806451613,1.03225806451613,1.04772727272727,1.05633802816901,1.02905569007264,1.12994350282486,1.15384615384615,1.20448717948718,1.23853211009174,1.27097902097902,1.30359477124183,1.27906976744186,1.27097902097902,1.41176470588235,1.45257092198582,1.3681592039801,1.32275132275132,1.32966529115085,1.33522727272727,1.36038961038961,1.30952380952381,1.36792452830189,1.40174090955105,1.33632233933251,1.33801149340415,1.31680867544539,1.3508176488738,1.36029411764706,1.45669291338583,1.46190130624093,1.45590682196339,1.42129928894635,1.35730446024564,1.375,1.45348837209302,1.3921388725778,1.41666666666667,1.37998499142367,1.51426647560668,1.54577883472057,1.49852462051821,1.55667701863354,1.5625,1.6,1.53333333333333,1.46137262529988,1.50114172400324,1.45892457057506,1.47194112235511,1.47238415313016,1.42857142857143,1.47190008920607,1.47279214986619,1.51605231866825,1.57342657342657,1.55180546519193,1.49676375404531,1.50957290132548,1.47058823529412,1.4622641509434
"Lakewood","CO","Denver","Jefferson",57,,,,,,,,,,,,,,,,,,,,,,,,,,,,,,,,,,,,,,,,,,,,,,,,,,,,,,,,,,,,,,,,,,,,,1.35281385281385,1.36673293571902,1.31922924116011,1.4964590964591,1.45454545454545,1.395,1.45731707317073,1.44827586206897,1.4,1.44827586206897,1.48319650702021,1.43530997304582
"Bridgeport","CT","Stamford","Fairfield",58,,,,,,,,,,,,,,,,,,,,,,,,,,,,,,,,,,,,,,,,,,,,,,,,,1.05625,1.0625,1.05208333333333,1.08751819505095,1.02720677146312,1.06796116504854,1.07719928186715,1.0625,0.980991667580309,1.04999064721287,1.08405418638812,1.12272408963585,1.11055555555556,1.09090909090909,1.08547464093357,0.892422151812483,1,1,0.999615384615385,1.10702614379085,1.0625,1.04166666666667,0.990491283676704,1.01515151515152,1,1.15263157894737,1.13068181818182,1.1,1.13636363636364,1.097583081571,1.14705882352941,1.125
"New Haven","CT","New Haven","New Haven",59,,,,,,,,,,,,,,,,,,,,,,,,,,,,,,,,,,,,,,,,,,,,,,,,,,,,1.05882352941176,1.08009846485628,1.08543723402731,1.07843137254902,0.945106075216972,0.947222222222222,0.917389829297907,0.82010582010582,0.692041522491349,0.748299319727891,0.778675132177878,0.889664425483161,1.04717741935484,1.08609068627451,0.986582478295186,1.09773371104816,0.964285714285714,0.988549618320611,0.979166666666667,1.01968503937008,0.897090683998762,1.04301075268817,1.1,1.15455708801365,1.14642857142857,1.06066176470588,1,0.876660341555977,0.809087991744482
"Miramar","FL","Miami-Fort Lauderdale","Broward",60,,,,,,,,,1.07893242475866,1.07784431137725,1.08476822580215,1.09673790776153,1.11111111111111,1.11034004163775,1.14854517611026,1.14854517611026,1.15602396588734,1.13563697457992,1.14170584284755,1.1676875957121,1.08874168079038,1.09167347832619,1.14780199981984,1.13636363636364,1.13932291666667,1.14051437975711,1.13752492025518,1.14957849168375,1.1243851018974,1.16357923508606,1.19140625,1.19972915505347,1.21107266435986,1.2230621550276,1.2094831315342,1.21570356257305,1.21538461538462,1.22051458892534,1.20969566293167,1.17241379310345,1.18657937806874,1.19074459303996,1.2188662670525,1.22723930481283,1.23134328358209,1.22463261021693,1.22723930481283,1.22473974280465,1.22473974280465,1.18181818181818,1.26156433978133,1.25,1.24708128762466,1.22930800542741,1.22930800542741,1.25,1.25,1.33492343832066,1.32530120481928,1.32752790302314,1.35490149699027,1.31147859922179,1.30298507462687,1.33333333333333,1.2962962962963,1.35488308115543,1.33754346802727,1.26156433978133,1.2970168612192,1.33665135273099,1.32769257888243,1.33757961783439,1.37665198237885,1.33333333333333,1.37165932452276,1.37745309685558,1.36518771331058,1.38169257340242,1.32931726907631,1.28
"Coral Springs","FL","Miami-Fort Lauderdale","Broward",61,,,,,,,,,,,,0.952991452991453,0.995634920634921,1,0.96326474243889,0.964991023339318,0.961538461538462,0.966101694915254,0.971687211093991,0.983333333333333,0.979166666666667,0.923076923076923,0.961538461538462,0.96875,1,1,1,1,1,1.05833333333333,1.06888361045131,1.08809020436927,1.08812111801242,1.07529581462798,1.0752688172043,1.07217649568811,1.08143939393939,1.08333333333333,1.09090909090909,1.1,1.08216214587101,1.06851282051282,1.09375,1.02264927934111,0.99009900990099,1.02783246106816,1.05419695968275,1.14482306684142,1.12510860121633,1.12312811980033,1.13770263514961,1.1141103728313,1.1304347826087,1.12820512820513,1.14678899082569,1.2,1.16696588868941,1.16,1.13762626262626,1.17391304347826,1.18468168422752,1.18863425339748,1.17947411333062,1.19832576308899,1.15627118644068,1.2,1.2044967044967,1.19545032497679,1.2012012012012,1.18279569892473,1.19772516248839,1.18940754039497,1.21184919210054,1.25,1.28285714285714,1.29789864029666,1.31578947368421,1.30928263466833,1.24760536398467,1.22950819672131
"Hartford","CT","Hartford","Hartford",62,,,,,,,,,,,,,,,,,,,,,,,,,,,,,,,1.07919254658385,1.05769230769231,1,0.95,0.944444444444444,1.08333333333333,0.969444444444444,0.966666666666667,0.950888324873096,0.930447585394582,0.911764705882353,1,1.03472222222222,0.93908969210174,0.944444444444444,0.972222222222222,0.944444444444444,0.891356542617047,0.899281868435997,0.926733690615304,0.916666666666667,0.940972222222222,0.933734939759036,0.897435897435897,0.925,0.933734939759036,0.921052631578947,0.909090909090909,0.888888888888889,0.941867469879518,0.933734939759036,0.986111111111111,1,1,0.951242469879518,1,0.995,1,1.05,0.919063852308459,0.858179288411847,1,1,1,1.10882352941176,1.07228915662651,1.09090909090909,1.08893280632411,1.08333333333333,1.08695652173913
"Billings","MT","Billings","Yellowstone",63,,,,,,,,,,,,,,,,,,,,,,,,,,,,,,,,,,,,,,,,,,,,,,0.821428571428571,0.821428571428571,0.821428571428571,0.817236255572065,0.76731123388582,0.76731123388582,0.841584158415842,0.869230769230769,0.846522335423197,0.856118295019157,0.852777777777778,0.863636363636364,0.825,0.856481481481482,0.857142857142857,0.904166666666667,0.896428571428571,0.914634146341463,0.863636363636364,0.886524822695035,0.863636363636364,0.82724358974359,0.833333333333333,0.821428571428571,0.80959595959596,0.851136363636364,0.805555555555556,0.846052631578947,0.825,0.82,0.826666666666667,0.88209219858156,0.841052631578947,0.847313854853911,0.842391304347826
"Manchester","NH","Manchester","Hillsborough",64,,,,,,,,,1.18970588235294,1.16928904428904,1.16760563380282,1.21606425702811,1.12535211267606,1.12287581699346,1.17527010804322,1.24886363636364,1.18448252540453,1.17888198757764,1.09753086419753,1.19106392557023,1.08425925925926,1.02164902998236,1.15992647058824,1.09090909090909,1.01806451612903,1.19862068965517,1.16209150326797,1.19927971188475,1.26957070707071,1.20192307692308,1.23732517482517,1.20192307692308,1.17820324005891,1.10912698412698,1.08333333333333,1.09806629834254,1.10782865583456,1.1062030075188,1.10546176762661,1.20494288624541,1.11555974991153,1.05718954248366,1.05,1,1.09808612440191,1.03293504901961,1.11111111111111,1.10356536502547,1.21128451380552,1.22702927324776,1.21437908496732,1.2906309751434,1.22676376770804,1.28577904591788,1.22241327751196,1.22607655502392,1.24065934065934,1.12244897959184,1.11722448979592,1.12574061882818,1.08333333333333,1.16011904761905,1.27791116446579,1.30732292917167,1.31818181818182,1.20405576679341,1.10619469026549,1.27510642580601,1.16666666666667,1.22781385281385,1.21286972938955,1.0989010989011,1.12524900398406,1.10633066994468,1.06243852055873,0.986854917234664,1.07628676470588,1.12244897959184,1.03626943005181,0.9683911362456
"Cambridge","MA","Boston","Middlesex",65,2.77421470260345,2.6920245398773,2.70601226993865,2.72,2.936,2.98245614035088,2.7567084078712,2.83401221995927,2.91496227851606,2.95832731474794,2.77906976744186,3.04311926605505,2.76923076923077,2.8,2.81010575793184,2.89487467265245,3,3.02245250431779,2.92035946699721,3.02091483228556,2.99291075896581,2.96086408181493,2.94736842105263,2.87800687285223,3.02869287991498,2.9651726366322,2.96013289036545,3.03230191092988,3.1304347826087,3.03054989816701,3,2.95720012052293,2.93501048218029,3,2.97531232078803,2.92,2.95227272727273,2.94258823529412,2.95,3.06957771527835,3.05263157894737,3.11862655925156,3.04545454545455,3.04554865424431,3.1166518254675,2.82408642304615,2.81181818181818,2.82105263157895,2.91777188328912,2.97833935018051,3.06666666666667,3.03605313092979,3.07692307692308,3.05964052287582,3,2.91409649952696,2.90149006622517,2.84317988703954,2.84605263157895,2.90909090909091,2.95774647887324,3.04545454545455,3.05409356725146,3.06547619047619,3,3.06547619047619,2.98076923076923,3,2.93333333333333,2.90243902439024,3,2.9748417721519,3.0625,3.11750599520384,3.21449073314745,3.25657894736842,3.22222222222222,3.15789473684211,3.03062488359099,3
"Pompano Beach","FL","Miami-Fort Lauderdale","Broward",66,,,,,,,,,,,,,,,,,,,,,1.05902777777778,1.0625,1.08987179487179,1.08969696969697,1.08969696969697,1.11620534262905,1.09030303030303,1.09806745486821,1.1660447761194,1.17891816920943,1.17973686238249,1.29029138866817,1.2817220006674,1.25,1.30484566876867,1.2684225431889,1.25,1.24714481330425,1.24602332979852,1.23,1.21693121693122,1.19500271591526,1.25497426990032,1.22727272727273,1.23076923076923,1.24932102118414,1.18461538461538,1.18461538461538,1.20714285714286,1.18461538461538,1.27863612147043,1.31112686038271,1.28550092456498,1.30555555555556,1.30556921482112,1.2,1.2,1.21045883940621,1.20541205412054,1.25,1.20512820512821,1.3563587728645,1.31195335276968,1.31195335276968,1.34952766531714,1.31293706293706,1.19500271591526,1.31002431002431,1.2747327127119,1.325,1.30952380952381,1.3768115942029,1.33333333333333,1.30602006688963,1.40299835706462,1.375,1.37627551020408,1.39393939393939,1.42257165605096,1.4157196969697
"West Palm Beach","FL","Miami-Fort Lauderdale","Palm Beach",67,,,,,,,,,,,,,,,,,,,,,,,,,,,,,,,,,,,,,,,,,,,,,,,,,,,,,,1.27334465195246,1.21428571428571,1.10220278587626,1.07615894039735,1.16212347523027,1.22641509433962,1.20973729297544,1.16612700816052,1.22641509433962,1.36274509803922,1.42857142857143,1.39230769230769,1.34328358208955,1.29120879120879,1.23417721518987,1.28593040847201,1.3578431372549,1.38823529411765,1.2343404568902,1.32705696202532,1.35714285714286,1.38725490196078,1.45588235294118,1.43072289156627,1.29215943933421,1.35628227194492,1.41117647058824
"Newton","MA","Boston","Middlesex",68,,,,,,,,,,,,,,,,,,1.52777777777778,1.53333333333333,1.5,1.61538461538462,1.54545454545455,1.72149768058317,1.63636363636364,1.85553346587144,1.83530195381883,1.8525547710896,1.79411764705882,1.8,1.78571428571429,1.64890470974808,1.66666666666667,1.66458333333333,1.66666666666667,1.62213740458015,1.63068181818182,1.69979232150876,1.71428571428571,1.75,1.83974358974359,1.85161875161875,1.83611499766807,1.76923076923077,1.76176470588235,1.72204116843593,1.70782520325203,1.74291938997821,1.70876671619614,1.70015455950541,1.78416149068323,1.84900284900285,1.895,1.85638545793521,1.80769230769231,1.76470588235294,1.6875,1.7257053291536,1.71428571428571,1.71875,1.71875,1.81980519480519,1.78921568627451,1.81818181818182,1.76284080914688,1.83333333333333,1.79272727272727,1.7,1.73333333333333,1.72413793103448,1.625,1.68990384615385,1.85,1.82608695652174,1.84822410558323,1.88194444444444,1.90909090909091,1.88679245283019,1.88399028582103,1.83333333333333,1.87178287318671
"Santa Monica","CA","Los Angeles-Long Beach-Anaheim","Los Angeles",69,,,,,,,,,,,,,,,,,,,,,,,,,,,,,,,,,,,,,,,,,,,,,,,,,,,,,,,,,,,,,,,,,,,3.04487179487179,3.48583877995643,3.14573512906846,3.3,3.33067092651757,3.43427518427518,3.48148148148148,3.58490349922685,3.46873714520773,3.4,3.5,3.4,3.42428571428571,3.51332288401254
"Plantation","FL","Miami-Fort Lauderdale","Broward",70,,,,,,,,,,,,,,,,,,,,,,,,,,,,,,,,,,,,,,,,,,,,,,,,,,,,,,,,,,,,,,,,,,,1.31818181818182,1.29183276165755,1.31325367169,1.31195335276968,1.31195335276968,1.26424961805147,1.27541562314159,1.30571609174643,1.34061569016882,1.35399061627857,1.33262260127932,1.31852879944483,1.31195335276968,1.30298181250488
"Miami Beach","FL","Miami-Fort Lauderdale","Miami-Dade",71,,,,,,,2.1039603960396,2.04761904761905,2.1505376344086,2.31666666666667,2.44565217391304,2.22970779220779,2.16176470588235,2.38805970149254,2.27272727272727,2.25626667885058,2.3125,2.56064690026954,2.58323765786452,2.39937263794407,2,1.86740999051727,2.02020202020202,1.87596153846154,1.99724517906336,2.03571428571429,2.15250965250965,2.20472440944882,2.14740896358543,2.43155724450194,2.3780487804878,2.37741456166419,2.30434782608696,2.37202882275875,2.32558139534884,2.33227342263714,2.39130434782609,2.3780487804878,2.4,2.45535714285714,2.36842105263158,2.41379310344828,2.48730441058954,2.48189637143156,2.35772357723577,2.37984186211798,2.53593782240869,2.5,2.48287671232877,2.54895104895105,2.54545454545455,2.46671075837742,2.5,2.57142857142857,2.5336643346122,2.5065963060686,2.55844155844156,2.5330538340017,2.50709754513157,2.57623839009288,2.56708208323717,2.57142857142857,2.57142857142857,2.615518744551,2.81398617670174,2.65654648956357,2.66043239533288,2.55555555555556,2.79802631578947,2.85082174462705,2.57142857142857,2.57352941176471,2.6,2.5588336783989,2.60707635009311,2.65348595213319,2.625,2.65570687310037,2.60869565217391,2.66666666666667
"Boulder","CO","Boulder","Boulder",72,,,,,,,,,,,,,,,,,,,,,,,,,,,,,,,,,,,,,,,,,,,,,,,,2.05128205128205,2.15,2.15540540540541,2.15497542997543,2.1,2.12044534412955,2.14615384615385,2.12666666666667,2.21285563751317,1.97727272727273,1.8052146227756,1.88793103448276,1.91815856777494,1.97916666666667,2.00150602409639,2,2.00470430107527,2.08867362146051,1.90972222222222,1.90909090909091,1.85765694653454,1.97968697968698,1.99530516431925,2.03125,2.10050933786078,2.05128205128205,2.12701612903226,2.16783216783217,2.121875,2.08333333333333,2.16724941724942,2.1530612244898,2.14615384615385
"Town of Poughkeepsie","NY","New York","Dutchess",73,,,,,,,,,,,,,,,,,,,1.03571428571429,0.978260869565217,1.02121284755513,0.969527245111069,1,1.01495726495726,0.956580015607536,1,1.03571428571429,1.07784431137725,1.04545454545455,1.04058441558442,1.03172739471511,1.03571428571429,1.02520608750793,0.997506234413965,0.996802217747278,0.964285714285714,0.99626400996264,0.974641272538469,0.964285714285714,0.955357142857143,0.961309523809524,0.963527851458886,1,0.98528399906182,0.96551724137931,0.948412698412698,0.948412698412698,0.96,0.964705882352941,0.963834422657952,1,1.02040816326531,1.02063965332049,1.03333333333333,1,1.03896103896104,1.08333333333333,1.05982142857143,1,1.10926541159099,1.11111111111111,1.07124842370744,1.0655737704918,1.10714285714286,1.08217899687094,0.9818905651341,0.952380952380952,1,1.11764705882353,1.125,1.13043081416575,1.09964093357271,1.15966386554622,1.1875,1.2,1.22799422799423,1.21323529411765,1.1625,1.21078431372549,1.26277195027195
"Evanston","IL","Chicago","Cook",74,,,,,,,,,,,,,,,,,,,,,,,,,,,,,,,,,,,,,,,,,,,,,,,1.55598958333333,1.5,1.5,1.51871657754011,1.44615384615385,1.47981366459627,1.62159509637188,1.68748053565867,1.53846153846154,1.675,1.57351154313487,1.54225721784777,1.54225721784777,1.61909159919028,1.72916666666667,1.7004048582996,1.71232876712329,1.85606060606061,1.67741935483871,1.73271720969089,1.68585526315789,1.55836070983904,1.53675577156744,1.59333333333333,1.57351154313487,1.72372769332452,1.6875,1.69125,1.63483146067416,1.6875,1.63841807909605,1.66778846153846,1.65185303107489,1.56800577156744
"Somerville","MA","Boston","Middlesex",75,,,,,,,,,,,,,,,,,,,,,,,,1.73076923076923,1.65,1.82142857142857,2.05,2.08712121212121,2.17889190317195,2.07547169811321,2.07547169811321,2.06751054852321,2,2,2.00267022696929,1.98446678984271,2.15,2.10555555555556,2.18181818181818,2.18181818181818,2.2,2.52631578947368,2.32892381453107,2.18181818181818,2.09090909090909,2.10818713450292,2.13888888888889,2.2,2.28571428571429,2.25,2.37019230769231,2.27000527321864,2.2609819121447,2.21209665163872,2.14876033057851,2.05,2,2.01958384332925,2.0952380952381,2.11764705882353,2.14318998801757,2.16666666666667,2.09375,2.2,2,2.17261904761905,1.93888888888889,2.11254462836741,2,1.85613326602726,1.86666666666667,1.98065559031616,1.95939294503692,2,2.12545993458708,2.12459150326797,2.20408163265306,2.16666666666667,2.09090909090909,2.00133511348465
"New Rochelle","NY","New York","Westchester",76,,,,,,,,,,,,,,,,,,,,,,,,,,,,,,,,,,,,,,,,,,,,,,,,2.25,2.3125,2.325,1.995,1.9,1.94166666666667,2.05882352941176,2,2.2,2,2.225,2.25,2.27619047619048,2.255,2.26333333333333,2.25282485875706,2.25141242937853,2.33333333333333,2.25,2.54545454545455,2.36889806173726,2.28111111111111,2.33333333333333,2.33333333333333,2.24893681652491,2.27882037533512,2.26136363636364,2.28777056277056,2.25,2.28743386243386,2.22190144966685,2.28111111111111,2.28558102345416
"Redondo Beach","CA","Los Angeles-Long Beach-Anaheim","Los Angeles",77,,,,,,,,,,,,,,,,,,,,,,,,,,,,,,,,,,,,,,,,,,,,,,,,,,,,,,,,,,,,,,,,,,2.09094284994965,2.20454545454545,2.2021164021164,2.14943705220061,2,2.21719457013575,2.12607804271662,2.45906432748538,2.35989101717305,2.2530303030303,2.3125,2.17592592592593,2.12607804271662,2.22908093278464,2.22908093278464
"Weston","FL","Miami-Fort Lauderdale","Broward",78,,,,,,,,,,,,,,,,,,,,,,,,,,,,,,,,,,,,,,,,,,,,,,,,,,,,,,,,,,,,,,,,,,,,,1.4018691588785,1.38419119624017,1.36217262923656,1.33333333333333,1.35421441303794,1.37982266465396,1.35284906377721,1.44086021505376,1.44473628658883,1.41640033349545,1.39958385750167,1.41727092946605
"Mount Vernon","NY","New York","Westchester",79,,,,,,,,,,,,,,,,,,,,,,,,,,,,,,,,,,,,,,,,,,,,,,,,,,,,,,,,,,,,,,,,,,,,,1.903125,1.74868507560815,1.88202227636617,1.90454545454545,2,2.03947368421053,1.99411764705882,1.96794307511737,1.97183098591549,1.97530864197531,2.01102309601069,1.99421965317919
"Waltham","MA","Boston","Middlesex",80,,,,,,,,,,,,,,,,,,,,,,1.84606178472586,1.86938928750209,1.95497382198953,1.96419566313666,1.9930359725235,1.92307692307692,1.9067944646098,1.87911589318123,1.83333333333333,1.79683059087509,1.78214285714286,1.7730487804878,1.75,1.78890876565295,1.58333333333333,1.625,1.65,1.725,1.84230769230769,1.81785714285714,1.86436781609195,1.88675213675214,1.90740740740741,1.91331908831909,1.85855263157895,1.92681380010147,1.89308600337268,1.9093825180433,1.93531598513011,1.90817960270906,1.81818181818182,1.875,1.86666666666667,1.71723646723647,1.76274038461538,1.76969696969697,1.625,1.70926829268293,1.75,1.78,1.82348484848485,1.9,1.90243902439024,1.8,1.83333333333333,1.89473684210526,1.70625,1.93028846153846,1.91923076923077,1.76888888888889,1.82119205298013,1.87339743589744,1.90909090909091,1.875,2,1.83333333333333,1.875,1.91798941798942,2
"White Plains","NY","New York","Westchester",81,,,,,,,,,,,,,,,,,,,,,,,,,,,,,,,,,,,,,,,,,,,,,,,2.21276595744681,2.55094991364421,2.25,2.29910714285714,2.28125,2.28333333333333,2.27698863636364,2.33966503267974,2.35504201680672,2.45454545454545,2.41666666666667,2.42261904761905,2.39146505376344,2.28571428571429,2.26785714285714,2.23809523809524,2.24918460534899,2.27272727272727,2.515,2.49084249084249,2.30524642289348,2.37564102564103,2.47916666666667,2.375,2.31928987811341,2.21111111111111,2.37797619047619,2.32142857142857,2.32142857142857,2.26666666666667,2.35662431941924,2.43427458617332,2.3260989010989,2.31372549019608
"Medford","MA","Boston","Middlesex",82,,,,,,,,,,,,,,,,,,,,,,,,,,,,,,,,,,,,,,,,1.87096774193548,1.83923444976077,1.85449735449735,1.7208413001912,1.76923076923077,1.79485458612975,1.77272727272727,1.72950538126861,1.74210526315789,1.81818181818182,1.77005347593583,1.93103448275862,2.04545454545455,1.89204545454545,1.75952380952381,1.66666666666667,1.70365853658537,1.73076923076923,1.75,1.78219696969697,1.90909090909091,1.84806452701563,1.81666666666667,1.79583333333333,1.8,1.71393088552916,1.94363459669582,1.67948717948718,1.66666666666667,1.40588235294118,1.63604211880074,1.48936170212766,1.52430044182621,1.72613636363636,1.75954376163873,1.99333333333333,2,2,1.98675496688742,1.71825396825397,1.66029379527791
"Hoboken","NJ","New York","Hudson",83,,,,,,,,,,,,,,,,,,,,,,,,2.87782969885774,2.79166666666667,2.75,2.76134122287968,2.85256088165344,2.9,2.9,3,2.91229133010232,2.89927536231884,2.88888888888889,2.86697247706422,2.85824685361007,2.82972440944882,2.82972440944882,2.82478514202476,2.8444963655244,2.91666666666667,3,3.00673249551167,3.01813515239793,3.01296111665005,3,2.87337367967723,2.82150094080185,2.88616303219107,2.8444963655244,2.80612244897959,2.82730263157895,2.78330019880716,3.01243370561955,2.8695652173913,2.8030612244898,2.8280612244898,2.87846481876333,2.9616935483871,2.85640112742916,3.14069264069264,3.0011329305136,3,2.92275574112735,2.86532969885774,2.83089092334753,2.9745308310992,2.84905063291139,2.79165009940358,2.89444444444444,2.79165009940358,2.8125,2.97410225757506,3.03643724696356,3.11111111111111,3.10555555555556,3.10833333333333,3.07142857142857,3.10173697270471,3.10173697270471
"Doral","FL","Miami-Fort Lauderdale","Miami-Dade",84,,,,,,,1.1881402491368,1.19548914681942,1.20486516024915,1.21735103426984,1.21374514368698,1.21518987341772,1.21230041395624,1.20134228187919,1.24056094929881,1.22681468952468,1.22663551401869,1.26544151288699,1.28301009088957,1.29213483146067,1.29563437109343,1.28141225337487,1.2532981530343,1.26493323963457,1.29032258064516,1.28504672897196,1.29251700680272,1.303565585508,1.31578947368421,1.33333333333333,1.32568656856313,1.35350318471338,1.34723422644771,1.35802469135802,1.349785656355,1.3386569416499,1.37254029592719,1.35802469135802,1.34057971014493,1.35446243573018,1.36031851360319,1.3758685223826,1.33356133150935,1.33653752198554,1.37462780577187,1.37231299095706,1.33574007220217,1.3157457603149,1.35576421491914,1.46481142484578,1.43247996873168,1.4453125,1.51331719128329,1.52326404079498,1.48465417626824,1.49948668393515,1.53278624084568,1.53284671532847,1.51223184404929,1.52308195330588,1.46067415730337,1.46067415730337,1.44987572493786,1.43638850889193,1.44987572493786,1.44762243446454,1.55797101449275,1.46510778224333,1.44987572493786,1.54440154440154,1.50893448047651,1.64092664092664,1.6155758077879,1.6498696785404,1.63130019385212,1.63130019385212,1.64445919479477,1.61960132890365,1.61603102779573,1.6316772214807
"Coral Gables","FL","Miami-Fort Lauderdale","Miami-Dade",85,,,,,,,,,,,,,,,,,,,,,,,,,,,,,,,,,,,,,1.95804578814766,1.93181818181818,1.93181818181818,1.8582995951417,1.76388888888889,1.76388888888889,1.76388888888889,1.86084142394822,1.93483870967742,2.03372704475009,2.07093736905672,1.96153846153846,1.93103448275862,1.93103448275862,1.83982683982684,1.86084142394822,1.88183771602269,2,1.9893899204244,1.84615384615385,1.87250026535862,1.87250026535862,1.82984429541492,1.9150641025641,2.0115576743399,1.98818897637795,2.02020202020202,1.9893899204244,2.04342273307791,2.02142787094243,2,1.91518467852257,2.02024291497976,2.02361452361452,1.94642857142857,2.04342273307791,1.98446937014668,1.84646953593602,1.89207887700535,1.89576205203679,1.89786059351277,1.89786059351277,1.86753589619058,1.83333333333333
"Sarasota","FL","North Port-Sarasota-Bradenton","Sarasota",86,,,,,,,,,,,,,,,,,,,,,,,,,,,,,,,,,,,,,,,,,,,,,,1.56862745098039,1.33744855967078,1.21540885664577,1.35373781148429,1.21951219512195,1.11340679522498,1.24248955067921,1.23249299719888,1.2,1.23249299719888,1.2315594882837,1.18963299024919,1.23859191655802,1.24708398133748,1.3326941514861,1.28432003432003,1.33053221288515,1.2396694214876,1.2965367965368,1.28394568690096,1.12244897959184,1.16175156389634,1.09906070070692,1.27032520325203,1.31181121717399,1.16653048397234,1.13769503757859,1.12676056338028,1.14394661582459,1.16627022285899,1.23203285420945,1.23259486079676,1.25924687756076,1.29551820728291,1.28432240921169
"Hallandale","FL","Miami-Fort Lauderdale","Broward",87,,,,,,,,,,,,,,,,,,,,,,,,,,,,,,,,,,,,,,,,,,,,,,,,,,,,,,,,,,,1.52698270721527,1.54745762711864,1.43237082066869,1.44921875,1.28424657534247,1.40873015873016,1.38615384615385,1.3687343358396,1.46520146520147,1.5,1.54423076923077,1.53846153846154,1.63544584500467,1.53571428571429,1.49524537008169,1.54894671623296,1.51515151515152,1.68882978723404,1.6551724137931,1.625,1.75,1.81666666666667
"Aventura","FL","Miami-Fort Lauderdale","Miami-Dade",88,,,,,,,,,,,,1.46842878120411,1.54251316779533,1.55367231638418,1.58227848101266,1.58244680851064,1.55367231638418,1.58311345646438,1.58940397350993,1.6112493239589,1.64106145251397,1.59360005838031,1.60899653979239,1.55808615819209,1.5625,1.60714285714286,1.63903211673912,1.64315108759553,1.66143781093247,1.64709354975526,1.68522556853994,1.68993387215283,1.69348010160881,1.68604651162791,1.68639674978986,1.68908623827112,1.71155569341053,1.70796306031549,1.70892857142857,1.77966101694915,1.82619647355164,1.86764499503734,1.83553597650514,1.82648401826484,1.81468023255814,1.78878908018102,1.78992918961448,1.81058495821727,1.81933646370564,1.84182015167931,1.7996438454443,1.80383314543405,1.78764897074756,1.82841068917018,1.81686046511628,1.89599133261105,1.86737804878049,1.83553597650514,1.78358208955224,1.78380982411884,1.83553597650514,1.82265431373882,1.7957410580908,1.79005090046812,1.77398160315374,1.77815410668925,1.78403755868545,1.73410404624277,1.80079297721141,1.77484126886659,1.77815410668925,1.75521821631879,1.76029962546816,1.83584708429777,1.85239651416122,1.82748538011696,1.8419627074186,1.84113624408206,1.84977810957654,1.85430463576159
"Watertown","MA","Boston","Middlesex",89,,,,,,,,,,,,,,,,,,,,,,,,,,1.54545454545455,1.6,1.56,1.66666666666667,1.61417322834646,1.63232720909886,1.6547619047619,1.56399209486166,1.5,1.5,1.5,1.52822009907997,1.56,1.59,1.73684210526316,1.64943181818182,1.66666666666667,1.73228346456693,1.74503806416531,1.57115583075335,1.53437601824699,1.54545454545455,1.55555555555556,1.578073089701,1.66666666666667,1.71033105022831,1.67948717948718,1.62962962962963,1.67741935483871,1.66666666666667,1.6743119266055,1.57142857142857,1.57575757575758,1.58333333333333,1.61111111111111,1.60912698412698,1.67823529411765,1.77777777777778,1.68763185654008,1.66666666666667,1.78571428571429,1.6,1.55555555555556,1.62241887905605,1.63620943952802,1.59692372524231,1.63068181818182,1.69230769230769,1.70542635658915,1.69058357879234,1.6551724137931,1.68301435406699,1.62353436950001,1.55555555555556,1.56
"Belmont","MA","Boston","Middlesex",90,,,,,,,,,,,,,,,,,,,,,,,,,,,,,,,,,,,,,,,,,1.5720823798627,1.5400641025641,1.5720823798627,1.6,1.54849225753871,1.49404761904762,1.49821428571429,1.46256684491979,1.5,1.66666666666667,1.90058186195827,1.80747126436782,1.67172739541161,1.69230769230769,1.6,1.5765503875969,1.67333333333333,1.66666666666667,1.65833333333333,1.65833333333333,1.69090909090909,1.76470588235294,1.9,1.82352941176471,1.70537612971824,1.71825396825397,1.66477272727273,1.46153846153846,1.61872204472843,1.72341220971147,1.54471544715447,1.7,1.89858695652174,1.8026163100181,1.81818181818182,1.77648973612811,1.91666666666667,1.84615384615385,1.76682214405872,1.66666666666667
"Sunny Isles Beach","FL","Miami-Fort Lauderdale","Miami-Dade",91,,,,,,,,,,,,,,,,,,,,,,,,,,,,,,,,,,,,,,,,,,,,,,,,,,,,,2.19029055364584,2.34826589595376,2.34826589595376,2.29226361031519,2.54813137032843,2.45192675065691,2.44565217391304,2.3972602739726,2.10035005834306,2.25563909774436,2.34883359366162,2.5645358115085,2.37966167555564,2.33297985153765,2.33564415462454,2.41666666666667,2.53772290809328,2.51923251435265,2.51572327044025,2.37416904083571,2.69741985926505,2.89198606271777,2.89198606271777,2.68774727541931,2.57839721254355,2.5974025974026,2.78253424657534,2.67097751784575
