"RegionName","State","Metro","CountyName","SizeRank","2010-03","2010-04","2010-05","2010-06","2010-07","2010-08","2010-09","2010-10","2010-11","2010-12","2011-01","2011-02","2011-03","2011-04","2011-05","2011-06","2011-07","2011-08","2011-09","2011-10","2011-11","2011-12","2012-01","2012-02","2012-03","2012-04","2012-05","2012-06","2012-07","2012-08","2012-09","2012-10","2012-11","2012-12","2013-01","2013-02","2013-03","2013-04","2013-05","2013-06","2013-07","2013-08","2013-09","2013-10","2013-11","2013-12","2014-01","2014-02","2014-03","2014-04","2014-05","2014-06","2014-07","2014-08","2014-09","2014-10","2014-11","2014-12","2015-01","2015-02","2015-03","2015-04","2015-05","2015-06","2015-07","2015-08","2015-09","2015-10","2015-11","2015-12","2016-01","2016-02","2016-03","2016-04","2016-05","2016-06","2016-07","2016-08","2016-09","2016-10","2016-11","2016-12","2017-01","2017-02","2017-03","2017-04","2017-05","2017-06","2017-07","2017-08","2017-09"
"New York","NY","New York","Queens",1,,,,,,,,,,,,,,,,,,,2600,2600,2695,2650,2695,2700,2700,2700,2750,2800,2800,2800,2800,2800,2800,2800,2750,2800,2800,2800,2850,2895,2895,2895,2899,2900,2800,2800,2750,2795,2800,2800,2895,2895,2550,2509.5,2550,2550,2509,2500,2500,2575,2599,2650,2695,2650,2600,2650,2650,2600,2600,2575,2550,2550,2550,2595,2600,2600,2600,2645,2650,2749,2650,2500,2550,2500,2500,2545,2595,2600,2600,2665,2600
"Los Angeles","CA","Los Angeles-Long Beach-Anaheim","Los Angeles",2,,,,,,,,,,,,1562.5,1550,1500,1575,1550,1597,1650,1500,1450,1450,1495,1581,1595,1600,1595,1540,1450,1447.5,1450,1500,1400,1400,1400,1485,1450,1450,1495,1500,1495,1450,1450,1495,1495,1400,1497,1472,1450,1475,1495,1575,1550,1700,1625,1595,1650,1650,1695,1700,1725,1750,1750,1695,1795,1795,1795,1697.5,1750,1850,1850,2100,2195,2250,2245,2308,2090,2195,1850,1898,1900,1800,1825,1995,2100,2095,2100,2095,2095,2095,2095,2000
"Chicago","IL","Chicago","Cook",3,1300,1340,1395,1230,1300,1238,1345,1450,1450,1400,1380,1394,1377.5,1450,1450,1500,1475,1450,1450,1436.5,1445,1450,1350,1300,1331,1460,1595,1600,1565,1575,1500,1525,1524,1528,1550,1601,1558,1599,1650,1650,1635,1650,1600,1576,1600,1650,1610,1550,1550,1550,1525,1581,1700,1638,1675,1695,1725,1600,1650,1806,1605,1650,1700,1700,1745,1669,1895,2056,2155,1975,1800,1900,1600,1515,1550,1585,1500,1545,1500,1495,1525,1525.5,1500,1500,1500,1500,1510,1535,1550,1575,1595
"Houston","TX","Houston","Harris",4,,,,,,,,,,,,,,,,,,,,,,,,,,,,,,,,,,,,,,,,,,,,,,,,,,,,1214,1275,1319,1375,1400,1250,1200,1208,1200,1250,1300,1250,1200,1100,1150,1107.5,1195,1214.5,1195,1229,1200,1200,1195,1175,1150,1180,1142.5,1195,1170,1100,1095,1095,1075,1095,1150,1150,1150,1100,1095,1095
"Philadelphia","PA","Philadelphia","Philadelphia",5,,,,,,,,,,,,,,,,,,,,,,,,,,,,,,,,,,,,,,,,,,,,1200,1300,1295,1175,1160,1195,1200,1295,1295,1250,1250,1200,1250,1330,1400,1350,1330,1350,1400,1350,1400,1400,1350,1395,1350,1450,1400,1400,1450,1405,1479,1437.5,1400,1322.5,1275,1250,1250,1300,1270,1295,1300,1350,1375,1395,1395,1400,1350,1325
"Phoenix","AZ","Phoenix","Maricopa",6,,,,,,,,,,,525,550,599,550,575,575,550,550,550,595,575,595,675,725,750,702.5,774,682.5,625,625,645,622,625,625,650,650,625,625,600,600,625,650,685,699,650,650,675,675,675,675,637.5,650,650,675,675,650,625,600,650,625,650,695,700,725,725,730,700,695,695,710,695,697,750,735,730,730,727.5,725,700,749,687.5,680,775,795,795,800,795,820,850,850,825
"San Antonio","TX","San Antonio","Bexar",7,,,,,,,,,,,,,,,,,,,,,,,,,,,,,,,,,,,,,,,,,,,,,,,,,,,,,,,,,,,,,,,,,,,,,,,,,,,,,,,900,950,1040,900,950,922.5,917,920,1027,1095,1050,1000,995
"San Diego","CA","San Diego","San Diego",8,,,,,,,,,,,,,,,1350,1350,1350,1395,1299,1347.5,1350,1297.5,1350,1385,1345,1325,1335,1275,1200,1250,1200,1200,1195,1250,1295,1300,1347.5,1300,1300,1300,1300,1425,1395,1300,1325,1400,1450,1395,1395,1445,1595,1495,1475,1475,1400,1395,1397.5,1395,1395,1450,1395,1375,1400,1475,1550,1550,1595,1495,1500,1595,1700,1695,1795,1672.5,1695,1595,1550,1550,1595,1595,1500,1500,1645,1695,1650,1650,1695,1695,1700,1700,1700
"Dallas","TX","Dallas-Fort Worth","Dallas",9,,,,,,,,,,,,,,,,,,,,,,,,,,,,,,,,,,,,,,,,,,,,,,,,,,1297,1129,1200,1150,1268,1210,1300,1421,1423,1411.5,1300,1275,1275,1230,1200,1135,1150,1135.5,1095,1141,1195,1100,1100,1217,1350,1302.5,1250,1195,1170,1210,1195,1200,1150,1271.5,1295,1305,1395,1250,1300.5,1345,1402.5,1295
"San Jose","CA","San Jose","Santa Clara",10,,,,,,,,,,,,,,,,,,,,,,,,,,,,,,,,,,,,,,,,,,,,,,,,,,,,,,,,,,,,,,,,,,,,,,,,,,2595,2500,2095,2145,1895,1800,1900,1950,1875,1950,2100,2095,2100,2197.5,2200,2250,2147.5,2245
"Jacksonville","FL","Jacksonville","Duval",11,,,,,,,,,,,,,,,745,739.5,747.5,680,675,650,650,650,750,750,852.5,897,917,797.5,712,723.5,775,754.5,750,750,750,690,697.5,719,719.5,709.5,750,750,750,750,707,800,810,813,813,813,750,785,782.5,725,725,750,675,695,675,697.5,795,795,795,875,795,885,850,837.5,800,795,825,830,840,875,875,900,950,900,895,875,911,795,850,875,855.5,950,925,995,900,895,949.5
"San Francisco","CA","San Francisco","San Francisco",12,,,,,,,,,,,,,,,,,,,,,,,,,,,,,,,,,,,3200,3200,3350,3350,3500,3850,3900,3800,3495,3200,3298.5,3400,3400,3195,3200,3485,3750,3650,3800,3822.5,3995,3990,3950,4000,4050,4000,3950,3995,3967.5,4007.5,4000,4200,3800,3812.5,4000,4000,4400,4400,4200,4200,4400,3925,4040,3475,3595,3400,3407.5,3299.5,3400,3495,3500,3550,3600,3595,3700,3595,3550
"Austin","TX","Austin","Travis",13,,,,,,,,,,,,,,,,,,,,,,,,,1275,1250,1225,1095,1025,1025,1050,1025,1077.5,1050,1095,1000,950,979,1050,1055.5,1072,1050,1034.5,1026.5,1070,1022,1037,1100,1166,1178,1200,1102,1195,1200,1200,1200,1150,1150,1200,1200,1217,1299,1250,1285,1250,1275,1325,1375,1377.5,1327.5,1375,1325,1350,1350,1350,1300,1275,1290,1297.5,1253.5,1227.5,1250,1295,1295,1300,1350,1350,1300,1350,1300,1300
"Fort Worth","TX","Dallas-Fort Worth","Tarrant",14,,,,,,,,,,,785,715,750,715,695,700,725,725,720,699.5,695,695,707.5,761,770,750,758,750,748,757.5,765,750,775,775,767.5,750,784.5,778.5,750,765,775,770,770,775,725,800,750,750,750,775,777.5,753.5,725,720,725,716,716,725,750,799,799,795,770,750,740,800,715,797,849.5,825,850,923,900,900,902.5,900,895,980,962.5,905,930,900,975,950,950,975,1000,999,999,1058,1050
"Detroit","MI","Detroit","Wayne",15,,,,,,,,,,,,,,,,,,,,537.5,550,550,550,550,575,590.5,600,600,570,575,550,550,550,550,550,550,550,550,550,550,550,550,550,550,550,550,550,550,550,550,550,550,600,600,550,550,550,550,600,600,600,575,575,575,600,625,625,625,600,595,600,600,600,625,615,650,685,650,670,625,637.5,600,600,615,615,650,675,645,650,650,675
"Columbus","OH","Columbus","Franklin",16,,,,,,,,,,,,,,,,,,,,,,,,,,,,,,,,,,,,,,,,,,,,,,,,,,,,,,,,,,,,,,,,,,,,,,,,,,,,,,,,900,750,850,895,899,930,967.5,949.5,917.5,900,850,999
"Charlotte","NC","Charlotte","Mecklenburg",17,,,,,,,,,,,,,,,,,,,,,,,,,,,,,,,,,,,,,,,,,,,,,,,,,,,,,,,,,,,,,,,,,,,,,,,,,,,,1050,995,1030,1025,875,1025,922.5,1074.5,1078,1100,1147.5,1086,1129,1000,981.5,895
"El Paso","TX","El Paso","El Paso",18,,,,,,,,,,,,,,,,837.5,810,795,850,825,825,825,865,855,855,797.5,750,850,865,795,775,775,750,757.5,750,750,798.5,825,800,800,795,795,795,795,697,795,750,762.5,775,795,750,800,800,800,795,800,795,800,800,825,800,800,812.5,835,795,765,795,800,795,800,800,795,835,850,850,850,850,850,825,775,799,795,800,795,800,800,795,797.5,800,800,795
"Boston","MA","Boston","Suffolk",19,,,,,,,,,,,,,,,,,,,,,,,,,,,,,,,,1900,2200,2250,2350,2200,2100,2035,2000,2100,2175,2200,2350,2395,2400,2360,2400,2400,2357.5,2375,2300,2250,2250,2200,2200,2275,2300,2300,2400,2400,2350,2375,2300,2300,2300,2300,2300,2300,2350,2400,2475,2500,2500,2400,2460,2500,2400,2400,2500,2495,2350,2400,2599,2570.5,2575,2600,2600,2600,2595,2550,2550
"Seattle","WA","Seattle","King",20,,,,,,,,,,,1095,1097.5,1050,1000,1065,1122.5,1195,1160,1195,1195,1150,1150,1195,1185,1150,1150,1100,1195,1215,1295,1250,1250,1250,1250,1250,1250,1200,1195,1225,1250,1262.5,1375,1350,1295,1325,1295,1275,1250,1263,1295,1350,1300,1350,1375,1425,1450,1350,1345,1350,1375,1395,1350,1350,1395,1450,1495,1495,1495,1495,1450,1475,1495,1495,1495,1595,1495,1550,1550,1580,1595,1512.5,1500,1500,1595,1595,1595,1647,1625,1600,1600,1550
"Baltimore","MD","Baltimore","Baltimore City",21,,,,,,,,,,,,,,,,,,,740,775,800,800,900,929,962.5,909,925,885,875,862.5,875,879,900,900,875,825,875,900,900,900,900,900,900,900,900,950,925,900,950,950,950,900,900,900,900,900,900,875,900,895,900,950,950,927,950,950,906,900,900,900,900,900,900,900,950,1025,950,1000,997,962.5,950,950,1000,1000,995,1000,1025,1000,995,985,975
"Denver","CO","Denver","Denver",22,,,,,,,,,,,,,,,,,,,,,,,,,,,,,,,,,,,,,,,,,,,,,,,,,,,,,,,,,,,,,,,,,,,,,,,,,,,1195,1140,1160,1195,1150,1152.5,1150,1100,1140,1150,1195,1220,1215,1200,1230,1225,1270
"Washington","DC","Washington","District of Columbia",23,,,,,,,,,,,,,,,,,,,,,,,,,,,,,,,,,,,,,,,,,,,,,,,,,,,,,,,,,,,,,,,,,,,,,,,,,,,,,,2250,2225,2270.5,2150,2087.5,2000,2163,2220,2222.5,2350,2400,2395,2400,2300
"Milwaukee","WI","Milwaukee","Milwaukee",24,,,,,,,,,,,,,,,,,,,,,,,,,,,,,,,,,,,,,,,,,,,,,,,,,,,,,,,,,,,,,,,,,,,,,,,735,700,745,775,775,750,757.5,690,725,725,700,750,705,700,745,769.5,750,750,760,750,745
"Tucson","AZ","Tucson","Pima",25,,,,,,,,,,,,595,600,695,695,675,675,650,650,625,612.5,625,600,615,650,650,630,627.5,595,595,580,595,625,625,625,650,649.5,600,600,625,600,605,595,599,600,600,615,625,625,625,625,625,625,607.5,600,600,600,600,625,645,645,625,600,600,600,600,650,650,625,650,650,650,675,695,650,675,625,650,650,625,600,662.5,705,725,750,750,750,750,750,725,695
"Portland","OR","Portland","Multnomah",26,,,,,,,,,,,,,,,,,,,,,799,889,850,895,950,899,900,935,925,895,895,949,925,925,945,975,945,962.5,995,995,995,1045,1050,1045,1100,1195,1150,1095,1150,1195,1175,1097.5,1225,1195,1182.5,1175,1155,1185,1195,1195,1212.5,1225,1225,1250,1340,1295,1350,1395,1395,1395,1445,1450,1400,1395,1395,1425,1395,1350,1295,1295,1325,1290,1330,1295,1295,1350,1375,1395,1350,1395,1325
"Oklahoma City","OK","Oklahoma City","Oklahoma",27,,,,,,,,,,,,,,,,,,,,,,,,,,,,,,650,550,575,575,575,600,575,550,575,650,625,574,650,599,582,570,599.5,600,600,600,595,595,575,575,575,570,575,595,595,595,595,595,595,595,600,625,625,650,659,645,750,750,750,730,700,700,805,750,775,725,725,795,725,802,825,825,797.5,800,800,795,775,797
"Omaha","NE","Omaha","Douglas",28,,,,,,,,,,,,,,,,,,,,,,,,,,,,,,,,,,,,,,,,,,,,,,,,,,,,,,,,,,,,,,,,,,,,,,,725,750,795,750,750,730,724.5,695,685,724.5,717,625,660,725,800,899.5,795,750,740,750,735
"Albuquerque","NM","Albuquerque","Bernalillo",29,,,,,,,,,,,,,,,,,,,,,,,,,,573,573,595,595,640,595,595,590,580,592.5,599,599,575,592.5,575,575,575,595,599.5,595,600,600,597,595,597,550,550,550,550,550,575,550,550,550,575,575,575,575,575,585,559.5,550,560,592.5,625,625,650,662.5,652.5,659,655,625,597.5,612.5,600,650,600,650,630,600,600,625,675,625,648,650
"Fresno","CA","Fresno","Fresno",30,,,,,,,,,,,,,,,,,,,,,,,,653,675,699,692,675,695,695,675,695,687.5,680,695,675,695,705,685,675,650,675,650,593,675,685,697,700,700,700,700,705,700,700,700,695,675,675,675,675,682.5,695,700,710,700,695,700,725,725,730,695,700,700,695,695,700,700,700,725,775,685,750,795,725,725,750,750,750,750,750,762.5
"Sacramento","CA","Sacramento","Sacramento",31,,,,,,,,,,,797.5,797.5,812.5,850,799.5,795,799,850,825,807.5,800,847.5,850,850,850,857.5,802.5,825,825,817,795,800,800,795,800,795,800,795,750,750,775,775,775,775,800,760,800,800,800,800,800,795,795,850,850,860,850,822.5,820,825,850,899.5,900,895,895,895,925,925,900,920,925,925,910,900,975,995,995,970,980,1095,995,1050,1050,1095,1195,1195,1200,1275,1245,1195,1195
"Mesa","AZ","Phoenix","Maricopa",32,,,,,,,,,,,,,,,,,562.5,550,550,550,549.5,560,555,550,559.5,550,625,617,600,595,595,595,575,575,575,575,575,599,577.5,595,625,650,646,660,699,695,695,695,695,697.5,649,650,661.5,657.5,600,617.5,650,675,635,575,625,695,670,650,650,625,650,682,725,699.5,650,650,650,700,745,700,699,675,749,700,725,697.5,725,741,781.5,795,795,795,795,791.5,799
"Long Beach","CA","Los Angeles-Long Beach-Anaheim","Los Angeles",33,,,,,,,,,,,,,,,,,,1195,997.5,995,1050,1050,1100,1095,1100,1200,1195,1150,1200,1100,1095,1100,1100,1100,1175,1195,1200,1230,1150,1195,1195,1150,1095,1095,1175,1100,1150,1150,1100,1100,1095,1095,1095,1100,1050,1095,1095,1100,1200,1250,1225,1195,1195,1150,1185,1250,1247.5,1250,1295,1450,1495,1495,1430,1495,1400,1400,1325,1375,1297.5,1395,1350,1395,1395,1425,1425,1472.5,1495,1525,1500,1495,1450
"Kansas City","MO","Kansas City","Jackson",34,,,,,,,,,,,,,,,,,,,,,,,,,,,,,,,,,,,,,,,,,,,,,,,,,,,,,750,800,800,750,797.5,752.5,755,752.5,800,925,950,945,862,825,795,800,895,950,920,917.5,900,900,925,950,950,912.5,900,1010,925,930,897.5,982.5,995,995,1095,1000,1025,1150,1150
"Virginia Beach","VA","Virginia Beach","Virginia Beach City",35,,,,,,,,,,,995,950,995,950,985,1100,1172.5,1000,1069,1025,997.5,1059.5,1037.5,1097.5,1149.5,1124.5,1095,1100,1072.5,997,995,1000,1037.5,995,972,995,1100,1100,1100,1100,1050,1095,1067.5,1035,1050,1095,1085,1050,1050,1050,1100,1162.5,1100,1100,1150,1125,1195,1150,1100,1150,1185,1100,1150,1150,1150,1150,1112.5,1150,1200,1150,1195,1100,1150,1325,1250,1270,1200,1200,1100,1100,1025,1100,1195,1195,1197,1195,1125,1150,1245,1275,1250
"Colorado Springs","CO","Colorado Springs","El Paso",36,,,,,,,,,,,,,,,,,,,,,,685,717.5,725,700,690,735,650,600,595,595,599,590,600,600,637,625,600,555,595,599.5,600,605,600,650,650,650,650,650,675,650,625,650,675,662.5,675,675,670,650,675,677,670,675,685,695,700,700,700,700,700,695,722.5,810,775,785,767.5,785,725,775,750,750,750,775,775,770,800,800,775,800,825,825
"Atlanta","GA","Atlanta","Fulton",37,,,,,,,,,,,,,,,,,,,,,,,,,,,,,,,,,,,,,,,,,,,,,,,,,,,,,,,,,,,,,,,,,,,,,,,,,,,,1350,1200,1375,1550,1400,1295,1377.5,1150,1185,1326,1395,1400,1453,1496.5,1610,1550
"Miami","FL","Miami-Fort Lauderdale","Miami-Dade",38,,,,,,,,,,,,,,,,,,,,,,,,,,,,,,,,,,,,,,,,,,,,,,,,,2350,2400,2450,2200,2200,2200,2350,2350,2150,2150,2100,2200,2200,2250,2200,2200,2200,2200,2200,2300,2400,2399,2400,2400,2490,2300,2300,2350,2400,2250,2370,2350,2350,2300,2300,2300,2330,2350,2400,2400,2400,2400,2400
"Tulsa","OK","Tulsa","Tulsa",39,,,,,,,,,,,,,,,,,,,,,,,,,,,,,,,,,,,,,,,,,,,,,,,,,,,,,,,,,,,,,,,,,,,,,,,,,,,,,812.5,762.5,797,767.5,795,750,775,750,725,700,685,685,685,685,685
"Cleveland","OH","Cleveland","Cuyahoga",40,,,,,,,,,,,,,,,,,,,,,,,,,,,,,,,,,,,,,,,,,,,,,,,,,,,,,,,,,,,,,,,,,,,,,,,,,,,,,,,,650,625,605,625,650,650,650,635,635,650,650,650
"Honolulu","HI","Urban Honolulu","Honolulu",41,,,,,,,,,,,,,,,,,,,,,,,,,,,,,,,,,,,1850,1950,1650,1650,1600,1762.5,1762.5,1597.5,1600,1500,1600,1522.5,1550,1522.5,1460,1550,1800,1850,1850,1650,1500,1675,1975,2025,1875,1900,2000,1950,1800,1800,1800,1900,1787.5,1522.5,1650,1800,1962.5,1800,1800,1800,1797.5,1500,1545,1450,1600,1500,1500,1622.5,1600,1650,1600,1600,1600,1547.5,1685,1700,1800
"Minneapolis","MN","Minneapolis-St Paul","Hennepin",42,,,,,,,,,,,,,,,,1125,1100,1035,950,990,962.5,950,985,1095,1139,1050,1095,1024,975,995,999,1050,1025,975,950,995,1095,1100,1075,1050,1050,1150,1287.5,1350,1380,1150,1100,1095,1090,1075,1150,1195,1100,1100,1100,1100,992.5,995,995,995,999,975,995,1050,1100,1145,1125,1135,1295,1377.5,1390,1398,1380,1390,1300,1196.5,1200,1250,1312.5,1300,1299.5,1300,1300,1300,1300,1300,1350,1350,1300,1300,1295
"Arlington","TX","Dallas-Fort Worth","Tarrant",43,,,,,,,,,,,,,,,,,885,820,805,795,731.5,725,741.5,739,775,762.5,739,800,850,750,750,767.5,750,775,795,775,775,775,807,807,800,800,797.5,795,725,800,800,800,800,825,830,867.5,890,882,850,850,800,800,800,925,875,900,874.5,937.5,925,895,902,899,865,901,902,950,940,997.5,1025,1050,975,1050,1095,950,913.5,925,927.5,1000,1050,1035,1027.5,1062.5,1095,1095,997.5
"Wichita","KS","Wichita","Sedgwick",44,,,,,,,,,,,,,,,,,,,,,,,,,,,,,,,,,,,,,,,,,,,,,,,,,,,,,,,,,,,,,,,,,,,,,,,,,,,,,,597.5,600,602.5,575,590,675,650,740,750,695,687.5,690,665,675
"Tampa","FL","Tampa","Hillsborough",45,,,,,,,,,,,,,,,,,,,,,,,,,,,,,,,,,,,,,,,,,,,,,,,,,,,,,,,,,,,,,,,,,,,,,,,,,,,1000,1050,1050,1195,1150,1125,1159,1150,1150,1100,1145,1150,1175,1150,1150,1150,1150
"Saint Louis","MO","St. Louis","Saint Louis City",46,,,,,,,,,,,625,625,625,645,625,657.5,650,625,605,600,625,625,650,650,650,650,675,650,675,650,650,625,600,600,600,625,625,650,650,650,650,650,650,700,700,699.5,650,650,650,670,650,625,600,650,650,650,650,675,700,675,695,695,675,700,675.5,675,695,650,675,675,695,675,675,710,685,715,700,695,650,675,712.5,697.5,750,750,750,750,750,725,750,750,750
"Pittsburgh","PA","Pittsburgh","Allegheny",47,,,,,,,,,,,,,,,,,,,,,,,,,,,,,,,,,,,,,,,,,,,,980,950,950,975,925,900,925,1025,990,997,1000,1000,1030,925,925,925,900,950,995,999,1095,1057.5,1045,1000,1000,1092.5,1000,1025,1005,1045,1095,1100,1099,1050,997,995,947.5,1025,995,975,995,1025,1095,1095,1099.5,1117,1150,1125
"Anchorage","AK","Anchorage","Anchorage",48,,,,,,,,,,,,,,,,,,,,,,,,,,,,,,,,,,,,,,,,,,,1400,1425,1497.5,1400,1400,1285,1250,1200,1250,1160,1250,1267.5,1300,1250,1350,1350,1250,1197,1175,1150,1200,1250,1250,1200,1250,1199,1350,1450,1350,1350,1400,1430,1347.5,1297.5,1300,1250,1270,1350,1375,1200,1250,1200,1200,1100,1195,1095,1200,1200,1237.5
"Bakersfield","CA","Bakersfield","Kern",49,,,,,,,,,,,,,,,,,,,,,,,,,,,,,695,697.5,670,675,700,700,697.5,675,675,695,700,750,750,725,725,725,725,725,795,825,825,825,800,750,725,775,755,725,725,725,725,750,750,750,775,775,750,775,750,725,750,800,750,775,785,795,812.5,812.5,812.5,825,850,825,895,825,840,825,800,860,895,895,860,850,799
"Saint Paul","MN","Minneapolis-St Paul","Ramsey",50,,,,,,,,,,,,850,850,837.5,850,950,992.5,950,930,930,885,895,885,895,900,931,924,899,885,900,900,900,900,900,895,900,904,950,942.5,995,950,1032,1003,1006,950,925,910,865,850,862.5,950,975,925,950,895,850,812.5,830,850,855,850,825,825,842,842.5,845,825,850,887.5,950,1000,999,999,925,997,985,895,925,900,897.5,875,895,899.5,900,900,919.5,925,990,925,900,915
"Toledo","OH","Toledo","Lucas",51,,,,,,,,,,,,,,,,,,,,,,,,,,,,,,,,,,,,,,,,,,,,,,,,,,,,,,,,,,,,,,,,,,,,,,,,,,,510,570,597.5,587.5,550,575,550,565,572,564.5,575,575,550,575,550,562.5,550
"Lexington","KY","Lexington","Fayette",52,,,,,,,,,,,,,,,,,,,,,,,,,,,,,,,,,,654,737.5,700,750,654,760.5,765.5,725,810,815.5,825,759,750,722.5,767,750,757.5,775,745,720,720,720,699,725,750,699,699,675,719,725,719,719,650,650,650,747.5,750,759.5,800,799,750,788,799,765,697.5,759,747.5,700,738.5,775,750,759,775,799,759,800,797,795
"Newark","NJ","New York","Essex",53,,,,,,,,,,,,,,,,,,,,,,,,,,1350,1325,1200,1195,1200,1200,1162.5,1200,1225,1200,1200,1200,1200,1000,1100,1200,1200,1150,1150,1200,1200,1200,1200,1200,1200,1200,1200,1150,1137.5,1197.5,1195,1165,1200,1200,1200,1200,1200,1250,1200,1225,1250,1170,1150,1165,1197,1195,1192.5,1200,1167,1197,1250,1300,1142.5,1225,1200,1300,1200,1222.5,1350,1300,1300,1300,1300,1300,1325,1300
"Tallahassee","FL","Tallahassee","Leon",54,,,,,,,,,,,,,,,,,,,,,,,,,,,,,,,,,,,,,,,,,,,,,,,,,,,,,,,,,,,,,,,,,,,750,750,762.5,825,850,812.5,800,800,795,785,850,722.5,775,800,750,837.5,762.5,687.5,750,750,712.5,742.5,795,750,750
"Buffalo","NY","Buffalo","Erie",55,,,,,,,,,,,,,,,,,,,,,,,,,,,,,,562.5,550,555,600,550,550,550,550,600,600,600,600,600,600,600,600,650,650,650,650.5,650,650,650,650,675,667.5,700,750,725,685,675,700,700,662.5,700,750,700,700,700,700,700,700,750,800,775,775,800,800,795,797.5,800,850,800,850,825,800,855,875,850,900,850,850
"Louisville","KY","Louisville/Jefferson County","Jefferson",56,,,,,,,,,,,,,,,,,,,,,,,,,,,,,,,,,,,,,,,,,,,,,,,,,,,,,,,600,590,590,600,625,650,650,644.5,650,625,625,625,625,625,625,645,647.5,650,685,700,720,675,750,700,697.5,710,700,695,725,695,775,725,725,750,850,797.5,800
"Jersey City","NJ","New York","Hudson",57,,,,,,,,,,,,,,,,1662.5,1637.5,1700,1500,1600,1500,1600,1500,1500,1500,1500,1599.5,1500,1500,1475,1600,1525,1500,1500,1595,1500,1577.5,1530,1580,1585,1800,1800,1800,1800,1950,1950,1700,1612.5,1600,1600,1600,1575,1600,1530,1500,1600,1600,1560,1600,1600,1600,1680,1650,1700,1750,1800,1850,1750,1850,1800,1695,1850,1850,2050,1875,1850,1800,1800,1925,1962.5,2000,1800,1800,1850,2100,1962.5,2062.5,2000,2100,1900,1800
"Lubbock","TX","Lubbock","Lubbock",58,,,,,,,,,,,,,,,,,,,,,,,,,,,,,,,,,,,,,,,,,,,,,,,,,,,,,,,,,,,,,,,,,750,700,695,750,795,800,825,800,800,825,837.5,825,750,750,650,687,700,799,750,750,825,875,897.5,900,875,850,825
"Norfolk","VA","Virginia Beach","Norfolk City",59,,,,,,,,,,850,795,795,825,850,825,790,750,725,750,730,725,725,725,750,750,750,781,795,795,778.5,775,795,788.5,782,750,775,750,795,778.5,785,795,790,785,792.5,795,800,800,795,800,800,800,800,850,825,795,775,775,775,750,750,775,780,795,800,799.5,775,775,750,800,795,795,800,795,797.5,795,799,795,795,775,795,795,795,775,825,850,850,850,850,850,842.5,825
"Saint Petersburg","FL","Tampa","Pinellas",60,,,,,,,,,,,,,,,,,700,672.5,682.5,690,667.5,650,650,725,725,725,750,675,675,675,675,675,704.5,670,660,668.5,650,665,675,670,695,678.5,700,740,750,725,714,712,712,712,700,725,700,707,715,725,721,725,750,792.5,763.5,800,801,787.5,772,800,800,795,800,800,800,800,800,845,800,850,850,950,875,820,850,820,810,875,950,950,950,925,950,895,900
"Madison","WI","Madison","Dane",61,,,,,,,,,,,,,,,,,,,,,,,,,,,,,,,,,,,,,,,,,,,,,,,,,,,,,,,,,,,,,,,,,,,,,,,,,,,,1025,947,1050,999,1160,1265,1100,1220,1195,1125,1095,1095,1105,1100,1110,1055
"Springfield","MO","Springfield","Greene",62,,,,,,,,,,,,,,,,,,,,,,,,,,,,,,,,,,,,,500,495,475,450,450,450,495,500,495,495,475,495,495,495,450,475,475,475,475,495,500,499,495,495,485,505,500,495,495,495,495,495,495,495,495,495,485,550,475,495,485,475,495,495,495,495,495,495,550,597.5,595,500,550,517,497.5
"Rochester","NY","Rochester","Monroe",63,,,,,,,,,,,,,,,,,,,,,,675,650,645,612.5,650,695,695,650,650,625,625,675,625,655,640,650,697.5,675,737.5,725,712.5,675,695,695,650,660,650,675,675,675,675,675,695,685,695,685,675,650,675,675,695,700,725,700,700,700,707.5,750,695,675,700,700,700,700,725,725,725,750,700,700,750,720,710,725,750,785,795,800,795,750
"Winston-Salem","NC","Winston-Salem","Forsyth",64,,,,,,,,,,,,,,,,,,,,,,,,,,,,,,,,,,,,,,,,,,,,,,,,,,,,,,,,,,,,,,,,,,,,,,,,595,612.5,635,725,662.5,625,685,675,600,665,610,540,535,575,650,675,575,545,535,545
"Richmond","VA","Richmond","Richmond City",65,,,,,,,,,,,,,,,,,,,,,,,,750,750,790,800,795,699.5,699,700,782.5,805,800,795,800,750,775,862.5,850,850,875,800,814,800,850,875,875,875,875,875,912.5,850,849.5,850,849,849,800,850,850,855,875,900,850,895,900,950,900,899,987,950,950,999,1035,995,999,999,995,937.5,925,882.5,885,875,900,1050,1095,1099,1100,1152,1015,1000
"Reno","NV","Reno","Washoe",66,,,,,,,,,,,,,,,,,,,575,625,600,595,600,600,612.5,625,625,600,595,585,597,595,595,565,550,550,595,595,560,550,550,600,625,600,650,595,595,575,600,600,603,600,600,595,567.5,595,622.5,625,622.5,625,625,622.5,595,597,600,635,625,625,650,725,700,695,699.5,695,707.5,650,675,750,695,725,695,750,707.5,775,725,750,797.5,850,825,895,885
"Spokane","WA","Spokane","Spokane",67,,,,,,,,,,,,,,,,,,,,,,,,,,,,,,,,,,,,,,,,,,,,,,,,,,,,,,,,,,,,,,,,,,,,,,,,,,640,650,637.5,627.5,672.5,695,672.5,650,650,750,695,695,695,745,750,750,737.5,725
"Tacoma","WA","Seattle","Pierce",68,,,,,,,,,,,,,,,,,,,750,750,750,745,753.5,750,792.5,841,750,762.5,725,795,795,762.5,800,762.5,750,790,750,725,762.5,775,785,775,785,825,895,895,895,875,850,850,895,875,895,900,892,825,795,825,850,850,875,875,952.5,925,950,965,955,897,975,970,965,962.5,975,965,975,965,985,950,965,1005,999,985,975,995,1005,1000,1025,1050,1075,1050,1050
"Grand Rapids","MI","Grand Rapids","Kent",69,,,,,,,,,,,,,,,,,,,,575,562.5,550,575,575,595,625,600,600,600,610,600,625,625,600,600,600,620,695,650,675,667.5,650,675,675,675,695,725,725,712.5,725,700,785,750,725,750,700,725,695,700,700,762.5,797.5,775,800,800,800,770,750,765,775,725,750,850,900,885,897.5,900,800,800,800,800,800,795,900,907.5,1037.5,1012.5,1050,999,900,950
"Boise","ID","Boise City","Ada",70,,,,,,,,,,,,,,,,,595,620,625,625,625,625,595,600,625,625,625,625,625,630,625,625,625,625,625,625,650,650,650,650,635,625,625,625,625,650,670,665,660,660,667.5,675,675,695,675,675,700,675,675,710,735,725,695,695,725,725,750,795,795,795,700,725,775,725,725,750,750,775,825,810,725,835,810,820,825,825,825,795,795,795,850
"Salt Lake City","UT","Salt Lake City","Salt Lake",71,,,,,,,,,,,,,,,,,,,,,,,,,,,,,,,,667.5,735,750,799,750,775,750,750,712.5,750,750,715,725,775,762.5,770,765,750,750,775,780,785,775,775,755,767.5,800,775,790,795,799.5,797,800,825,792.5,825,800,850,787.5,807.5,800,845,850,850,780,795,800,795,792.5,795,795,800,875,875,850,850,850,875,899,910
"Rockford","IL","Rockford","Winnebago",72,,,,,,,,,,,,,,,,,,,,,,,,,,,,,,,,,,,,,,,,,550,550,500,525,525,525,500,525,525,537.5,550,540,550,540,540,540,525,500,537.5,550,550,550,542.5,550,550,550,575,575,550,575,595,575,595,550,595,560,600,575,595,575,600,597.5,595,595,595,595,595,600,612.5,600,600
"Worcester","MA","Worcester","Worcester",73,,,,,,,,,,,,,,,,,,,,,,,,,950,950,937.5,937.5,950,912.5,950,975,975,1000,995,985,952.5,955,995,995,1000,995,985,975,975,995,1000,995,1000,1000,995,1000,1075,1025,1000,1000,1000,1050,1097.5,1075,1100,1100,1100,1100,1125,1100,1095,1100,1150,1100,1100,1200,1200,1150,1200,1200,1175,1112.5,1100,1150,1200,1150,1200,1200,1250,1250,1250,1300,1250,1212.5,1300
"Providence","RI","Providence","Providence",74,,,,,,,,,,,,,,,,,,,,,,,850,850,995,995,995,1000,1050,900,950,950,950,937.5,995,1050,1200,1200,1100,1100,1150,1200,1200,1200,1099,1150,1200,1100,1112.5,1200,1350,1350,1300,1400,1400,1200,1300,1350,1500,1500,1500,1475,1350,1350,1350,1350,1400,1350,1450,1400,1500,1460,1500,1500,1500,1500,1500,1350,1400,1487.5,1500,1350,1500,1400,1500,1500,1500,1525,1500,1550,1550
"Yonkers","NY","New York","Westchester",75,,,,,,,,,,,1600,1612.5,1550,1625,1637.5,1650,1637.5,1622.5,1572.5,1550,1700,1525,1600,1575,1575,1525,1550,1550,1550,1550,1500,1475,1480,1475,1550,1587.5,1550,1450,1450,1450,1500,1450,1500,1500,1450,1500,1500,1500,1450,1450,1400,1400,1425,1450,1500,1475,1400,1450,1500,1550,1600,1550,1550,1553,1589.5,1562.5,1725,1700,1700,1700,1700,1700,1750,1712.5,1750,1750,1750,1675,1700,1750,1706,1700,1700,1800,1750,1800,1809,1797.5,1822,1800,1850
"Fort Lauderdale","FL","Miami-Fort Lauderdale","Broward",76,,,,,,,,,,,,,,,,,,,,,,,,,1300,1200,1137.5,1100,1000,1050,1095,1062.5,1100,1100,1175,1175,1200,1250,1217.5,1235,1300,1300,1362.5,1400,1400,1400,1350,1300,1275,1275,1250,1250,1235,1235,1255,1400,1429,1450,1350,1337.5,1295,1397,1350,1350,1398.5,1350,1350,1400,1425,1400,1350,1400,1400,1450,1400,1450,1423.5,1450,1450,1350,1500,1400,1400,1400,1497,1448.5,1475,1450,1450,1400,1425
"Killeen","TX","Killeen","Bell",77,,,,,,,,,,,,,,,,,,,,,,,,,,595,635,595,595,595,600,595,600,597.5,580,575,580,595,595,625,625,625,600,600,590,595,575,595,595,595,580,595,595,600,599,599.5,600,597,600,595,600,600,602.5,625,600,625,625,635,650,622.5,625,625,625,612.5,600,625,597,595,637.5,575,625,607.5,625,625,627.5,625,625,625,620,600,599
"Tempe","AZ","Phoenix","Maricopa",78,,,,,,,,,,,,,,,,,,,,,,,,829,829,819,829,819,695,702,782,795,812,795,799,850,750,737,797,749.5,737.5,742.5,770,780,799,799,835,830,825,835,885,845,800,799,797,795,812.5,815,830,845,799,825,825,799.5,794,799,795,755,800,800,825,840,900,799,835,842.5,850,817,825,825,799,797,850,850,850,950,937.5,975,975,940,925
"Vancouver","WA","Portland","Clark",79,,,,,,,,,,,,,,,,,,,,,,,,,,,,,,,,,,,,,,,,,,,,,,,,,,,,,,,,,,,,,,,,,,,,,,,,,,,,1050,1000,1075,995,1150,1095,1050,1095,1015,1030,1122.5,1199,1150,1150,1100,1100
"Huntsville","AL","Huntsville","Madison",80,,,,,,,,,,,,,,,,,,,,,,,,,,,,,,,,,,,,,,,,,,,,,,644,550,550,550,550,525,550,525,550,525,525,505,499,500,425,475,470,470,475,475,495,475,475,500,499,495,499,500,500,500,500,525,497,449.5,499,475,495,485,495,500,500,507.5,525,525,500,510
"Pembroke Pines","FL","Miami-Fort Lauderdale","Broward",81,,,,,,,,,,,,,,,,,,,,,,,,,,,,,,,,,,,,,,,,,,,,,,,,,,,,,,,,,,,,,,,1450,1450,1450,1450,1412.5,1425,1450,1450,1475,1500,1600,1450,1450,1450,1462.5,1450,1500,1450,1475,1525,1587.5,1500,1550,1550,1550,1600,1675,1749,1750
"Clarksville","TN","Clarksville","Montgomery",82,,,,,,,,,,,,,,,,,,,,,,,,,,,,,,,,,,,,,,,,,,,,,,,,,,,,,,,,,,,,,,,,,,,,,,,,,,,,695,634.5,695,650,650,650,650,750,725,750,725,695,650,625,675,625
"Boynton Beach","FL","Miami-Fort Lauderdale","Palm Beach",83,,,,,,,,,,,,,,,,,,,,,,,,,,,,,,,,,,,,,,,,,,,,,,,,,,,,,,,,,,,,,,,,,,,,,,,,,,,,,,,,1552.5,1450,1500,1625,1622,1587.5,1605.5,1500,1500,1475,1450,1500
"Hollywood","FL","Miami-Fort Lauderdale","Broward",84,,,,,,,,,,,,,,,,,,,,,,,,,,,,,,,,,,,,,,,,,,,,,,,1600,1450,1425,1475,1650,1450,1372.5,1485,1400,1400,1425,1499,1450,1585,1500,1500,1400,1350,1325,1400,1400,1300,1300,1400,1450,1400,1487.5,1500,1500,1450,1450,1412.5,1400,1500,1400,1400,1450,1350,1400,1400,1400,1400,1400,1425,1450
"Lakewood","CO","Denver","Jefferson",85,,,,,,,,,,,,,,,,,,,,,,,,,,,,,,,,,,,,,,,,,,,,,,,,,,,,,,,,,,,,,,,,,,,,,,,,,,,,,,,,1150,1055,1100,1154,1135,1100,1115,1205,1212.5,1220,1215,1210
"Bridgeport","CT","Stamford","Fairfield",86,,,,,,,,,,,,,,,,1100,1150,1125,1050,1090,1000,1037.5,1125,1150,1150,1200,1200,1100,1200,1200,1200,1100,1100,1100,1100,1100,1200,1200,1150,1125,1100,1100,1100,1100,1100,1150,1115,1100,1100,1100,1100,1000,1100,1100,1100,1100,1000,950,1050,1100,1100,1150,1200,1200,1200,1200,1190,1200,1250,1250,1200,1200,1200,1200,1200,1200,1250,1200,1175,1200,1200,1240,1250,1200,1200,1250,1250,1250,1220,1250,1250
"Eugene","OR","Eugene","Lane",87,,,,,,,,,,,,,,,,,,,,,,,,,,,,,,,,,,,,,,,,,,,,,,,,,,,,,,,,,,,,,,,,,,,,,,,,,950,995,910,795,850,795,737.5,795,795,867.5,895,995,995,995,995,995,950,950,950
"New Haven","CT","New Haven","New Haven",88,,,,,,,,,1000,975,950,950,1000,1150,1200,1100,1150,1125,1125,1195,1100,1100,1200,1150,1100,1195,1200,1200,1200,1200,1150,1100,1100,1100,1100,1100,1150,1200,1200,1137.5,1200,1200,1200,1200,1195,1197.5,1100,1100,1100,1150,1195,1182.5,1195,1195,1200,1200,1200,1150,1150,1150,1180,1200,1200,1250,1250,1250,1200,1200,1200,1200,1150,1175,1200,1212.5,1200,1195,1250,1250,1150,1200,1150,1200,1200,1250,1300,1350,1300,1250,1225,1200,1195
"Miramar","FL","Miami-Fort Lauderdale","Broward",89,,,,,,,,,,,,,,,,,,,,,,,,1600,1639.5,1600,1600,1500,1500,1500,1500,1550,1600,1545,1550,1595,1600,1600,1600,1600,1600,1645,1600,1600,1600,1600,1575,1575,1595,1600,1670,1650,1625,1650,1650,1650,1650,1650,1600,1600,1650,1550,1550,1549.5,1550,1562.5,1500,1495,1500,1500,1642.5,1650,1700,1615,1615,1500,1575,1650,1625,1700,1650,1650,1700,1625,1700,1700,1706,1790,1712.5,1750,1750
"Coral Springs","FL","Miami-Fort Lauderdale","Broward",90,,,,,,,,,,,,,,,,,,,,,,,,,,1250,1222.5,1250,1237.5,1282.5,1325,1350,1250,1265,1262.5,1250,1250,1245,1194.5,1200,1225,1250,1250,1200,1200,1200,1200,1200,1200,1200,1300,1250,1300,1385,1375,1375,1362.5,1395,1395,1350,1300,1375,1400,1362.5,1300,1395,1350,1385,1300,1400,1450,1450,1450,1350,1500,1450,1400,1400,1397.5,1400,1350,1550,1500,1400,1400,1400,1425,1450,1425,1500,1450
"Hartford","CT","Hartford","Hartford",91,,,,,,,,,,,,,,,,,,,,,,,,,,875,875,900,900,900,900,875,862.5,862.5,825,850,850,862.5,862.5,887.5,900,850,825,800,800,850,850,850,850,850,867.5,867.5,860,860,855,875,895,875,900,900,950,900,875,850,850,900,900,900,950,930,940,950,950,950,1025,975,1000,950,925,980,975,950,1000,997.5,950,950,950,975,1000,1000,998
"Stamford","CT","Stamford","Fairfield",92,,,,,,,,,,,,,,,,,,,,,,,,,,,,,,,,,,,,,,,,,,,,,,,,,,,,,,,,,,,,,,,,,2000,1975,1937.5,1825,1900,1925,1750,1800,1800,1800,1897.5,1650,1700,1775,1700,1900,1850,1950,1750,1800,1795,1750,1875,1850,1900,1899,1800
"Billings","MT","Billings","Yellowstone",93,,,,,,,,,,,,,,,,,,,,,,,,,,,,,,,,,,,,,,,,,,,,,,,,,,,,,,,,,,,,650,650,655,650,675,695,675,695,665,675,657.5,650,650,662.5,695,675,650,625,650,675,675,595,637.5,647.5,695,652.5,650,650,695,685,685,690
"Waterbury","CT","New Haven","New Haven",94,,,,,750,762.5,775,775,800,775,795,795,775,775,775,762.5,750,750,750,775,762.5,775,775,775,797.5,795,775,775,775,800,775,750,775,750,750,775,795,800,800,750,750,775,795,800,800,800,800,800,800,800,800,800,800,800,800,850,825,800,800,800,825,800,800,800,800,825,800,800,800,800,825,800,800,850,800,837.5,800,800,812.5,800,800,800,825,800,800,837.5,850,800,837.5,850,850
"Manchester","NH","Manchester","Hillsborough",95,,,,,,,,,,,879,899,839,899,839,909,909,900,889,879,894,859,889,900,900,900,909,874,939,909,889,900,900,894.5,900,949.5,900,909.5,999,949.5,950,939,900,900,895,900,900,900,900,900,949,950,995,999,1000,979,982,995,975,950,969,989,999,989,959,954.5,1059.5,1019,999,999,995,1009,1049,1069,999,995,1100,1125,1150,1112.5,1112.5,1150,1067,1125,1099,1125,1197.5,1125,1125,1125,1100
"Cambridge","MA","Boston","Middlesex",96,,,,,,,,,,,2100,1995,1985,1950,1955,1980,1965,2100,2200,2400,2370,2420,2564,2420,2400,2200,2150,2200,2300,2400,2650,2600,2500,2499,2485.5,2583,2500,2475,2400,2300,2400,2500,2500,2500,2500,2575,2520,2505,2520,2590,2600,2575,2500,2600,2500,2450,2450,2400,2450,2450,2550,2550,2550,2500,2500,2500,2550,2500,2500,2400,2500,2580,2600,2650,2700,2600,2650,2600,2600,2550,2500,2544.5,2575,2600,2733,2800,2755,2800,2800,2700,2695
"Bend","OR","Bend","Deschutes",97,,,,,,,,,,,,,,,,,,,,,,,,,,,,,,,,,,,,,,,,,,,,,,,,,,,,,,,,,,,,,,,,,,,,,,,,,,,,1250,1250,1150,1200,1222.5,1125,1225,1195,1222.5,1195,1225,1295,1295,1250,1195,1295
"Pompano Beach","FL","Miami-Fort Lauderdale","Broward",98,,,,,,,,,,,,,,,,,,,,,,,,,,,,,,,,,,,,,,,,,,,,,,,,,,,,1500,1300,1250,1200,1300,1350,1325,1325,1187.5,1200,1400,1400,1195,1195,1250,1200,1150,1225,1287.5,1400,1350,1450,1350,1450,1440,1400,1475,1600,1400,1500,1450,1400,1200,1337.5,1375,1500,1500,1385,1350,1397.5
"West Palm Beach","FL","Miami-Fort Lauderdale","Palm Beach",99,,,,,,,,,,,,,,,,,,,,,,,,935,935,925,872.5,837.5,800,842.5,842.5,830,825,825,800,800,800,800,854.5,850,945,958.5,1000,1050,1100,1070,1090,1100,1100,1100,1050,1000,1100,1100,1150,1150,1150,1200,1175,1150,1050,1013.5,1097.5,1200,1150,1200,1075,1195,1150,1050,1100,1250,1285,1265,1200,1250,1200,1175,1195,1112.5,1125,1185,1195,1150,1100,1200,1200,1175,1100,1200,1100
"Columbia","MO","Columbia","Boone",100,,,,,,,,,,,,,,,,,,,,,,,,,,,,,,,,,,,750,692.5,637.5,597.5,625,625,637.5,625,700,775,775,750,750,700,680,672.5,650,650,695,700,700,650,685,650,650,650,675,695,650,657.5,650,650,650,695,775,837.5,790,800,780,800,820,775,750,750,777.5,725,762.5,750,765,700,775,787.5,775,750,750,762.5,755
"Albany","NY","Albany","Albany",101,,,,,,,,,,,,,,,,,,,,,,,,,,,,,,,,,,925,900,950,895,897.5,897.5,990,1050,912.5,897.5,850,850,885,840,875,875,850,895,895,875,955,850,895,950,962.5,950,900,925,900,875,812.5,812.5,912.5,925,900,1045,1197.5,1047.5,1000,950,850,908.5,900,900,850,900,995,965,825,917.5,1000,1075,1050,975,975,995,975,1025
"Davie","FL","Miami-Fort Lauderdale","Broward",102,,,,,,,,,,,,,,,,,,,,,,,,,,1450,1500,1495,1400,1500,1250,1350,1450,1400,1397.5,1400,1397.5,1400,1400,1500,1400,1435,1497.5,1462.5,1445,1400,1400,1400,1400,1400,1397.5,1487.5,1375,1350,1300,1400,1395,1385,1350,1475,1500,1350,1450,1500,1487.5,1475,1500,1400,1397.5,1400,1400,1400,1475,1525,1500,1495,1500,1537.5,1500,1650,1500,1500,1500,1500,1462.5,1450,1500,1500,1500,1500,1500
"Newton","MA","Boston","Middlesex",103,,,,,,,,,,,,,,,,,,,,2100,1900,1900,1950,1895,1895,2175,2050,2050,1875,2100,2200,2000,2100,2100,1850,2100,2100,2200,2250,2250,2400,2300,2300,2200,2200,2150,2200,2300,2300,2350,2400,2300,2400,2300,2200,2200,2250,2237.5,2300,2300,2300,2400,2350,2300,2300,2400,2400,2400,2490,2400,2300,2400,2400,2495,2400,2500,2450,2400,2400,2400,2350,2300,2297.5,2450,2500,2597.5,2500,2500,2500,2550,2500
"Plantation","FL","Miami-Fort Lauderdale","Broward",104,,,,,,,,,,,,,,,,,,,,,,,1400,1400,1400,1375,1458.5,1500,1500,1450,1400,1450,1500,1475,1400,1400,1400,1400,1412.5,1350,1325,1350,1350,1350,1325,1350,1395,1350,1350,1350,1450,1400,1400,1400,1400,1375,1600,1500,1375,1400,1450,1385,1425,1400,1400,1400,1495,1495,1400,1400,1400,1412.5,1425,1400,1450,1450,1400,1500,1425,1450,1400,1400,1450,1450,1437.5,1450,1425,1450,1500,1550,1562.5
"Miami Beach","FL","Miami-Fort Lauderdale","Miami-Dade",105,,,,,,,,,,,,,,,,,,,,,,,,,,,,,,,,,,,,,,,,,,,,,,,,2300,2397.5,2400,2500,2200,2300,2200,2200,1960,1800,1900,1850,1975,2000,1950,1950,2000,1999,1900,1900,1975,1997,2000,2115,2000,2100,1900,2000,2200,2000,1950,1900,2100,2225,1975,2000,1950,1950,1950,2000,1900,2000,2150,2200
"Town of Poughkeepsie","NY","New York","Dutchess",106,,,,,,,,,,,,,,,,,,,,,,,,,,,,,,925,900,997.5,975,925,900,900,975,1020,1125,1015,887.5,887.5,950,1000,950,1020,1050,1050,1100,1175,1150,1150,1150,1000,1125,1162.5,1050,1100,1100,1100,1100,1050,1100,1100,1100,1100,1097.5,1050,1050,1100,1100,1195,1200,1150,1150,1200,1195,1200,1125,1125,1150,1200,1200,1150,1150,1200,1200,1200,1150,1150,1150
"Hawthorne","CA","Los Angeles-Long Beach-Anaheim","Los Angeles",107,,,,,,,,,,,,,,,,,,,,,,,,,,,,,,,,,,,,,,,,,,,,,,,,,,,,,,,,,,,,,,,,,,,,,,,,,,,,1150,1200,1150,1250,1250,1250,1250,1285,1275,1285,1300,1300,1295,1335,1350,1312.5
"Quincy","MA","Boston","Norfolk",108,,,,,,,,,,,,,,,,,,,,,,,,,,,,,,,,,,,,,1600,1550,1530,1550,1595,1550,1550,1525,1550,1500,1516,1520,1525,1550,1575,1597.5,1600,1682.5,1600,1612.5,1560,1550,1550,1600,1550,1580,1550,1550,1700,1750,1700,1750,1700,1833.5,1800,1800,1850,1850,1700,1800,1772.5,1650,1700,1726,1690,1657.5,1763,1700,1750,1695,1725,1750,1767.5,1755,1750
"Evanston","IL","Chicago","Cook",109,,,,,,,,,,,,,,,,,,,,,,,,,,,,,,,,,,,,,,,,,,,,,,,,,,,,,,,,,,,1227.5,1225,1220,1230,1200,1302.5,1300,1350,1300,1295,1312.5,1295,1295,1340,1375,1372.5,1395,1400,1395,1295,1275,1325,1250,1250,1350,1350,1450,1425,1455,1400,1395,1375,1365
"Somerville","MA","Boston","Middlesex",110,,,,,,,,,,,,,,,,,,,,1700,1600,1675,1800,1800,2100,2300,2200,2100,2200,2250,2300,2200,2200,2200,2000,2000,2300,2400,2300,2200,2200,2337,2375,2300,2249,2200,2150,2200,2200,2250,2300,2355,2400,2400,2400,2350,2295,2300,2250,2300,2450,2530,2600,2575,2600,2500,2417.5,2400,2350,2300,2300,2400,2500,2500,2650,2700,2600,2600,2750,2600,2450,2400,2410,2400,2450,2700,2850,2797.5,2800,2700,2615
"Kendall","FL","Miami-Fort Lauderdale","Miami-Dade",111,,,,,,,,,,,,,,,,,,,,,,,,,,,,,,,,,,,,,,,,,,,,,,,,,,,,,,,,,,,,,,,,,,,,,,,,,,,,,,,,1679.5,1773.5,1750,1750,1849.5,1750,1775,1750,1675,1624,1700,1625
"New Rochelle","NY","New York","Westchester",112,,,,,,,,,,,,,,,,,,,,,,,,,,,,,,,,,,,,,,,,,,,,,,,,,,,,,,,,,,,,,,,,,,,,,,,,,,,,,,,1975,1997.5,1885,1850,2000,1897,2100,1997,1885,2000,1887,1900,1887
"Redondo Beach","CA","Los Angeles-Long Beach-Anaheim","Los Angeles",113,,,,,,,,,,,,,,,,,,,,,,,,,,,,,,,,,,,,,,,,,,1873.5,1912.5,1850,1875,1949,2045,1925,1872.5,1900,1825,2100,2100,2100,1875,2050,2000,1972,2112.5,2100,2100,2150,2022.5,2125,1922.5,2250,2195,2125,2025,2312.5,2300,2295,2197.5,2275,2200,2195,2250,2100,2195,2195,2300,2350,2100,2297.5,2395,2390,2350,2345,2510,2525,2495
"Weston","FL","Miami-Fort Lauderdale","Broward",114,,,,,,,,,,,,,,,,,,,,,,,,,,,,,,,,,,,,,,,,,,,,,,,,,,,,,,,,,,,,,1800,1780,1775,1750,1875,1850,1800,1850,1850,1850,1800,1825,1850,1850,1850,1825,1875,1850,1850,2100,1937.5,1875,1925,1850,1875,1925,1900,2100,2350,2500,2400
"Mount Vernon","NY","New York","Westchester",115,,,,,,,,,,,,,,,,,,,,,,,,,,,,,,,,,,,,,,,,,,,,,,,,,,,,,,,,,,,,,,,,,,,,,,,,,,,,,,,1650,1600,1650,1595,1600,1650,1650,1700,1700,1695,1700,1700,1725
"Bristol","CT","Hartford","Hartford",116,,,,,,,,,,,,,,,,,,,,,,,,,,,,,,,,,,,,,,,,,,,,,,,,,,,,,,,,,,,,,,,,,,,,,,,,,,,,,,950,900,900,897.5,900,925,950,900,950,975,937.5,950,1050,1000
"Tamarac","FL","Miami-Fort Lauderdale","Broward",117,,,,,,,,,,,,,,,,,,,,,,,,,,,,,,,,,,,,,,,,,,,,,,,,,,,,,,,,,,,,,,,,,,,,,,,,,,,1450,1485,1390,1450,1450,1465,1450,1497.5,1400,1450,1450,1500,1495,1500,1600,1597.5,1500
"Waltham","MA","Boston","Middlesex",118,,,,,,,,,,,,,,,,,,,,,,,,,,,,,,,,,,,,,,,,,,,,,,,,,,,,,,,,,,,2100,2026,1984.5,2150,2200,2195,1997.5,2000,1950,1872.5,1995,1997.5,2000,2000,2100,2200,2200,2200,2037.5,2100,1995,2100,1950,2197.5,1875,2100,2174.5,2135,2100,2000,2175,2200,2100
"Malden","MA","Boston","Middlesex",119,,,,,,,,,,,,,,,,,,,,,,,,,,,1320,1320,1195,1150,1277.5,1473,1428,1400,1295,1375,1325,1295,1350,1350,1350,1400,1414.5,1484,1499.5,1453,1495,1495,1495,1550,1525,1525,1534.5,1645,1775,1800,1695,1770,1695,1550,1500,1695,1500,1550,1500,1650,1700,1750,1750,1700,1700,1625,1650,1600,1600,1600,1850,1700,1825,1900,1900,1850,1750,1800,1625,1700,1800,1840,1850,1859,1992.5
"White Plains","NY","New York","Westchester",120,,,,,,,,,,,,,,,,,,,,,,,,,,,,,,,,,,,,,,,,,,,,,,,,,,,,,,,,,2300,2300,2429,2429,2400,2400,2500,2200,2200,2245,2300,2300,2265,2300,2300,2250,2200,2245,2225,2150,2150,2300,2197.5,2137.5,2200,1850,2000,2140,2200,2200,2200,2250,2250,2210,2300
"Medford","MA","Boston","Middlesex",121,,,,,,,,,,,,,,,,,,,,,,,,,,,,,1900,1925,1700,1775,1800,1862.5,1690,1750,1475,1500,1700,1800,1900,2002.5,2100,2000,2000,1995,1950,1900,1900,1990,1987.5,2000,2000,2095,2073,2015,1972.5,2000,1900,1900,1850,2075,2100,2200,2200,2200,2200,2015,2075,2100,2100,2100,2120,2015,2200,2300,2330,2200,2250,2395,2200,2000,2085,2100,2100,2350,2400,2500,2500,2450,2500
"West New York","NJ","New York","Hudson",122,,,,,,,,,,,,,,,,,,,,,,,,,,,,,,,,,,,,,,,,,,,,,,,,,,,,,,,,,,,,,,,,,,,,,,,,,,,1700,1650,1700,1495,1700,1825,2000,1675,1650,1597.5,1395,1550,1562.5,1695,1695,1700,1700
"Hoboken","NJ","New York","Hudson",123,,,,,,,,,,,,,,,,,,,,,,,,,,,,,,,,,,2400,2575,2650,2650,2650,2662.5,2700,2800,2800,2800,2650,2700,2700,2550,2500,2450,2500,2750,2675,2750,2750,2750,2700,2700,2600,2600,2600,2600,2675,2750,2600,2725,2825,2757.5,2750,2712.5,2600,2625,2750,2765,2750,2700,2750,2600,2650,2765,2750,2750,2550,2750,2675,2625,2600,2625,2750,2750,2750,2750
"Brookline","MA","Boston","Norfolk",124,,,,,,,,,,,1965,2000,2210,2000,1975,1992.5,1995,1955,2000,1980,1930,1977.5,2200,2300,2270,2200,2100,2050,2000,2000,2100,2100,2200,2300,2450,2410,2250,2295,2295,2300,2365,2300,2310,2380,2408.5,2440,2550,2500,2500,2500,2430,2410,2422.5,2430,2400,2375,2400,2500,2500,2500,2530,2500,2550,2500,2500,2500,2500,2500,2550,2637.5,2700,2800,2700,2699.5,2695,2962.5,2650,2540,2670,2500,2500,2695,2785,2700,2750,2750,2800,2840,2875,2725,2790
"Binghamton","NY","Binghamton","Broome",125,,,,,,,,,,,,,,,,,,,,,,,,,,,,,,,,,,,,,,,,,,,,,,,,,,,,,,,,,,,,,,,,,,,,,,,,,,,,,,,800,775,887.5,800,787.5,862.5,850,850,825,850,900,775,862.5
"Doral","FL","Miami-Fort Lauderdale","Miami-Dade",126,,,,,,,,,,,,,,,,,,2100,2100,2075,2050,2100,2100,2050,2050,2000,2000,2100,2100,2100,2200,2100,2100,2200,2100,2100,2100,2000,1900,1900,1900,2000,1995,1900,1750,1850,2000,2050,2000,2050,2100,2100,2100,2150,2100,1900,1925,2250,2350,2225,1898,1820,1900,1850,1850,1900,1850,1900,1950,1975,2000,2100,2100,2250,2300,1945,1937.5,2000,2250,2000,2300,2150,2048.5,2100,2150,2100,2197.5,2200,2200,2200,2200
"Coral Gables","FL","Miami-Fort Lauderdale","Miami-Dade",127,,,,,,,,,,,,,,,,,,,,,,,,,,,,,,,,,,,,,,2100,2000,2197.5,2325,2500,2350,2400,2200,2490,2500,2500,2500,2450,2272.5,2250,2450,2500,2350,2400,2300,2300,2250,2300,2300,2400,2400,2400,2400,2400,2400,2350,2350,2350,2350,2350,2400,2350,2350,2300,2275,2200,2350,2476.5,2395,2025,2200,2200,2200,2200,2300,2325,2175,1974.5,2087.5
"York","PA","York","York",128,,,,,,,,,,,,,,,,,,,,,,,,,,,,,,,,,,,,,,,,,,,,,,,,,,,,,,,,,,,,,,,,,,,,,,,,,,,,,,,695,625,675,625,695,662.5,650,685,645,675,675,695,695
"Arlington","MA","Boston","Middlesex",129,,,,,,,,,,,,,,,,,,,,,,,,,,,,,,,,,1600,1600,1650,1475,1412.5,1500,1525,1537.5,1450,1550,1550,1600,1642.5,1600,1600,1550,1550,1725,1750,1850,1800,1800,1792.5,1747.5,1850,1850,1795,1562.5,1750,1895,1700,1897.5,1650,1800,1800,1800,1850,1800,1800,1800,1962.5,1850,1950,2000,1900,1950,1800,2000,2000,1800,2000,2000,2150,2200,2200,2250,2240,2200,1912.5
"Palm Beach Gardens","FL","Miami-Fort Lauderdale","Palm Beach",130,,,,,,,,,,,,,,,,,,,,,,,,,,,,,,,,,,,,,,,,,,,,,,,,,,,,,1852.5,1900,1900,1673.5,1900,1900,1775,2000,2000,1950,1900,2000,1950,1825,1900,2000,2000,2000,2000,2000,1900,2000,2000,1825,2000,2000,2000,2000,2000,2000,1750,1890,1890,2000,1900,1950,1890,1850,1825
"Hallandale","FL","Miami-Fort Lauderdale","Broward",131,,,,,,,,,,,,,,,,,,,,,,,,,,,,,,,,,,,,,,,,,,,,,,,,,1700,1700,1500,1500,1700,1682.5,1682.5,1600,1575,1575,1600,1700,1825,1550,1625,1600,1690,1650,1400,1495,1600,1750,1750,1525,1700,1472.5,1437.5,1575,1500,1600,1625,1625,1750,1637.5,1650,1600,1887.5,1850,1825,1796,1700,1795,1825
"Torrington","CT","Torrington","Litchfield",132,,,,,,,,,,,,,,,,,,,,775,775,775,750,775,775,750,750,750,750,700,775,775,750,750,750,795,795,822.5,800,782.5,750,750,750,775,797.5,795,785,777.5,775,775,775,775,800,800,800,800,785,797.5,775,795,795,775,762.5,795,800,825,825,812.5,850,850,825,825,825,800,800,800,800,800,837.5,850,825,825,800,800,800,825,800,800,837.5,825,800
"West Hollywood","CA","Los Angeles-Long Beach-Anaheim","Los Angeles",133,,,,,,,,,,,,,,,,,,,,,,,,,,,,,,,,,,,,,,,,,,,,,,,,,,,,,,,,,,,,,,,,,,,,,,,,,,,,,,,2750,2532.5,2150,2447.5,2745,2595,2600,2647.5,2700,2775,2895,2895,2750
"Aventura","FL","Miami-Fort Lauderdale","Miami-Dade",134,,,,,,,,,,,,,,,,,,,,,,,1900,2000,2025,2275,2250,2100,1990,2100,2300,2325,2500,2500,2350,2500,2300,2500,2500,2300,2250,2300,2400,2200,2100,2350,2400,2450,2485,2500,2550,2500,2650,2650,2577.5,2625,2675,2500,2425,2500,2500,2350,2300,2250,2350,2400,2500,2550,2400,2262.5,2370,2395,2350,2500,2400,2350,2300,2297.5,2200,2250,2175,2200,2100,2250,2400,2495,2490,2500,2500,2500,2500
"Long Beach","NY","New York","Nassau",135,,,,,,,,,,,,,,,,,,,,,,,,,,,,,,,,2000,2200,2000,1950,1997.5,2100,2100,2100,2150,2000,2100,2050,2000,1950,1950,1800,1850,1875,1900,1900,2000,2025,2100,2100,2000,2000,2200,2200,2250,2150,2300,2350,2400,2500,2300,2300,2200,2200,2200,2200,2300,2400,2300,2300,2290,2000,2000,1980,2300,2175,2265,2495,2450,2550,2600,2700,2500,2300,2200,2245
"Watertown","MA","Boston","Middlesex",136,,,,,,,,,,,,,,,,,,,,,,,,,1800,1797.5,2000,1900,1800,1800,1850,1800,1775,1800,1800,1800,1800,1850,1800,1900,1800,1962.5,1950,1900,1875,1850,1850,1850,1900,1900,2000,2097.5,2200,2100,2050,1950,1950,2000,1987.5,2030,2000,2200,2127,2150,2200,2150,2195,2100,2100,2100,2200,2200,2200,2200,2100,2150,2200,2150,2100,2100,2200,2150,2175,2300,2395,2400,2325,2300,2350,2350,2300
"Belmont","MA","Boston","Middlesex",137,,,,,,,,,,,,,,,,,,,,,,,,,,,,,,,,,,,,,,1800,1875,2100,1900,1900,1925,1900,1900,1900,1950,1962.5,1899,1950,2000,2100,2025,2200,2100,1995,1997.5,1980,2100,2150,2200,2200,2125,2100,2200,2100,2000,2000,2000,1995,2000,2000,2100,2125,2150,2200,2200,2325,2000,2000,2000,2025,1995,2000,2100,2100,2295,2295,2295,2300,2300
"Sunny Isles Beach","FL","Miami-Fort Lauderdale","Miami-Dade",138,,,,,,,,,,,,,,,,,,,,,,,,,,,,,,,,,,,,,,,,,,,,,,,,,,,,,,,,,,,,,,,,,,,,,,,,,3000,3500,3950,4000,3700,3750,3875,3850,3800,3750,3500,4000,4200,4200,4000,3900,4200,4400,4200
"Town of Mamaroneck","NY","New York","Westchester",139,,,,,,,,,,,,,,,,,,,,,,,,,,,,,,,,,,,,,,,,,,,,,,,,,,,,,,,,,,,,,,,,,1850,2175,2100,2000,1950,1850,2000,2000,2100,2000,2000,2000,1950,2100,2000,1825,2000,2000,1895,2125,2350,2350,2250,2350,2350,2350,2350
