Region,Year,Month,MonthId,Zip_Listings_PriceCut_SeasAdj_AllHomes,Zip_Listings_PriceCut_SeasAdj_Condominum,Zip_Listings_PriceCut_SeasAdj_SingleFamilyResidence,Zip_MedianListingPricePerSqft_1Bedroom,Zip_MedianListingPricePerSqft_2Bedroom,Zip_MedianListingPricePerSqft_3Bedroom,Zip_MedianListingPricePerSqft_4Bedroom,Zip_MedianListingPricePerSqft_5BedroomOrMore,Zip_MedianListingPricePerSqft_AllHomes,Zip_MedianListingPricePerSqft_CondoCoop,Zip_MedianListingPricePerSqft_DuplexTriplex,Zip_MedianListingPricePerSqft_Sfr,Zip_MedianListingPrice_1Bedroom,Zip_MedianListingPrice_2Bedroom,Zip_MedianListingPrice_3Bedroom,Zip_MedianListingPrice_4Bedroom,Zip_MedianListingPrice_5BedroomOrMore,Zip_MedianListingPrice_AllHomes,Zip_MedianListingPrice_CondoCoop,Zip_MedianListingPrice_DuplexTriplex,Zip_MedianListingPrice_Sfr,Zip_MedianPctOfPriceReduction_AllHomes,Zip_MedianPctOfPriceReduction_Condominum,Zip_MedianPctOfPriceReduction_SingleFamilyResidence,Zip_MedianRentalPricePerSqft_1Bedroom,Zip_MedianRentalPricePerSqft_2Bedroom,Zip_MedianRentalPricePerSqft_3Bedroom,Zip_MedianRentalPricePerSqft_4Bedroom,Zip_MedianRentalPricePerSqft_5BedroomOrMore,Zip_MedianRentalPricePerSqft_AllHomes,Zip_MedianRentalPricePerSqft_CondoCoop,Zip_MedianRentalPricePerSqft_DuplexTriplex,Zip_MedianRentalPricePerSqft_Mfr5Plus,Zip_MedianRentalPricePerSqft_Sfr,Zip_MedianRentalPricePerSqft_Studio,Zip_MedianRentalPrice_1Bedroom,Zip_MedianRentalPrice_2Bedroom,Zip_MedianRentalPrice_3Bedroom,Zip_MedianRentalPrice_4Bedroom,Zip_MedianRentalPrice_5BedroomOrMore,Zip_MedianRentalPrice_AllHomes,Zip_MedianRentalPrice_CondoCoop,Zip_MedianRentalPrice_DuplexTriplex,Zip_MedianRentalPrice_Mfr5Plus,Zip_MedianRentalPrice_Sfr,Zip_MedianRentalPrice_Studio,Zip_MedianValuePerSqft_AllHomes,Zip_Median_PriceCut_Dollar_AllHomes,Zip_Median_PriceCut_Dollar_Condominum,Zip_Median_PriceCut_Dollar_SingleFamilyResidence,Zip_PctOfHomesDecreasingInValues_AllHomes,Zip_PctOfHomesIncreasingInValues_AllHomes,Zip_PctOfListingsWithPriceReductions_AllHomes,Zip_PctOfListingsWithPriceReductions_Condominum,Zip_PctOfListingsWithPriceReductions_SingleFamilyResidence,Zip_PriceToRentRatio_AllHomes,Zip_Zhvi_1bedroom,Zip_Zhvi_2bedroom,Zip_Zhvi_3bedroom,Zip_Zhvi_4bedroom,Zip_Zhvi_5BedroomOrMore,Zip_Zhvi_AllHomes,Zip_Zhvi_BottomTier,Zip_Zhvi_BottomTier_yoy,Zip_Zhvi_Condominum,Zip_Zhvi_MiddleTier,Zip_Zhvi_MiddleTier_yoy,Zip_Zhvi_SingleFamilyResidence,Zip_Zhvi_Summary_AllHomes,Zip_Zhvi_TopTier,Zip_Zhvi_TopTier_yoy,Zip_ZriPerSqft_AllHomes,Zip_Zri_AllHomes,Zip_Zri_AllHomesPlusMultifamily,Zip_Zri_AllHomesPlusMultifamily_Summary,Zip_Zri_AllHomes_Summary,Zip_Zri_MultiFamilyResidenceRental,Zip_Zri_MultiFamilyResidenceRental_Summary,Zip_Zri_SingleFamilyResidenceRental,Zip_Zri_SingleFamilyResidenceRental_Summary
90001-CA,2010,9,24129,11.1089991343429,,,,,,,,,,,,,,,,,,,,,,,,,,,,,,,,,,,,,,,,,,,,,,182.0,,,,72.17,21.95,10.2564102564103,,,,132400.0,171100.0,204600.0,222100.0,,185400.0,151800.0,0.027758970886933,,185400.0,0.0456852791878173,185400.0,,224700.0,0.0158227848101266,,,,,,,,,
90001-CA,2010,10,24130,9.69785107579961,,,,,,,,,,,,,,,,,,,,,,,,,,,,,,,,,,,,,,,,,,,,,,183.0,,,,65.29,28.78,8.53658536585366,,,9.36,131700.0,171900.0,207200.0,225300.0,,185900.0,152100.0,0.0417808219178082,,185900.0,0.0720876585928489,185900.0,,226000.0,0.0405156537753223,,,,,,,,,
90001-CA,2010,11,24131,10.1427094822545,,,,,,,,,,,,,,,,,,,,,,,,,,,,,,,,,,,,,,,,,,,,,,184.0,,,,59.31,34.91,9.87654320987654,,,9.35,134100.0,172600.0,209100.0,227600.0,,188400.0,152300.0,0.0635474860335195,,188400.0,0.111504424778761,188400.0,,227200.0,0.0691764705882353,1.48,1535.0,1559.0,,,1552.0,,1551.0,
90001-CA,2010,12,24132,10.5300380329438,,,,,,,,,,,,,,,,,,,,,,,,,,,,,,,,,,,,,,,,,,,,,,184.0,,,,55.52,38.23,11.6279069767442,,,9.38,137300.0,173500.0,207600.0,227200.0,,189600.0,152700.0,0.0837473385379702,,189600.0,0.121230041395624,189600.0,,226800.0,0.0657894736842105,1.476,1523.0,1556.0,,,1561.0,,1544.0,
90001-CA,2010,1,24121,,,,,,,,,,,,,,,,,,,,,,,,,,,,,,,,,,,,,,,,,,,,,,,167.0,,,,99.2,0.62,,,,,135300.0,156900.0,188900.0,212100.0,,171600.0,141400.0,-0.33112582781457,,171600.0,-0.303853955375254,171600.0,,217300.0,-0.245486111111111,,,,,,,,,
90001-CA,2010,2,24122,,,,,,,,,,,,,,,,,,,,,,,,,,,,,,,,,,,,,,,,,,,,,,,171.0,,,,98.98,0.77,,,,,132600.0,159800.0,191700.0,212500.0,,173200.0,143100.0,-0.273604060913706,,173200.0,-0.262664963814389,173200.0,,219300.0,-0.208874458874459,,,,,,,,,
90001-CA,2010,3,24123,,,,,,,,,,,,,,,,,,,,,,,,,,,,,,,,,,,,,,,,,,,,,,,172.0,,,,95.19,3.81,,,,,135400.0,161100.0,190600.0,211300.0,,173600.0,144300.0,-0.222521551724138,,173600.0,-0.224653863331845,173600.0,,217300.0,-0.194588584136397,,,,,,,,,
90001-CA,2010,4,24124,,,,,,,,,,,,,,,,,,,,,,,,,,,,,,,,,,,,,,,,,,,,,,,174.0,,,,93.97,5.46,,,,,136100.0,163000.0,192000.0,210600.0,,177300.0,146000.0,-0.161882893226177,,177300.0,-0.162494095418044,177300.0,,216900.0,-0.172453262113697,,,,,,,,,
90001-CA,2010,5,24125,,,,,,,,,,,,,,,,,,,,,,,,,,,,,,,,,,,,,,,,,,,,,,,176.0,,,,91.38,7.28,,,,,134200.0,164500.0,195100.0,211400.0,,181600.0,146700.0,-0.113059250302297,,181600.0,-0.100990099009901,181600.0,,217500.0,-0.144037780401417,,,,,,,,,
90001-CA,2010,6,24126,,,,,,,,,,,,,,,,,,,,,,,,,,,,,,,,,,,,,,,,,,,,,,,177.0,,,,88.31,9.62,,,,,130100.0,164400.0,198500.0,213800.0,,183400.0,146800.0,-0.0802005012531328,,183400.0,-0.0628513030148186,183400.0,,218800.0,-0.107667210440457,,,,,,,,,
90001-CA,2010,7,24127,,,,,,,,,,,,,,,,,,,,,,,,,,,,,,,,,,,,,,,,,,,,,,,177.0,,,,83.8,12.83,,,,,129900.0,165700.0,199800.0,217300.0,,184400.0,148800.0,-0.0362694300518135,,184400.0,-0.0238221281101112,184400.0,,221300.0,-0.0574957410562181,,,,,,,,,
90001-CA,2010,8,24128,,,,,,,,,,,,,,,,,,,,,,,,,,,,,,,,,,,,,,,,,,,,,,,179.0,,,,78.72,16.37,,,,,132600.0,168800.0,201400.0,219800.0,,185700.0,150800.0,0.00466355762824783,,185700.0,0.0175342465753425,185700.0,,223400.0,-0.0132508833922261,,,,,,,,,
90001-CA,2011,1,24133,7.76291145933179,,,,,,,,,,,,,,,,,,,,,,,,,,,,,,,,,,,,,,,,,,,,,,181.0,,,,53.65,40.74,8.86075949367089,,,9.49,139000.0,174100.0,202800.0,224900.0,,188100.0,153600.0,0.0862800565770863,,188100.0,0.0961538461538462,188100.0,,225100.0,0.0358950759318914,1.462,1509.0,1542.0,,,1550.0,,1526.0,
90001-CA,2011,2,24134,15.6930275885926,,,,,,,,,,,,,,,,,,,,,,,,,,,,,,,,,,,,,,,,,,,,,,179.0,,,,53.15,40.94,15.1898734177215,,,9.32,139300.0,173800.0,198200.0,222900.0,,186400.0,152600.0,0.06638714185884,,186400.0,0.0762124711316397,186400.0,,223500.0,0.0191518467852257,1.454,1499.0,1528.0,,,1536.0,,1516.0,
90001-CA,2011,3,24135,13.8302414201325,,,,,,,,,,,,,,,,,,,,,,,,,,,,,,,,,,,,,,,,,,,,,,178.0,,,,55.94,38.03,16.4556962025316,,,9.21,136700.0,173900.0,195900.0,221600.0,,185400.0,151800.0,0.051975051975052,,185400.0,0.0679723502304147,185400.0,,222400.0,0.0234698573400828,1.456,1497.0,1514.0,,,1516.0,,1513.0,
90001-CA,2011,4,24136,11.4351092470132,,,,,,,,,,,,,,,,,,,,,,,,,,,,,,,,,,,,,,,,,,,,,,179.0,,,,55.92,37.55,9.33333333333333,,,9.18,132800.0,174900.0,195300.0,221700.0,,184300.0,152500.0,0.0445205479452055,,184300.0,0.0394811054709532,184300.0,,222500.0,0.0258183494698018,1.472,1503.0,1515.0,,,1512.0,,1520.0,
90001-CA,2011,5,24137,8.5454554204845,,,,,,,,,,,,,,,,,,,,,,,,,,,,,,,,,,,,,,,,,,,,,,180.0,,,,54.77,38.9,9.58904109589041,,,9.22,132000.0,175600.0,196300.0,222700.0,,183300.0,153600.0,0.0470347648261759,,183300.0,0.00936123348017621,183300.0,,223700.0,0.0285057471264368,1.488,1516.0,1527.0,,,1527.0,,1530.0,
90001-CA,2011,6,24138,3.19312237577566,,,,,,,,,,,,,,,,,,,,,,,,,,,,,,,,,,,,,,,,,,,,,,179.0,,,,52.28,40.44,1.36986301369863,,,9.33,134100.0,175100.0,197400.0,223600.0,,182100.0,152300.0,0.0374659400544959,,182100.0,-0.00708833151581243,182100.0,,224900.0,0.0278793418647166,1.5,1526.0,1535.0,,,1535.0,,1539.0,
90001-CA,2011,7,24139,16.1348334501439,,,,,,,,,,,,,,,,,,,,,,,,,,,,,,,,,,,,,,,,,,,,,,179.0,,,,47.89,43.78,16.0,,,9.28,133400.0,175100.0,198300.0,223200.0,,182300.0,150400.0,0.010752688172043,,182300.0,-0.0113882863340564,182300.0,,224900.0,0.0162675101671939,1.51,1541.0,1563.0,,,1570.0,,1552.0,
90001-CA,2011,8,24140,15.2717143970106,,,,,,,,,,,,,,,,,,,,,,,,,,,,,,,,,,,,,,,,,,,,,,179.0,,,,46.27,44.73,16.25,,,9.27,129700.0,175900.0,198300.0,223100.0,,183800.0,150200.0,-0.00397877984084881,,183800.0,-0.0102315562735595,183800.0,,224600.0,0.0053715308863026,1.518,1549.0,1578.0,,,1587.0,,1559.0,
90001-CA,2011,9,24141,14.3357349453483,,,,,,,,,,,,,,,,,,,,,,,,,,,,,,,,,,,,,,,,,,,,,,180.0,,,,45.88,44.88,13.4831460674157,,,9.27,126000.0,176800.0,197700.0,222700.0,,185500.0,150300.0,-0.00988142292490119,,185500.0,0.000539374325782093,185500.0,,224200.0,-0.00222518914107699,1.53,1555.0,1597.0,,,1612.0,,1566.0,
90001-CA,2011,10,24142,11.6263819890157,,,,,,,,,,,,,,,,,,,,,,,,,,,,,,,,,,,,,,,,,,,,,,180.0,,,,46.27,45.38,10.4651162790698,,,9.35,125100.0,175800.0,197500.0,222000.0,,184900.0,149900.0,-0.0144641683103222,,184900.0,-0.00537923614846692,184900.0,,223700.0,-0.0101769911504425,1.532,1556.0,1589.0,,,1602.0,,1565.0,
90001-CA,2011,11,24143,8.69990121213703,,,,,,,,,,,,,,,,,,,,,,,,,,,,,,,,,,,,,,,,,,,,,,180.0,,,,49.71,42.11,8.43373493975904,,,9.35,124900.0,173100.0,197000.0,221700.0,,183900.0,150600.0,-0.0111621799080762,,183900.0,-0.0238853503184713,183900.0,,223200.0,-0.0176056338028169,1.526,1550.0,1569.0,,,1575.0,,1560.0,
90001-CA,2011,12,24144,11.0972530074191,,,,,,,,,,,,,,,,,,,,,,,,,,,,,,,,,,,,,,,,,,,,,,180.0,,,,47.92,43.31,12.1951219512195,,,9.3,127300.0,171100.0,196100.0,221100.0,,183400.0,153100.0,0.00261951538965291,,183400.0,-0.0327004219409283,183400.0,,222300.0,-0.0198412698412698,1.526,1556.0,1545.0,,,1529.0,,1564.0,
90001-CA,2012,1,24145,5.94440548678766,,,,,,,,,,,,,,,,,,,,,,,,,,,,,,,,,,,,,,,,,,,,,,180.0,,,,49.41,40.99,7.04225352112676,,,9.23,131800.0,170800.0,195600.0,220200.0,,182900.0,154700.0,0.00716145833333333,,182900.0,-0.0276448697501329,182900.0,,221100.0,-0.0177698800533096,1.532,1558.0,1522.0,,,1485.0,,1567.0,
90001-CA,2012,2,24146,8.83648750420443,,,,,,,,,,,,,,,,,,,,,,,,,,,,,,,,,,,,,,,,,,,,,,179.0,,,,45.58,45.93,8.33333333333333,,,9.35,136400.0,171300.0,195600.0,219500.0,,182300.0,155700.0,0.0203145478374836,,182300.0,-0.0219957081545064,182300.0,,220600.0,-0.0129753914988814,1.53,1558.0,1514.0,,,1473.0,,1567.0,
90001-CA,2012,3,24147,9.70331234088854,,,,,,,,,,,,,,,,,,,,,,,,,,,,,,,,,,,,,,,,,,,,,,180.0,,,,38.03,51.51,12.3287671232877,,,9.44,138600.0,171900.0,196800.0,220100.0,,183900.0,157800.0,0.0395256916996047,,183900.0,-0.00809061488673139,183900.0,,221200.0,-0.00539568345323741,1.524,1552.0,1517.0,,,1489.0,,1564.0,
90001-CA,2012,4,24148,8.4509822628862,,,,,,,,,,,,,,,,,,,,,,,,,,,,,,,,,,,,,,,,,,,,,,182.0,,,,30.85,59.61,6.34920634920635,,,9.46,140500.0,173500.0,198600.0,223000.0,,187100.0,160800.0,0.0544262295081967,,187100.0,0.0151926207270754,187100.0,,223300.0,0.00359550561797753,1.512,1539.0,1526.0,,,1515.0,,1553.0,
90001-CA,2012,5,24149,4.75351577386946,,,,,,,,,,,,,,,,,,,,,,,,,,,,,,,,,,,,,,,,,,,,,,185.0,,,,27.34,64.84,5.79710144927536,,,9.39,142600.0,175100.0,201600.0,227900.0,,190800.0,162600.0,0.05859375,,190800.0,0.0409165302782324,190800.0,,227200.0,0.0156459544032186,1.52,1538.0,1541.0,,,1540.0,,1555.0,
90001-CA,2012,6,24150,13.4174622606278,,,,,,,,,,,,,,,,,,,,,,,,,,,,,,,,,,,,,,,,,,,,,,188.0,,,,24.74,68.9,11.5942028985507,,,9.53,143700.0,177000.0,206600.0,231300.0,,193900.0,163800.0,0.0755088640840447,,193900.0,0.0647995606809445,193900.0,,231100.0,0.0275678079146287,1.532,1545.0,1547.0,,,1539.0,,1562.0,
90001-CA,2012,7,24151,9.65864297395344,,,,,,,,,,,,,,,,,,,,,,,,,,,,,,,,,,,,,,,,,,,,,,191.0,,,,22.28,71.79,9.52380952380952,,,9.76,143200.0,179500.0,211300.0,233200.0,,195200.0,164400.0,0.0930851063829787,,195200.0,0.0707624794295118,195200.0,,234100.0,0.0409070698088039,1.534,1546.0,1542.0,,,1531.0,,1564.0,
90001-CA,2012,8,24152,6.83421439701062,,,,,,,,,,,,,,,,,,,,,,,,,,,,,,,,,,,,,,,,,,,,,,193.0,,,,21.78,71.99,7.8125,,,9.9,144600.0,181300.0,214900.0,235800.0,,196400.0,164700.0,0.0965379494007989,,196400.0,0.0685527747551687,196400.0,,237100.0,0.0556544968833482,1.532,1548.0,1542.0,,,1523.0,,1567.0,
90001-CA,2012,9,24153,6.11574677266944,,,,,,,,,,,,,,,,,,,,,,,,,,,,,,,,,,,,,,,,,,,,,,195.0,,,,19.26,75.21,5.26315789473684,,,10.06,148800.0,182800.0,219100.0,238800.0,,200100.0,166400.0,0.107119095143047,,200100.0,0.0787061994609164,200100.0,,239900.0,0.0700267618198037,1.536,1553.0,1545.0,,,1526.0,,1569.0,
90001-CA,2012,10,24154,6.95836715922131,,,,,,,,,,,,,,,,,,,,,,,,,,,,,,,,,,,,,,,,,,,,,,198.0,,,,16.32,77.82,5.79710144927536,,,10.26,150900.0,185000.0,223200.0,241400.0,,204200.0,169100.0,0.128085390260173,,204200.0,0.104380746349378,204200.0,,241900.0,0.0813589628967367,1.544,1563.0,1555.0,,,1537.0,,1578.0,
90001-CA,2012,11,24155,1.65505516126688,,,,,,,,,,,,,,,,,,,,,,,,,,,,,,,,,,,,,,,,,,,,,,202.0,,,,12.68,82.98,1.38888888888889,,,10.26,153000.0,188700.0,226900.0,244700.0,,207600.0,172900.0,0.148074369189907,,207600.0,0.128874388254486,207600.0,,245100.0,0.0981182795698925,1.552,1571.0,1560.0,,,1546.0,,1582.0,
90001-CA,2012,12,24156,6.96664718523185,,,,,,,,,,,,,,,,,,,,,,,,,,,,,,,,,,,,,,,,,,,,,,205.0,,,,11.49,83.33,8.06451612903226,,,10.34,157200.0,192700.0,230300.0,247400.0,,210200.0,177800.0,0.161332462442848,,210200.0,0.146128680479826,210200.0,,248100.0,0.116059379217274,1.554,1574.0,1569.0,,,1559.0,,1584.0,
90001-CA,2013,1,24157,9.50821257172151,,,,,,,,,,,,,,,,,,,,,,,,,,,,,,,,,,,,,,,,,,,,,,208.0,,,,8.25,87.84,10.6060606060606,,,10.46,160500.0,195800.0,232500.0,248400.0,,213100.0,182300.0,0.178409825468649,,213100.0,0.165117550574084,213100.0,,248800.0,0.125282677521484,1.558,1575.0,1579.0,,,1576.0,,1585.0,
90001-CA,2013,2,24158,13.2304268981438,,,,,,,,,,,,,,,,,,,,,,,,,,,,,,,,,,,,,,,,,,,,,,210.0,,,,6.13,90.51,12.7272727272727,,,10.54,160900.0,197800.0,234600.0,249100.0,,216800.0,183900.0,0.18111753371869,,216800.0,0.189248491497532,216800.0,,249300.0,0.130099728014506,1.56,1574.0,1587.0,,,1590.0,,1583.0,
90001-CA,2013,3,24159,4.39208907724999,,,,,,,,,,,,,,,,,,,,,,,,,,,,,,,,,,,,,,,,,,,,,,214.0,,,,5.41,91.9,7.01754385964912,,,10.67,163400.0,201200.0,237900.0,250900.0,,220900.0,185200.0,0.173637515842839,,220900.0,0.201196302338227,220900.0,,252100.0,0.139692585895118,1.566,1582.0,1604.0,,,1612.0,,1589.0,
90001-CA,2013,4,24160,7.0198087005651,,,,,,,,,,,,,,,,,,,,,,,,,,,,,,,,,,,,,,,,,,,,,,217.0,,,,6.01,91.23,4.91803278688525,,,10.67,168900.0,204200.0,241000.0,253000.0,,223900.0,186400.0,0.159203980099502,,223900.0,0.196686264029931,223900.0,,255300.0,0.143304970891178,1.57,1595.0,1618.0,,,1626.0,,1604.0,
90001-CA,2013,5,24161,4.83876726577057,,,,,,,,,,,,,,,,,,,,,,,,,,,,,,,,,,,,,,,,,,,,,,218.0,,,,6.73,90.46,5.88235294117647,,,10.7,174200.0,206900.0,241400.0,254600.0,,226000.0,188100.0,0.156826568265683,,226000.0,0.184486373165618,226000.0,,258100.0,0.136003521126761,1.572,1614.0,1627.0,,,1627.0,,1623.0,
90001-CA,2013,6,24162,3.82325936207703,,,,,,,,,,,,,,,,,,,,,,,,,,,,,,,,,,,,,,,,,,,,,,220.0,,,,6.43,90.56,2.0,,,10.83,178000.0,210200.0,240900.0,257400.0,,228100.0,191400.0,0.168498168498169,,228100.0,0.176379577101599,228100.0,,260700.0,0.128083080917352,1.58,1629.0,1635.0,,,1632.0,,1640.0,
90001-CA,2013,7,24163,5.90406421937468,,,,,,,,,,,,,,,,,,,,,,,,,,,,,,,,,,,,,,,,,,,,,,222.0,,,,5.13,92.15,5.76923076923077,,,10.95,181700.0,213400.0,242200.0,261200.0,,230700.0,195600.0,0.18978102189781,,230700.0,0.181864754098361,230700.0,,263200.0,0.124305852199915,1.594,1644.0,1634.0,,,1622.0,,1654.0,
90001-CA,2013,8,24164,13.605047730344,,,,,,,,,,,,,,,,,,,,,,,,,,,,,,,,,,,,,,,,,,,,,,224.0,,,,2.89,95.56,14.5833333333333,,,11.47,183200.0,215000.0,244600.0,263900.0,,233200.0,197700.0,0.200364298724954,,233200.0,0.187372708757637,233200.0,,265800.0,0.121045972163644,1.606,1650.0,1637.0,,,1623.0,,1660.0,
90001-CA,2013,9,24165,5.10790802686877,,,,,,,,,,,,,,,,,,,,,,,,,,,,,,,,,,,,,,,,,,,,,,227.0,,,,2.02,96.69,4.25531914893617,,,11.76,183400.0,218000.0,246300.0,265500.0,,235000.0,199100.0,0.196514423076923,,235000.0,0.174412793603198,235000.0,,268400.0,0.11879949979158,1.616,1656.0,1631.0,,,1609.0,,1666.0,
90001-CA,2013,10,24166,10.252174800855,,,,,,,,,,,,,,,,,,,,,,,,,,,,,,,,,,,,,,,,,,,,,,230.0,,,,2.34,96.69,9.09090909090909,,,12.0,184500.0,222100.0,248200.0,267000.0,,237000.0,202200.0,0.195742164399763,,237000.0,0.160626836434868,237000.0,,271000.0,0.120297643654403,1.618,1656.0,1632.0,,,1609.0,,1667.0,
90001-CA,2013,11,24167,14.3012539916762,,,,,,,,210.651828298887,,,,,,,,,249999.5,,,250000.0,,,,,,,,,,,,,,,,,,,,,,,,,,233.0,,,,1.97,97.13,14.0350877192982,,,12.06,186600.0,225900.0,250600.0,268600.0,,239200.0,205900.0,0.190861769809138,,239200.0,0.152215799614644,239200.0,,273900.0,0.11750305997552,1.63,1665.0,1624.0,,,1593.0,,1676.0,
90001-CA,2013,12,24168,6.17485832892687,,,,,,,,215.088260016811,,,,,,,,,249999.0,,,249999.5,,,,,,,,,,,,,,,,,,,,,,,,,,236.0,,,,1.72,97.71,7.27272727272727,,,12.25,189300.0,228300.0,252300.0,271300.0,,241400.0,208000.0,0.169853768278965,,241400.0,0.148430066603235,241400.0,,277100.0,0.116888351471181,1.638,1673.0,1624.0,,,1586.0,,1683.0,
90001-CA,2014,1,24169,15.5688186323276,,,,,,,,205.507548102517,,,,,,,,,240000.0,,,242500.0,,,,,,,,,,,,,,,,,,,,,,,,,,236.0,,,,2.22,96.71,16.6666666666667,,,12.44,190800.0,228400.0,253300.0,273500.0,,242800.0,207900.0,0.14042786615469,,242800.0,0.139371187236039,242800.0,,278600.0,0.119774919614148,1.63,1668.0,1620.0,,,1585.0,,1679.0,
90001-CA,2014,2,24170,9.59406326178019,,,,,,,,207.733333333333,,,,,,,,,235000.0,,,235000.0,,,,,,,,,,,,,,,,,,,,,,,,,,237.0,,,,3.19,95.74,9.09090909090909,,,12.44,192300.0,229000.0,253900.0,276000.0,,243500.0,209700.0,0.140293637846656,,243500.0,0.123154981549815,243500.0,,280200.0,0.123947051744886,1.618,1660.0,1621.0,,,1590.0,,1669.0,
90001-CA,2014,3,24171,8.24411043499218,,,,,,,,196.808510638298,,,,,,,,,210500.0,,,210500.0,,,,,,,,,,,,,,,,,,,,,,,,,,238.0,,,,3.86,94.47,10.8695652173913,,,12.61,194400.0,231900.0,255600.0,279800.0,,244900.0,213000.0,0.150107991360691,,244900.0,0.108646446355817,244900.0,,284400.0,0.128123760412535,1.608,1646.0,1613.0,,,1588.0,,1657.0,
90001-CA,2014,4,24172,6.86368067558461,,,,,,,,219.135291978869,,,,,,,,,240000.0,,,239900.0,,,,,,,,,,,,,,,,,,,,,,,,,,242.0,,,,3.46,94.99,4.76190476190476,,,12.5,196000.0,235800.0,258700.0,284500.0,,246300.0,215000.0,0.15343347639485,,246300.0,0.100044662795891,246300.0,,289200.0,0.132784958871915,1.622,1662.0,1613.0,,,1577.0,,1670.0,
90001-CA,2014,5,24173,27.9886723891102,,,,,,,,228.24427480916,,,,,,,,,239450.0,,,239450.0,,,,,,,,,,,,,,,,,,,,,,,,,,244.0,,,,7.05,91.1,29.0322580645161,,,12.54,195600.0,239200.0,261200.0,288300.0,,247400.0,217300.0,0.155236576289208,,247400.0,0.0946902654867257,247400.0,,291200.0,0.12824486633088,1.632,1672.0,1610.0,,,1568.0,,1681.0,
90001-CA,2014,6,24174,13.2518307906485,,,,,,,,232.093585130648,,,232.1083172147,,,,,,239900.0,,,239900.0,,,,,,,,,,,,,,,,,,,,,,,,,,247.0,,,,6.55,92.28,11.4285714285714,,,12.91,197900.0,242100.0,261800.0,292000.0,,249500.0,221800.0,0.158829676071055,,249500.0,0.0938185006576063,249500.0,,292400.0,0.121595703874185,1.648,1692.0,1623.0,,,1578.0,,1698.0,
90001-CA,2014,7,24175,7.45190662087562,,,,,,,,251.840675607662,,,251.840675607662,,,,,,244900.0,,,244900.0,,,,,,,,,,,,,,,,,,,,,,,,,,250.0,,,,7.82,91.25,7.31707317073171,,,13.08,202000.0,243700.0,264600.0,295200.0,,252800.0,225500.0,0.152862985685072,,252800.0,0.0957954052882531,252800.0,,295600.0,0.123100303951368,1.656,1700.0,1637.0,,,1596.0,,1706.0,
90001-CA,2014,8,24176,5.99845858305713,,,,,,,,227.105702399043,,,227.105702399043,,,,,,244900.0,,,244900.0,,,,,,,,,,,,,,,,,,,,,,,,,,253.0,,,,9.32,89.19,6.97674418604651,,,13.3,205900.0,245400.0,269900.0,297800.0,,256000.0,228500.0,0.155791603439555,,256000.0,0.097770154373928,256000.0,,298800.0,0.124153498871332,1.664,1710.0,1661.0,,,1629.0,,1717.0,
90001-CA,2014,9,24177,8.39975868925335,,,,,,,,201.06913479636,,,201.06913479636,,,,,,224950.0,,,224950.0,,,,,,,,,,,,,,,,,,,,,,,,,,255.0,,,,13.08,85.15,7.54716981132075,,,13.08,208100.0,247500.0,274100.0,299800.0,,258200.0,230600.0,0.158211953792064,,258200.0,0.0987234042553192,258200.0,,300900.0,0.121087928464978,1.682,1736.0,1693.0,,,1662.0,,1744.0,
90001-CA,2014,10,24178,3.24459904327928,,,,,,,,229.197622585438,,,229.197622585438,,,,,,242450.0,,,242450.0,,,,,,,,,,,,,,,,,,,,,,,,,,256.0,,,,14.33,82.83,2.08333333333333,,,12.94,208400.0,250100.0,276100.0,302400.0,,260000.0,232200.0,0.148367952522255,,260000.0,0.0970464135021097,260000.0,,303200.0,0.118819188191882,1.7,1751.0,1712.0,,,1680.0,,1760.0,
90001-CA,2014,11,24179,8.96181844629104,,,,,,,,226.793248945148,,,226.793248945148,,,,,,219900.0,,,219900.0,,,,,,,,,,,,,,,,,,,,,,,,,,257.0,,,,14.92,81.74,8.69565217391304,,,12.68,207800.0,253200.0,277700.0,304100.0,,262000.0,233800.0,0.135502671199611,,262000.0,0.0953177257525084,262000.0,,304500.0,0.111719605695509,1.718,1765.0,1745.0,,,1722.0,,1774.0,
90001-CA,2014,12,24180,5.72031287438141,,,,,,,,207.360851464027,,,202.327935222672,,,,,,215000.0,,,212450.0,,,,,,,,,,,,,,,,,,,,,,,,,,259.0,,,,16.52,79.27,6.81818181818182,,,12.62,209600.0,255200.0,280000.0,305000.0,,265600.0,234600.0,0.127884615384615,,265600.0,0.100248550124275,265600.0,,304600.0,0.0992421508480693,1.744,1779.0,1768.0,,,1750.0,,1786.0,
90001-CA,2015,1,24181,6.04500910851804,,,,,,,,235.05039193729,,,233.579354575995,,,,,,240000.0,,,240000.0,,,,,,,,,,,,,,,,,,,,,,,,,,262.0,,,,18.11,78.1,7.14285714285714,,,12.26,212100.0,256400.0,283500.0,307300.0,,269100.0,235600.0,0.133237133237133,,269100.0,0.10831960461285,269100.0,,306500.0,0.100143575017947,1.768,1797.0,1795.0,,,1789.0,,1805.0,
90001-CA,2015,2,24182,2.5031541708711,,,,,,,,243.456223807906,,,240.123456790123,,,,,,249999.0,,,249949.5,,,,,,,,,,,,,,,,,,,,,,,,,,265.0,,,,15.92,80.64,2.0,,,12.33,213800.0,259200.0,287300.0,311800.0,,272200.0,239600.0,0.142584644730567,,272200.0,0.117864476386037,272200.0,,311000.0,0.109921484653819,1.79,1814.0,1803.0,,,1794.0,,1822.0,
90001-CA,2015,3,24183,10.7078785509342,,,,,,,,232.1083172147,,,232.1083172147,,,,,,255000.0,,,252500.0,,,,,,,,,,,,,,,,,,,,,,,,,,269.0,,,,13.15,83.86,13.3333333333333,,,12.35,217200.0,262300.0,289700.0,315300.0,,274900.0,243900.0,0.145070422535211,,274900.0,0.122498979175174,274900.0,,314500.0,0.105836849507736,1.808,1833.0,1807.0,,,1785.0,,1841.0,
90001-CA,2015,4,24184,7.65733146923541,,,,,,,,240.671639900833,,,240.671639900833,,,,,,250000.0,,,252500.0,,,,,,,,,,,,,,,,,,,,,,,,,,271.0,,,,7.42,89.34,5.55555555555556,,,12.47,222700.0,262900.0,291300.0,317700.0,,278100.0,247200.0,0.149767441860465,,278100.0,0.12911084043849,278100.0,,316600.0,0.0947441217150761,1.816,1838.0,1803.0,,,1767.0,,1845.0,
90001-CA,2015,5,24185,3.12308099126076,,,,,,,,247.844827586207,,,247.844827586207,,,,,,250000.0,,,252500.0,,,,,,,,,,,,,,,,,,,,,,,,,,273.0,,,,5.03,92.28,4.16666666666667,,,12.49,227000.0,263800.0,293000.0,318500.0,,281700.0,250200.0,0.151403589507593,,281700.0,0.138641875505255,281700.0,,317400.0,0.0899725274725275,1.824,1849.0,1801.0,,,1749.0,,1855.0,
90001-CA,2015,6,24186,5.9899260287437,,,,,,,,238.242097147263,,,238.242097147263,,,,,,262500.0,,,265000.0,,,,,,,,,,,,,,,,,,,,,,,,,,275.0,,,,4.59,92.5,4.16666666666667,,,12.73,228900.0,266600.0,294700.0,318000.0,,285200.0,251500.0,0.13390441839495,,285200.0,0.143086172344689,285200.0,,317200.0,0.0848153214774282,1.826,1848.0,1801.0,,,1752.0,,1856.0,
90001-CA,2015,7,24187,0.134833450143915,,,,,,,,232.142857142857,,196.465784627314,232.142857142857,,,,,,270000.0,,392500.0,270000.0,,,,,,,,,,,,,,,,,,,,,,,,,,279.0,,,,4.68,91.83,0.0,,,12.94,228100.0,270100.0,296900.0,318100.0,,287900.0,252900.0,0.121507760532151,,287900.0,0.138844936708861,287900.0,,317900.0,0.0754397834912043,1.826,1853.0,1805.0,,,1757.0,,1862.0,
90001-CA,2015,8,24188,10.1328255081217,,,,,,,,247.148288973384,,206.894608391087,247.148288973384,,,,,,272500.0,,379000.0,272500.0,,,,,,,,,,,,,,,,,,,,,,,,,,281.0,,,,3.49,92.97,11.1111111111111,,,13.11,226400.0,273000.0,299400.0,320200.0,,289500.0,255100.0,0.116411378555799,,289500.0,0.130859375,289500.0,,320400.0,0.072289156626506,1.844,1872.0,1807.0,,,1751.0,,1881.0,
90001-CA,2015,9,24189,7.82933306397911,,,,,,,,252.162661233104,,208.77931547619,252.162661233104,,,,,,275000.0,,386400.0,275000.0,,,,,,,,,,,,,,,,,,,,,,,,,,282.0,,,,3.11,94.25,6.97674418604651,,,13.08,225900.0,273200.0,301400.0,322300.0,,290400.0,255700.0,0.108846487424111,,290400.0,0.124709527498064,290400.0,,322600.0,0.0721169823861748,1.868,1899.0,1821.0,,,1758.0,,1909.0,
90001-CA,2015,10,24190,8.66126570994595,,,,,,,,289.179104477612,,213.134517766497,289.179104477612,,,,,,275000.0,,382500.0,275000.0,,,,,,,,,,,,,,,,,,,,,,,,,,283.0,,,,5.6,91.21,7.5,,,12.91,226600.0,271900.0,302400.0,323600.0,,290900.0,255100.0,0.0986218776916451,,290900.0,0.118846153846154,290900.0,,323300.0,0.0662928759894459,1.89,1919.0,1833.0,,,1767.0,,1930.0,
90001-CA,2015,11,24191,8.16090311448326,,,,,,,,279.477022071216,,218.078654505761,279.477022071216,,,,,,299000.0,,419900.0,299000.0,,,,,,,,,,,,,,,,,,,,,,,,,,285.0,,,,9.09,86.01,7.89473684210526,,,12.63,226500.0,272400.0,304000.0,324700.0,,291300.0,254500.0,0.0885372112917023,,291300.0,0.111832061068702,291300.0,,324400.0,0.0653530377668309,1.9,1928.0,1852.0,,,1791.0,,1939.0,
90001-CA,2015,12,24192,9.15854131260985,,,,,,,,280.03613369467,,221.073967350191,279.477022071216,,,,,,299900.0,,419900.0,299450.0,,,,,,,,,,,,,,,,,,,,,,,,,,286.0,,,,11.63,84.18,10.2564102564103,,,12.7,228600.0,275100.0,305500.0,326500.0,,292000.0,254500.0,0.0848252344416027,,292000.0,0.0993975903614458,292000.0,,326800.0,0.0728824688115561,1.922,1951.0,1881.0,,,1824.0,,1961.0,
90001-CA,2016,1,24193,13.9021519656609,,,,,,,,280.03613369467,,222.292993630573,279.477022071216,,,,,,299950.0,,419500.0,299499.5,,,,,,,,,,,,,,,,,,,,,,,,,,289.0,,,,5.93,90.34,15.0,,,12.47,234400.0,278200.0,308400.0,330400.0,,294500.0,256200.0,0.0874363327674024,,294500.0,0.0943887030843553,294500.0,,331000.0,0.0799347471451876,1.954,1987.0,1914.0,,,1844.0,,1996.0,
90001-CA,2016,2,24194,6.88613289427535,,,,,,,,291.536072432294,,223.733101896118,291.858552631579,,,,,,302500.0,,390000.0,305000.0,,,,,,,,,,,,,,,,,,,,,,,,,,292.0,,,,8.22,87.65,6.38297872340426,,,12.48,240100.0,281200.0,313400.0,333900.0,,297800.0,260500.0,0.087228714524207,,297800.0,0.0940484937545922,297800.0,,335200.0,0.0778135048231511,1.976,2016.0,1936.0,,,1859.0,,2029.0,
90001-CA,2016,3,24195,14.0412118842675,,,,,,,,290.282722042431,,226.929989060791,289.351851851852,,,,,,312500.0,,397500.0,315000.0,,,,,,,,,,,,,,,,,,,,,,,,,,295.0,,,,9.49,86.4,16.6666666666667,,,12.7,243100.0,283100.0,318500.0,335500.0,,300500.0,264300.0,0.0836408364083641,,300500.0,0.093124772644598,300500.0,,338000.0,0.0747217806041336,1.984,2026.0,1952.0,,,1878.0,,2040.0,
90001-CA,2016,4,24196,4.14259224021046,,,,,,,,288.83074425136,,235.294117647059,288.83074425136,,,,,,321500.0,,400000.0,321500.0,,,,,,,,,,,,,,,,,,,,,,,,,,297.0,,,,8.42,88.77,2.04081632653061,,,13.07,244400.0,285200.0,321800.0,336800.0,,302500.0,267400.0,0.0817152103559871,,302500.0,0.0877382236605538,302500.0,,339400.0,0.0720151610865445,1.968,2010.0,1954.0,,,1905.0,,2025.0,
90001-CA,2016,5,24197,3.21173347353027,,,,,,,,287.216334777509,,222.162108990753,288.309636650869,,,,,,327400.0,,415000.0,329900.0,,,,,,,,,,,,,,,,,,,,,,,,,,297.0,,,,2.47,95.04,4.25531914893617,,,12.84,243400.0,287100.0,323800.0,338400.0,,303800.0,268900.0,0.074740207833733,,303800.0,0.078452254171104,303800.0,,340800.0,0.0737240075614367,1.95,1983.0,1957.0,,,1927.0,,1998.0,
90001-CA,2016,6,24198,1.82325936207703,,,,,,,,308.895131086142,,227.786113123091,308.895131086142,,,,,,327000.0,,475000.0,327000.0,,,,,,,,,,,,,,,,,,,,,,,,,,300.0,,,,1.49,96.56,0.0,,,12.81,246100.0,291100.0,324700.0,341600.0,,306300.0,270600.0,0.0759443339960239,,306300.0,0.0739831697054699,306300.0,,345400.0,0.0889029003783102,1.948,1977.0,1963.0,,,1943.0,,1993.0,
90001-CA,2016,7,24199,10.7731313224843,,,,,,,,297.285499848427,,245.351239669421,297.285499848427,,,,,,325450.0,,475000.0,325450.0,,,,,,,,,,,,,,,,,,,,,,,,,,304.0,,,,1.15,97.51,10.6382978723404,,,13.0,253300.0,295900.0,326600.0,346000.0,,310400.0,273400.0,0.081059707394227,,310400.0,0.0781521361583883,310400.0,,351200.0,0.104749921358918,1.964,1986.0,1975.0,,,1954.0,,2001.0,
90001-CA,2016,8,24200,3.89976317749843,,,,,,,,283.25,,254.993406688164,283.25,,,,,,328450.0,,439000.0,328450.0,,,,,,,,,,,,,,,,,,,,,,,,,,308.0,,,,0.8,98.75,4.8780487804878,,,13.12,258900.0,299800.0,329400.0,349400.0,,314600.0,277900.0,0.0893767150137201,,314600.0,0.0867012089810017,314600.0,,354100.0,0.10518102372035,1.984,2004.0,1992.0,,,1974.0,,2017.0,
90001-CA,2016,9,24201,11.0566705105857,,,,,,,,304.114490161002,,239.247311827957,304.803493449782,,,,,,329950.0,,445000.0,330000.0,,,,,,,,,,,,,,,,,,,,,,,,,,311.0,,,,0.57,99.15,10.2040816326531,,,13.14,261000.0,302200.0,332900.0,354000.0,,318400.0,283200.0,0.107547907704341,,318400.0,0.0964187327823691,318400.0,,357000.0,0.106633601983881,2.002,2021.0,2008.0,,,1988.0,,2034.0,
90001-CA,2016,10,24202,10.4635912913413,,,,,,,,305.118469570297,,254.827682992843,307.727891156463,,,,,,326000.0,,433350.0,329000.0,,,,,,,,,,,,,,,,,,,,,,,,,,316.0,,,,0.52,99.38,9.30232558139535,,,13.31,264300.0,306300.0,337600.0,360600.0,,323000.0,289300.0,0.13406507252058,,323000.0,0.110347198349948,323000.0,,363300.0,0.123724095267553,2.004,2028.0,2019.0,,,2004.0,,2041.0,
90001-CA,2016,11,24203,9.15505516126688,,,,,,,,304.114490161002,,254.816656308266,305.641025641026,,,,,,330000.0,,444500.0,331420.0,,,,,,,,,,,,,,,,,,,,,,,,,,321.0,,,,0.65,99.2,8.88888888888889,,,13.33,267100.0,311000.0,342400.0,365500.0,,327100.0,293200.0,0.152062868369352,,327100.0,0.122897356676965,327100.0,,369700.0,0.13964241676942,2.008,2038.0,2030.0,,,2013.0,,2054.0,
90001-CA,2016,12,24204,11.0972530074191,,,,,,,,301.047968885048,,253.759398496241,307.384227251777,,,,,,326000.0,,450000.0,327000.0,,,,,,,,,,,,,,,,,,,,,,,,,,325.0,,,,0.9,98.85,12.1951219512195,,,13.35,271200.0,317200.0,346400.0,368900.0,,331400.0,297000.0,0.166994106090373,,331400.0,0.134931506849315,331400.0,,374000.0,0.144430844553244,2.02,2058.0,2051.0,,,2033.0,,2077.0,
90001-CA,2017,1,24205,3.78020074614871,,,,,,,,310.635143002693,,252.039461038711,318.910256410256,,,,,,325500.0,,499449.5,326000.0,,,,,,,,,,,,,,,,,,,,,,,,,,329.0,,,,1.0,98.61,4.8780487804878,,,13.34,277800.0,323300.0,351000.0,373800.0,,337200.0,302400.0,0.180327868852459,,337200.0,0.144991511035654,337200.0,,378400.0,0.143202416918429,2.038,2084.0,2074.0,,,2057.0,,2103.0,
90001-CA,2017,2,24206,5.04860871632564,,,,,,,,318.910256410256,,258.054287163876,319.032143368736,,,,,,320000.0,,475000.0,322500.0,,,,,,,,,,,,,,,,,,,,,,,,,,333.0,,,,1.2,98.48,4.54545454545455,,,13.05,282100.0,328300.0,356300.0,378800.0,,343300.0,306300.0,0.175815738963532,,343300.0,0.152787105439893,343300.0,,382800.0,0.14200477326969,2.078,2127.0,2114.0,,,2092.0,,2144.0,
90001-CA,2017,3,24207,2.02570800829855,,,,,,,,320.480854853072,,261.381172839506,321.259096257705,,,,,,325000.0,,450000.0,325000.0,,,,,,,,,,,,,,,,,,,,,,,,,,338.0,,,,1.12,98.56,4.65116279069767,,,12.82,283900.0,333000.0,361500.0,383200.0,,348100.0,306800.0,0.160802118804389,,348100.0,0.158402662229617,348100.0,,386600.0,0.143786982248521,2.136,2184.0,2155.0,,,2118.0,,2198.0,
90001-CA,2017,4,24208,11.1926850045889,,,,,,,,326.0,,267.261904761905,329.499498495486,,,,,,326000.0,,450000.0,326500.0,,,,,,,,,,,,,,,,,,,,,,,,,,342.0,,,,0.67,98.98,9.09090909090909,,,12.71,290300.0,339300.0,365600.0,388100.0,,351300.0,310900.0,0.162677636499626,,351300.0,0.161322314049587,351300.0,,390100.0,0.14938126104891,2.196,2245.0,2197.0,,,2139.0,,2256.0,
90001-CA,2017,5,24209,6.64872201690179,,,,,,,,324.904761904762,,261.633566978193,326.0,,,,,,336950.0,,442950.0,339000.0,,,,,,,,,,,,,,,,,,,,,,,,,,345.0,,,,0.6,99.23,7.69230769230769,,,12.78,301000.0,343500.0,368300.0,392900.0,,352100.0,318000.0,0.182595760505764,,352100.0,0.158986175115207,352100.0,,394100.0,0.156396713615023,2.24,2291.0,2226.0,,,2160.0,,2300.0,
90001-CA,2017,6,24210,8.64144118025885,,,,,,,,319.455128205128,,266.757014785721,320.0,,,,,,334900.0,,440000.0,337450.0,,,,,,,,,,,,,,,,,,,,,,,,,,346.0,,,,0.62,99.2,6.81818181818182,,,12.63,307700.0,343900.0,370300.0,395800.0,,352000.0,322700.0,0.192535107169254,,352000.0,0.149200130590924,352000.0,,396900.0,0.149102489866821,2.268,2323.0,2253.0,,,2181.0,,2331.0,
90001-CA,2017,7,24211,4.39015259908009,,,,,,,,309.997369016755,,270.021645021645,313.425394967817,,,,,,349900.0,,445450.0,349950.0,,,,,,,,,,,,,,,,,,,,,,,,,,346.0,,,,4.31,94.85,4.25531914893617,,,12.68,309800.0,342900.0,371300.0,397500.0,,352400.0,324200.0,0.185808339429407,,352400.0,0.135309278350515,352400.0,,398800.0,0.135535307517084,2.288,2343.0,2270.0,,,2197.0,,2350.0,
90001-CA,2017,8,24212,3.56716894246517,,,,,,,,303.411131059246,,262.85046728972,304.097540838265,,,,,,350000.0,,475000.0,350000.0,,,,,,,,,,,,,,,,,,,,,,,,,,348.0,,,,3.31,96.24,4.54545454545455,,,12.86,310900.0,343100.0,372300.0,399700.0,,353900.0,325900.0,0.172724001439367,,353900.0,0.124920534011443,353900.0,,401000.0,0.132448460886755,2.296,2352.0,2275.0,,,2198.0,,2359.0,
90001-CA,2017,9,24213,0.852588877932598,,,,,,,,305.759803921569,,258.214386179335,306.164573493631,,,,,,350000.0,,485000.0,350000.0,,,,,,,,,,,,,,,,,,,,,,,,,,349.0,,,,1.39,98.16,0.0,,,13.09,312500.0,343700.0,373600.0,402000.0,,355400.0,327700.0,0.157132768361582,,355400.0,0.116206030150754,355400.0,,403200.0,0.129411764705882,2.286,2343.0,2268.0,,,2198.0,,2351.0,
90001-CA,1996,4,23956,,,,,,,,,,,,,,,,,,,,,,,,,,,,,,,,,,,,,,,,,,,,,,,108.0,,,,,,,,,,94000.0,107300.0,121600.0,129200.0,,114100.0,97900.0,,,114100.0,,114100.0,,128400.0,,,,,,,,,,
90001-CA,1996,5,23957,,,,,,,,,,,,,,,,,,,,,,,,,,,,,,,,,,,,,,,,,,,,,,,106.0,,,,,,,,,,94200.0,106300.0,121400.0,128400.0,,112900.0,97400.0,,,112900.0,,112900.0,,127800.0,,,,,,,,,,
90001-CA,1996,6,23958,,,,,,,,,,,,,,,,,,,,,,,,,,,,,,,,,,,,,,,,,,,,,,,106.0,,,,,,,,,,96400.0,107000.0,120800.0,127600.0,,113000.0,99100.0,,,113000.0,,113000.0,,127300.0,,,,,,,,,,
90001-CA,1996,7,23959,,,,,,,,,,,,,,,,,,,,,,,,,,,,,,,,,,,,,,,,,,,,,,,107.0,,,,,,,,,,97200.0,107700.0,119300.0,127000.0,,112800.0,100200.0,,,112800.0,,112800.0,,126600.0,,,,,,,,,,
90001-CA,1996,8,23960,,,,,,,,,,,,,,,,,,,,,,,,,,,,,,,,,,,,,,,,,,,,,,,107.0,,,,,,,,,,96700.0,107800.0,118100.0,127500.0,,112300.0,100400.0,,,112300.0,,112300.0,,126100.0,,,,,,,,,,
90001-CA,1996,9,23961,,,,,,,,,,,,,,,,,,,,,,,,,,,,,,,,,,,,,,,,,,,,,,,108.0,,,,,,,,,,95900.0,108100.0,117500.0,127100.0,,112000.0,101200.0,,,112000.0,,112000.0,,125700.0,,,,,,,,,,
90001-CA,1996,10,23962,,,,,,,,,,,,,,,,,,,,,,,,,,,,,,,,,,,,,,,,,,,,,,,109.0,,,,,,,,,,95700.0,109200.0,117300.0,125700.0,,112200.0,102900.0,,,112200.0,,112200.0,,125300.0,,,,,,,,,,
90001-CA,1996,11,23963,,,,,,,,,,,,,,,,,,,,,,,,,,,,,,,,,,,,,,,,,,,,,,,109.0,,,,,,,,,,95000.0,110200.0,117200.0,124800.0,,112500.0,104000.0,,,112500.0,,112500.0,,125000.0,,,,,,,,,,
90001-CA,1996,12,23964,,,,,,,,,,,,,,,,,,,,,,,,,,,,,,,,,,,,,,,,,,,,,,,111.0,,,,,,,,,,94500.0,111300.0,117700.0,124200.0,,113300.0,104400.0,,,113300.0,,113300.0,,124900.0,,,,,,,,,,
90001-CA,1997,1,23965,,,,,,,,,,,,,,,,,,,,,,,,,,,,,,,,,,,,,,,,,,,,,,,112.0,,,,,,,,,,94000.0,112200.0,118800.0,123400.0,,114300.0,105200.0,,,114300.0,,114300.0,,125300.0,,,,,,,,,,
90001-CA,1997,2,23966,,,,,,,,,,,,,,,,,,,,,,,,,,,,,,,,,,,,,,,,,,,,,,,113.0,,,,39.75,50.72,,,,,93200.0,113100.0,120200.0,122800.0,,115300.0,106100.0,,,115300.0,,115300.0,,126100.0,,,,,,,,,,
90001-CA,1997,3,23967,,,,,,,,,,,,,,,,,,,,,,,,,,,,,,,,,,,,,,,,,,,,,,,113.0,,,,45.58,46.47,,,,,92800.0,114000.0,120900.0,122500.0,,116300.0,106800.0,,,116300.0,,116300.0,,126700.0,,,,,,,,,,
90001-CA,1997,4,23968,,,,,,,,,,,,,,,,,,,,,,,,,,,,,,,,,,,,,,,,,,,,,,,114.0,,,,47.6,43.43,,,,,92100.0,114000.0,121400.0,123000.0,,117000.0,106600.0,0.0888661899897855,,117000.0,0.0254163014899211,117000.0,,127300.0,-0.00856697819314642,,,,,,,,,
90001-CA,1997,5,23969,,,,,,,,,,,,,,,,,,,,,,,,,,,,,,,,,,,,,,,,,,,,,,,114.0,,,,45.13,46.12,,,,,89200.0,112700.0,122300.0,123600.0,,117000.0,105200.0,0.080082135523614,,117000.0,0.0363153232949513,117000.0,,127800.0,0.0,,,,,,,,,
90001-CA,1997,6,23970,,,,,,,,,,,,,,,,,,,,,,,,,,,,,,,,,,,,,,,,,,,,,,,113.0,,,,54.0,38.44,,,,,85100.0,111100.0,123100.0,123700.0,,116600.0,102500.0,0.0343087790110999,,116600.0,0.031858407079646,116600.0,,127900.0,0.00471327572663001,,,,,,,,,
90001-CA,1997,7,23971,,,,,,,,,,,,,,,,,,,,,,,,,,,,,,,,,,,,,,,,,,,,,,,112.0,,,,57.14,36.12,,,,,81900.0,109300.0,123700.0,124000.0,,116100.0,99700.0,-0.00499001996007984,,116100.0,0.0292553191489362,116100.0,,128000.0,0.0110584518167457,,,,,,,,,
90001-CA,1997,8,23972,,,,,,,,,,,,,,,,,,,,,,,,,,,,,,,,,,,,,,,,,,,,,,,111.0,,,,55.98,35.8,,,,,80900.0,107400.0,124100.0,125300.0,,115500.0,97400.0,-0.0298804780876494,,115500.0,0.0284951024042743,115500.0,,128800.0,0.021411578112609,,,,,,,,,
90001-CA,1997,9,23973,,,,,,,,,,,,,,,,,,,,,,,,,,,,,,,,,,,,,,,,,,,,,,,111.0,,,,57.21,34.83,,,,,82000.0,105800.0,124400.0,126800.0,,115300.0,95900.0,-0.0523715415019763,,115300.0,0.0294642857142857,115300.0,,129600.0,0.0310262529832936,,,,,,,,,
90001-CA,1997,10,23974,,,,,,,,,,,,,,,,,,,,,,,,,,,,,,,,,,,,,,,,,,,,,,,110.0,,,,56.92,35.57,,,,,84000.0,104200.0,124200.0,127400.0,,115000.0,94700.0,-0.0796890184645287,,115000.0,0.0249554367201426,115000.0,,129800.0,0.0359138068635275,,,,,,,,,
90001-CA,1997,11,23975,,,,,,,,,,,,,,,,,,,,,,,,,,,,,,,,,,,,,,,,,,,,,,,110.0,,,,52.67,38.36,,,,,86200.0,103400.0,124000.0,128200.0,,114900.0,94000.0,-0.0961538461538462,,114900.0,0.0213333333333333,114900.0,,130400.0,0.0432,,,,,,,,,
90001-CA,1997,12,23976,,,,,,,,,,,,,,,,,,,,,,,,,,,,,,,,,,,,,,,,,,,,,,,111.0,,,,51.66,36.64,,,,,88200.0,104100.0,124400.0,129600.0,,115400.0,94700.0,-0.092911877394636,,115400.0,0.0185348631950574,115400.0,,131500.0,0.0528422738190552,,,,,,,,,
90001-CA,1998,1,23977,,,,,,,,,,,,,,,,,,,,,,,,,,,,,,,,,,,,,,,,,,,,,,,112.0,,,,55.46,34.44,,,,,89900.0,105600.0,125200.0,131400.0,,116500.0,96600.0,-0.0817490494296578,,116500.0,0.0192475940507437,116500.0,,132500.0,0.0574620909816441,,,,,,,,,
90001-CA,1998,2,23978,,,,,,,,,,,,,,,,,,,,,,,,,,,,,,,,,,,,,,,,,,,,,,,113.0,,,,54.67,36.89,,,,,91300.0,106300.0,125800.0,132500.0,,117100.0,97900.0,-0.0772855796418473,,117100.0,0.01561144839549,117100.0,,133400.0,0.0578905630452022,,,,,,,,,
90001-CA,1998,3,23979,,,,,,,,,,,,,,,,,,,,,,,,,,,,,,,,,,,,,,,,,,,,,,,113.0,,,,49.73,40.27,,,,,92300.0,107000.0,125900.0,133300.0,,117400.0,98700.0,-0.0758426966292135,,117400.0,0.00945829750644884,117400.0,,134500.0,0.0615627466456196,,,,,,,,,
90001-CA,1998,4,23980,,,,,,,,,,,,,,,,,,,,,,,,,,,,,,,,,,,,,,,,,,,,,,,115.0,,,,43.8,45.09,,,,,94400.0,108600.0,125700.0,133900.0,,118000.0,100200.0,-0.0600375234521576,,118000.0,0.00854700854700855,118000.0,,135400.0,0.0636292223095051,,,,,,,,,
90001-CA,1998,5,23981,,,,,,,,,,,,,,,,,,,,,,,,,,,,,,,,,,,,,,,,,,,,,,,115.0,,,,45.19,45.33,,,,,96600.0,110200.0,125400.0,134500.0,,118200.0,101500.0,-0.035171102661597,,118200.0,0.0102564102564103,118200.0,,136000.0,0.0641627543035994,,,,,,,,,
90001-CA,1998,6,23982,,,,,,,,,,,,,,,,,,,,,,,,,,,,,,,,,,,,,,,,,,,,,,,116.0,,,,29.43,62.86,,,,,97700.0,111000.0,125400.0,134700.0,,118300.0,102400.0,-0.000975609756097561,,118300.0,0.0145797598627787,118300.0,,136100.0,0.0641125879593432,,,,,,,,,
90001-CA,1998,7,23983,,,,,,,,,,,,,,,,,,,,,,,,,,,,,,,,,,,,,,,,,,,,,,,117.0,,,,24.05,68.69,,,,,98200.0,111700.0,126000.0,134300.0,,118600.0,103600.0,0.0391173520561685,,118600.0,0.0215331610680448,118600.0,,135900.0,0.06171875,,,,,,,,,
90001-CA,1998,8,23984,,,,,,,,,,,,,,,,,,,,,,,,,,,,,,,,,,,,,,,,,,,,,,,118.0,,,,24.69,66.89,,,,,98900.0,112700.0,126900.0,133600.0,,119600.0,104800.0,0.0759753593429158,,119600.0,0.0354978354978355,119600.0,,136000.0,0.0559006211180124,,,,,,,,,
90001-CA,1998,9,23985,,,,,,,,,,,,,,,,,,,,,,,,,,,,,,,,,,,,,,,,,,,,,,,118.0,,,,29.7,60.54,,,,,98500.0,113300.0,127400.0,133700.0,,120200.0,105000.0,0.0948905109489051,,120200.0,0.0424978317432784,120200.0,,136500.0,0.0532407407407407,,,,,,,,,
90001-CA,1998,10,23986,,,,,,,,,,,,,,,,,,,,,,,,,,,,,,,,,,,,,,,,,,,,,,,118.0,,,,28.79,60.59,,,,,97900.0,113600.0,127900.0,134900.0,,120700.0,105200.0,0.110876451953537,,120700.0,0.0495652173913043,120700.0,,137200.0,0.0570107858243451,,,,,,,,,
90001-CA,1998,11,23987,,,,,,,,,,,,,,,,,,,,,,,,,,,,,,,,,,,,,,,,,,,,,,,118.0,,,,35.36,54.59,,,,,98100.0,113900.0,128600.0,135800.0,,120900.0,106000.0,0.127659574468085,,120900.0,0.0522193211488251,120900.0,,137400.0,0.053680981595092,,,,,,,,,
90001-CA,1998,12,23988,,,,,,,,,,,,,,,,,,,,,,,,,,,,,,,,,,,,,,,,,,,,,,,118.0,,,,47.43,40.62,,,,,97600.0,113600.0,128300.0,135100.0,,120300.0,106600.0,0.125659978880676,,120300.0,0.0424610051993068,120300.0,,136700.0,0.0395437262357414,,,,,,,,,
90001-CA,1999,1,23989,,,,,,,,,,,,,,,,,,,,,,,,,,,,,,,,,,,,,,,,,,,,,,,117.0,,,,47.77,43.03,,,,,95500.0,111900.0,127100.0,134000.0,,118600.0,105500.0,0.0921325051759834,,118600.0,0.0180257510729614,118600.0,,135600.0,0.0233962264150943,,,,,,,,,
90001-CA,1999,2,23990,,,,,,,,,,,,,,,,,,,,,,,,,,,,,,,,,,,,,,,,,,,,,,,116.0,,,,50.65,40.12,,,,,93300.0,110700.0,126100.0,133000.0,,117300.0,104100.0,0.0633299284984678,,117300.0,0.00170794192997438,117300.0,,134300.0,0.00674662668665667,,,,,,,,,
90001-CA,1999,3,23991,,,,,,,,,,,,,,,,,,,,,,,,,,,,,,,,,,,,,,,,,,,,,,,116.0,,,,47.89,42.76,,,,,92400.0,110800.0,126300.0,132500.0,,117300.0,103700.0,0.0506585612968592,,117300.0,-0.000851788756388416,117300.0,,133700.0,-0.00594795539033457,,,,,,,,,
90001-CA,1999,4,23992,,,,,,,,,,,,,,,,,,,,,,,,,,,,,,,,,,,,,,,,,,,,,,,117.0,,,,44.53,47.89,,,,,92400.0,111700.0,127000.0,132200.0,,118300.0,104100.0,0.0389221556886228,,118300.0,0.00254237288135593,118300.0,,133900.0,-0.0110782865583456,,,,,,,,,
90001-CA,1999,5,23993,,,,,,,,,,,,,,,,,,,,,,,,,,,,,,,,,,,,,,,,,,,,,,,117.0,,,,44.36,47.25,,,,,93400.0,112700.0,127000.0,131900.0,,119200.0,104800.0,0.032512315270936,,119200.0,0.00846023688663283,119200.0,,134000.0,-0.0147058823529412,,,,,,,,,
90001-CA,1999,6,23994,,,,,,,,,,,,,,,,,,,,,,,,,,,,,,,,,,,,,,,,,,,,,,,117.0,,,,46.61,46.24,,,,,94800.0,113600.0,125700.0,130800.0,,119200.0,105900.0,0.0341796875,,119200.0,0.00760777683854607,119200.0,,132800.0,-0.0242468772961058,,,,,,,,,
90001-CA,1999,7,23995,,,,,,,,,,,,,,,,,,,,,,,,,,,,,,,,,,,,,,,,,,,,,,,117.0,,,,46.48,44.44,,,,,96700.0,114200.0,123900.0,129300.0,,118600.0,106800.0,0.0308880308880309,,118600.0,0.0,118600.0,,131400.0,-0.033112582781457,,,,,,,,,
90001-CA,1999,8,23996,,,,,,,,,,,,,,,,,,,,,,,,,,,,,,,,,,,,,,,,,,,,,,,116.0,,,,44.86,46.19,,,,,98300.0,114600.0,123200.0,128000.0,,118400.0,107400.0,0.0248091603053435,,118400.0,-0.0100334448160535,118400.0,,130800.0,-0.0382352941176471,,,,,,,,,
90001-CA,1999,9,23997,,,,,,,,,,,,,,,,,,,,,,,,,,,,,,,,,,,,,,,,,,,,,,,117.0,,,,38.54,50.8,,,,,100300.0,115700.0,123500.0,128000.0,,119000.0,108500.0,0.0333333333333333,,119000.0,-0.00998336106489185,119000.0,,130800.0,-0.0417582417582418,,,,,,,,,
90001-CA,1999,10,23998,,,,,,,,,,,,,,,,,,,,,,,,,,,,,,,,,,,,,,,,,,,,,,,118.0,,,,36.98,52.8,,,,,102700.0,117300.0,123900.0,129200.0,,119900.0,110200.0,0.0475285171102662,,119900.0,-0.00662800331400166,119900.0,,130900.0,-0.0459183673469388,,,,,,,,,
90001-CA,1999,11,23999,,,,,,,,,,,,,,,,,,,,,,,,,,,,,,,,,,,,,,,,,,,,,,,119.0,,,,32.34,58.41,,,,,104600.0,118800.0,124100.0,130600.0,,121100.0,111700.0,0.0537735849056604,,121100.0,0.00165425971877585,121100.0,,131200.0,-0.0451237263464338,,,,,,,,,
90001-CA,1999,12,24000,,,,,,,,,,,,,,,,,,,,,,,,,,,,,,,,,,,,,,,,,,,,,,,119.0,,,,15.66,76.81,,,,,104400.0,119900.0,124800.0,131600.0,,122500.0,112300.0,0.0534709193245779,,122500.0,0.0182876142975894,122500.0,,132300.0,-0.0321872713972202,,,,,,,,,
90001-CA,2000,1,24001,,,,,,,,,,,,,,,,,,,,,,,,,,,,,,,,,,,,,,,,,,,,,,,120.0,,,,12.77,80.87,,,,,103900.0,120700.0,125900.0,132700.0,,123300.0,112700.0,0.0682464454976303,,123300.0,0.0396290050590219,123300.0,,133500.0,-0.0154867256637168,,,,,,,,,
90001-CA,2000,2,24002,,,,,,,,,,,,,,,,,,,,,,,,,,,,,,,,,,,,,,,,,,,,,,,121.0,,,,10.77,84.89,,,,,102300.0,121100.0,127100.0,134400.0,,123800.0,113000.0,0.0854947166186359,,123800.0,0.0554134697357204,123800.0,,134400.0,0.000744601638123604,,,,,,,,,
90001-CA,2000,3,24003,,,,,,,,,,,,,,,,,,,,,,,,,,,,,,,,,,,,,,,,,,,,,,,122.0,,,,11.34,82.47,,,,,101700.0,122100.0,128600.0,136200.0,,125200.0,113900.0,0.0983606557377049,,125200.0,0.0673486786018755,125200.0,,135300.0,0.0119670905011219,,,,,,,,,
90001-CA,2000,4,24004,,,,,,,,,,,,,,,,,,,,,,,,,,,,,,,,,,,,,,,,,,,,,,,123.0,,,,10.8,81.85,,,,,102300.0,123800.0,130200.0,137500.0,,127000.0,115600.0,0.110470701248799,,127000.0,0.073541842772612,127000.0,,136400.0,0.0186706497386109,,,,,,,,,
90001-CA,2000,5,24005,,,,,,,,,,,,,,,,,,,,,,,,,,,,,,,,,,,,,,,,,,,,,,,125.0,,,,10.45,83.78,,,,,103800.0,125300.0,131300.0,138900.0,,128000.0,117400.0,0.120229007633588,,128000.0,0.0738255033557047,128000.0,,137300.0,0.0246268656716418,,,,,,,,,
90001-CA,2000,6,24006,,,,,,,,,,,,,,,,,,,,,,,,,,,,,,,,,,,,,,,,,,,,,,,126.0,,,,12.43,81.09,,,,,106400.0,126000.0,132700.0,141100.0,,128800.0,118300.0,0.117091595845137,,128800.0,0.0805369127516778,128800.0,,139400.0,0.0496987951807229,,,,,,,,,
90001-CA,2000,7,24007,,,,,,,,,,,,,,,,,,,,,,,,,,,,,,,,,,,,,,,,,,,,,,,127.0,,,,8.21,86.17,,,,,109700.0,126700.0,134300.0,142900.0,,129700.0,118900.0,0.113295880149813,,129700.0,0.0935919055649241,129700.0,,141600.0,0.0776255707762557,,,,,,,,,
90001-CA,2000,8,24008,,,,,,,,,,,,,,,,,,,,,,,,,,,,,,,,,,,,,,,,,,,,,,,126.0,,,,9.96,84.2,,,,,111100.0,126800.0,134700.0,143600.0,,129800.0,118900.0,0.10707635009311,,129800.0,0.0962837837837838,129800.0,,142400.0,0.0886850152905199,,,,,,,,,
90001-CA,2000,9,24009,,,,,,,,,,,,,,,,,,,,,,,,,,,,,,,,,,,,,,,,,,,,,,,125.0,,,,12.72,80.37,,,,,111400.0,126000.0,134300.0,143600.0,,129500.0,118200.0,0.0894009216589862,,129500.0,0.0882352941176471,129500.0,,142200.0,0.0871559633027523,,,,,,,,,
90001-CA,2000,10,24010,,,,,,,,,,,,,,,,,,,,,,,,,,,,,,,,,,,,,,,,,,,,,,,124.0,,,,14.13,79.24,,,,,111500.0,124900.0,134100.0,142800.0,,129100.0,117100.0,0.0626134301270417,,129100.0,0.0767306088407006,129100.0,,141800.0,0.0832696715049656,,,,,,,,,
90001-CA,2000,11,24011,,,,,,,,,,,,,,,,,,,,,,,,,,,,,,,,,,,,,,,,,,,,,,,124.0,,,,14.87,77.19,,,,,111000.0,124000.0,133700.0,141800.0,,128400.0,116400.0,0.0420769919427037,,128400.0,0.060280759702725,128400.0,,141200.0,0.0762195121951219,,,,,,,,,
90001-CA,2000,12,24012,,,,,,,,,,,,,,,,,,,,,,,,,,,,,,,,,,,,,,,,,,,,,,,123.0,,,,21.77,69.08,,,,,111400.0,123200.0,133600.0,141900.0,,127800.0,116100.0,0.0338379341050757,,127800.0,0.043265306122449,127800.0,,140900.0,0.0650037792894936,,,,,,,,,
90001-CA,2001,1,24013,,,,,,,,,,,,,,,,,,,,,,,,,,,,,,,,,,,,,,,,,,,,,,,124.0,,,,18.14,73.21,,,,,113500.0,122800.0,134500.0,143400.0,,128200.0,116800.0,0.036379769299024,,128200.0,0.0397404703974047,128200.0,,141700.0,0.0614232209737828,,,,,,,,,
90001-CA,2001,2,24014,,,,,,,,,,,,,,,,,,,,,,,,,,,,,,,,,,,,,,,,,,,,,,,125.0,,,,20.34,71.56,,,,,116100.0,122800.0,135400.0,145000.0,,129000.0,117700.0,0.0415929203539823,,129000.0,0.0420032310177706,129000.0,,142900.0,0.0632440476190476,,,,,,,,,
90001-CA,2001,3,24015,,,,,,,,,,,,,,,,,,,,,,,,,,,,,,,,,,,,,,,,,,,,,,,126.0,,,,23.39,67.46,,,,,116300.0,123300.0,136000.0,146000.0,,129600.0,118000.0,0.0359964881474978,,129600.0,0.0351437699680511,129600.0,,143600.0,0.0613451589061345,,,,,,,,,
90001-CA,2001,4,24016,,,,,,,,,,,,,,,,,,,,,,,,,,,,,,,,,,,,,,,,,,,,,,,127.0,,,,25.59,63.94,,,,,114700.0,124000.0,136400.0,146700.0,,130200.0,117400.0,0.0155709342560554,,130200.0,0.0251968503937008,130200.0,,143600.0,0.0527859237536657,,,,,,,,,
90001-CA,2001,5,24017,,,,,,,,,,,,,,,,,,,,,,,,,,,,,,,,,,,,,,,,,,,,,,,128.0,,,,23.61,65.42,,,,,114400.0,124700.0,137100.0,147800.0,,131200.0,117300.0,-0.000851788756388416,,131200.0,0.025,131200.0,,144100.0,0.0495265841223598,,,,,,,,,
90001-CA,2001,6,24018,,,,,,,,,,,,,,,,,,,,,,,,,,,,,,,,,,,,,,,,,,,,,,,129.0,,,,28.86,58.94,,,,,115000.0,125100.0,138000.0,148900.0,,131900.0,117500.0,-0.00676246830092984,,131900.0,0.0240683229813665,131900.0,,145200.0,0.0416068866571019,,,,,,,,,
90001-CA,2001,7,24019,,,,,,,,,,,,,,,,,,,,,,,,,,,,,,,,,,,,,,,,,,,,,,,130.0,,,,34.75,51.68,,,,,115300.0,125900.0,138400.0,149600.0,,132400.0,118100.0,-0.00672834314550042,,132400.0,0.0208172706245181,132400.0,,146300.0,0.0331920903954802,,,,,,,,,
90001-CA,2001,8,24020,,,,,,,,,,,,,,,,,,,,,,,,,,,,,,,,,,,,,,,,,,,,,,,130.0,,,,26.0,62.54,,,,,114600.0,127000.0,138200.0,150100.0,,132900.0,119000.0,0.000841042893187553,,132900.0,0.0238828967642527,132900.0,,147200.0,0.0337078651685393,,,,,,,,,
90001-CA,2001,9,24021,,,,,,,,,,,,,,,,,,,,,,,,,,,,,,,,,,,,,,,,,,,,,,,131.0,,,,18.53,70.92,,,,,112500.0,128000.0,138300.0,151000.0,,133500.0,119700.0,0.0126903553299492,,133500.0,0.0308880308880309,133500.0,,148500.0,0.0443037974683544,,,,,,,,,
90001-CA,2001,10,24022,,,,,,,,,,,,,,,,,,,,,,,,,,,,,,,,,,,,,,,,,,,,,,,131.0,,,,23.56,67.69,,,,,109700.0,128500.0,138900.0,151900.0,,133800.0,119900.0,0.0239111870196413,,133800.0,0.0364058869093726,133800.0,,149500.0,0.0543018335684062,,,,,,,,,
90001-CA,2001,11,24023,,,,,,,,,,,,,,,,,,,,,,,,,,,,,,,,,,,,,,,,,,,,,,,131.0,,,,25.62,64.62,,,,,108900.0,128800.0,139600.0,152400.0,,133900.0,119700.0,0.0283505154639175,,133900.0,0.0428348909657321,133900.0,,150200.0,0.0637393767705382,,,,,,,,,
90001-CA,2001,12,24024,,,,,,,,,,,,,,,,,,,,,,,,,,,,,,,,,,,,,,,,,,,,,,,131.0,,,,28.47,61.31,,,,,109700.0,128900.0,140300.0,152600.0,,134600.0,119600.0,0.0301464254952627,,134600.0,0.05320813771518,134600.0,,150900.0,0.07097232079489,,,,,,,,,
90001-CA,2002,1,24025,,,,,,,,,,,,,,,,,,,,,,,,,,,,,,,,,,,,,,,,,,,,,,,132.0,,,,28.13,58.38,,,,,111400.0,129800.0,141300.0,154000.0,,136100.0,120400.0,0.0308219178082192,,136100.0,0.0616224648985959,136100.0,,152200.0,0.0741002117148906,,,,,,,,,
90001-CA,2002,2,24026,,,,,,,,,,,,,,,,,,,,,,,,,,,,,,,,,,,,,,,,,,,,,,,134.0,,,,35.27,52.42,,,,,113300.0,131300.0,142600.0,156600.0,,137600.0,121800.0,0.0348343245539507,,137600.0,0.0666666666666667,137600.0,,154400.0,0.0804758572428271,,,,,,,,,
90001-CA,2002,3,24027,,,,,,,,,,,,,,,,,,,,,,,,,,,,,,,,,,,,,,,,,,,,,,,135.0,,,,29.18,57.58,,,,,115400.0,131900.0,143500.0,158800.0,,138300.0,122500.0,0.038135593220339,,138300.0,0.0671296296296296,138300.0,,156400.0,0.0891364902506964,,,,,,,,,
90001-CA,2002,4,24028,,,,,,,,,,,,,,,,,,,,,,,,,,,,,,,,,,,,,,,,,,,,,,,136.0,,,,27.34,60.04,,,,,117000.0,131600.0,144200.0,160600.0,,138500.0,122800.0,0.0459965928449744,,138500.0,0.0637480798771121,138500.0,,158700.0,0.105153203342618,,,,,,,,,
90001-CA,2002,5,24029,,,,,,,,,,,,,,,,,,,,,,,,,,,,,,,,,,,,,,,,,,,,,,,137.0,,,,25.27,64.0,,,,,117500.0,132100.0,145400.0,162400.0,,139400.0,123500.0,0.0528559249786871,,139400.0,0.0625,139400.0,,160900.0,0.116585704371964,,,,,,,,,
90001-CA,2002,6,24030,,,,,,,,,,,,,,,,,,,,,,,,,,,,,,,,,,,,,,,,,,,,,,,139.0,,,,20.99,67.89,,,,,117900.0,133300.0,146700.0,164000.0,,140700.0,124500.0,0.0595744680851064,,140700.0,0.0667172100075815,140700.0,,162300.0,0.117768595041322,,,,,,,,,
90001-CA,2002,7,24031,,,,,,,,,,,,,,,,,,,,,,,,,,,,,,,,,,,,,,,,,,,,,,,139.0,,,,15.65,75.05,,,,,119400.0,134200.0,147400.0,164800.0,,141700.0,126100.0,0.0677392040643522,,141700.0,0.0702416918429003,141700.0,,162700.0,0.112098427887902,,,,,,,,,
90001-CA,2002,8,24032,,,,,,,,,,,,,,,,,,,,,,,,,,,,,,,,,,,,,,,,,,,,,,,140.0,,,,4.06,92.53,,,,,122900.0,135600.0,148600.0,165400.0,,142600.0,128700.0,0.0815126050420168,,142600.0,0.072987208427389,142600.0,,163700.0,0.112092391304348,,,,,,,,,
90001-CA,2002,9,24033,,,,,,,,,,,,,,,,,,,,,,,,,,,,,,,,,,,,,,,,,,,,,,,142.0,,,,2.41,95.21,,,,,126200.0,137900.0,150800.0,166400.0,,144100.0,131600.0,0.0994152046783626,,144100.0,0.0794007490636704,144100.0,,165800.0,0.116498316498317,,,,,,,,,
90001-CA,2002,10,24034,,,,,,,,,,,,,,,,,,,,,,,,,,,,,,,,,,,,,,,,,,,,,,,144.0,,,,5.39,91.95,,,,,127900.0,139600.0,153200.0,168600.0,,146100.0,133300.0,0.111759799833194,,146100.0,0.0919282511210762,146100.0,,168600.0,0.127759197324415,,,,,,,,,
90001-CA,2002,11,24035,,,,,,,,,,,,,,,,,,,,,,,,,,,,,,,,,,,,,,,,,,,,,,,145.0,,,,6.74,90.98,,,,,129000.0,140500.0,155200.0,170800.0,,147800.0,133900.0,0.118629908103592,,147800.0,0.103808812546677,147800.0,,171200.0,0.139813581890812,,,,,,,,,
90001-CA,2002,12,24036,,,,,,,,,,,,,,,,,,,,,,,,,,,,,,,,,,,,,,,,,,,,,,,146.0,,,,4.91,93.08,,,,,129900.0,142000.0,156600.0,172600.0,,149200.0,134500.0,0.124581939799331,,149200.0,0.108469539375929,149200.0,,172900.0,0.145791915175613,,,,,,,,,
90001-CA,2003,1,24037,,,,,,,,,,,,,,,,,,,,,,,,,,,,,,,,,,,,,,,,,,,,,,,148.0,,,,3.23,94.81,,,,,130000.0,144200.0,158000.0,173400.0,,151100.0,135500.0,0.125415282392027,,151100.0,0.110213078618663,151100.0,,174000.0,0.14323258869908,,,,,,,,,
90001-CA,2003,2,24038,,,,,,,,,,,,,,,,,,,,,,,,,,,,,,,,,,,,,,,,,,,,,,,150.0,,,,1.96,97.02,,,,,131400.0,146300.0,159500.0,173900.0,,153200.0,137000.0,0.124794745484401,,153200.0,0.113372093023256,153200.0,,175400.0,0.136010362694301,,,,,,,,,
90001-CA,2003,3,24039,,,,,,,,,,,,,,,,,,,,,,,,,,,,,,,,,,,,,,,,,,,,,,,152.0,,,,2.33,97.07,,,,,133900.0,148000.0,161500.0,175300.0,,154800.0,138600.0,0.131428571428571,,154800.0,0.119305856832972,154800.0,,177700.0,0.13618925831202,,,,,,,,,
90001-CA,2003,4,24040,,,,,,,,,,,,,,,,,,,,,,,,,,,,,,,,,,,,,,,,,,,,,,,153.0,,,,2.53,96.74,,,,,136400.0,149600.0,163500.0,177000.0,,156300.0,140700.0,0.145765472312704,,156300.0,0.128519855595668,156300.0,,179800.0,0.132955261499685,,,,,,,,,
90001-CA,2003,5,24041,,,,,,,,,,,,,,,,,,,,,,,,,,,,,,,,,,,,,,,,,,,,,,,155.0,,,,2.16,97.37,,,,,139400.0,151100.0,165200.0,178000.0,,158100.0,143300.0,0.160323886639676,,158100.0,0.134146341463415,158100.0,,181100.0,0.125543816034804,,,,,,,,,
90001-CA,2003,6,24042,,,,,,,,,,,,,,,,,,,,,,,,,,,,,,,,,,,,,,,,,,,,,,,157.0,,,,2.83,96.44,,,,,142400.0,153100.0,166800.0,179500.0,,160100.0,145900.0,0.171887550200803,,160100.0,0.137882018479033,160100.0,,182700.0,0.125693160813309,,,,,,,,,
90001-CA,2003,7,24043,,,,,,,,,,,,,,,,,,,,,,,,,,,,,,,,,,,,,,,,,,,,,,,160.0,,,,2.48,96.97,,,,,144200.0,155900.0,169300.0,182000.0,,163000.0,148300.0,0.176050753370341,,163000.0,0.150317572335921,163000.0,,185200.0,0.138291333743085,,,,,,,,,
90001-CA,2003,8,24044,,,,,,,,,,,,,,,,,,,,,,,,,,,,,,,,,,,,,,,,,,,,,,,164.0,,,,2.03,97.47,,,,,146800.0,158900.0,172500.0,185100.0,,166600.0,150900.0,0.172494172494172,,166600.0,0.168302945301543,166600.0,,187400.0,0.144777031154551,,,,,,,,,
90001-CA,2003,9,24045,,,,,,,,,,,,,,,,,,,,,,,,,,,,,,,,,,,,,,,,,,,,,,,167.0,,,,1.73,97.97,,,,,152100.0,161700.0,175800.0,188300.0,,169600.0,154200.0,0.171732522796353,,169600.0,0.176960444136017,169600.0,,189800.0,0.14475271411339,,,,,,,,,
90001-CA,2003,10,24046,,,,,,,,,,,,,,,,,,,,,,,,,,,,,,,,,,,,,,,,,,,,,,,171.0,,,,1.43,98.25,,,,,158300.0,165800.0,179200.0,192100.0,,173200.0,158400.0,0.188297074268567,,173200.0,0.1854893908282,173200.0,,194200.0,0.151838671411625,,,,,,,,,
90001-CA,2003,11,24047,,,,,,,,,,,,,,,,,,,,,,,,,,,,,,,,,,,,,,,,,,,,,,,176.0,,,,1.5,98.12,,,,,162900.0,170500.0,183800.0,197200.0,,178100.0,162800.0,0.215832710978342,,178100.0,0.205006765899865,178100.0,,200300.0,0.169976635514019,,,,,,,,,
90001-CA,2003,12,24048,,,,,,,,,,,,,,,,,,,,,,,,,,,,,,,,,,,,,,,,,,,,,,,181.0,,,,1.33,98.14,,,,,166700.0,174500.0,188300.0,203200.0,,182300.0,167000.0,0.241635687732342,,182300.0,0.221849865951743,182300.0,,206300.0,0.193175245806825,,,,,,,,,
90001-CA,2004,1,24049,,,,,,,,,,,,,,,,,,,,,,,,,,,,,,,,,,,,,,,,,,,,,,,184.0,,,,0.3,99.62,,,,,170800.0,177800.0,191700.0,208400.0,,185400.0,170900.0,0.261254612546125,,185400.0,0.227001985440106,185400.0,,211100.0,0.213218390804598,,,,,,,,,
90001-CA,2004,2,24050,,,,,,,,,,,,,,,,,,,,,,,,,,,,,,,,,,,,,,,,,,,,,,,188.0,,,,0.2,99.6,,,,,173800.0,181100.0,195400.0,212200.0,,189200.0,174500.0,0.273722627737226,,189200.0,0.234986945169713,189200.0,,215000.0,0.225769669327252,,,,,,,,,
90001-CA,2004,3,24051,,,,,,,,,,,,,,,,,,,,,,,,,,,,,,,,,,,,,,,,,,,,,,,191.0,,,,0.2,99.7,,,,,176200.0,184600.0,199500.0,216200.0,,193500.0,177800.0,0.282828282828283,,193500.0,0.25,193500.0,,218800.0,0.231288688801351,,,,,,,,,
90001-CA,2004,4,24052,,,,,,,,,,,,,,,,,,,,,,,,,,,,,,,,,,,,,,,,,,,,,,,195.0,,,,0.23,99.72,,,,,179400.0,188900.0,204300.0,221700.0,,198400.0,181700.0,0.291400142146411,,198400.0,0.26935380678183,198400.0,,223600.0,0.243604004449388,,,,,,,,,
90001-CA,2004,5,24053,,,,,,,,,,,,,,,,,,,,,,,,,,,,,,,,,,,,,,,,,,,,,,,200.0,,,,0.23,99.75,,,,,183500.0,194000.0,210900.0,228800.0,,204100.0,186300.0,0.300069783670621,,204100.0,0.290955091714105,204100.0,,230300.0,0.27167310877968,,,,,,,,,
90001-CA,2004,6,24054,,,,,,,,,,,,,,,,,,,,,,,,,,,,,,,,,,,,,,,,,,,,,,,207.0,,,,0.2,99.8,,,,,187100.0,199500.0,219400.0,236400.0,,211000.0,191100.0,0.309801233721727,,211000.0,0.317926296064959,211000.0,,238300.0,0.304324028461959,,,,,,,,,
90001-CA,2004,7,24055,,,,,,,,,,,,,,,,,,,,,,,,,,,,,,,,,,,,,,,,,,,,,,,214.0,,,,0.03,99.95,,,,,191300.0,205400.0,228600.0,243400.0,,218900.0,195700.0,0.31962238705327,,218900.0,0.342944785276074,218900.0,,246100.0,0.328833693304536,,,,,,,,,
90001-CA,2004,8,24056,,,,,,,,,,,,,,,,,,,,,,,,,,,,,,,,,,,,,,,,,,,,,,,222.0,,,,0.03,99.9,,,,,196700.0,211800.0,237700.0,250500.0,,227300.0,200900.0,0.331345261762757,,227300.0,0.364345738295318,227300.0,,253600.0,0.353255069370331,,,,,,,,,
90001-CA,2004,9,24057,,,,,,,,,,,,,,,,,,,,,,,,,,,,,,,,,,,,,,,,,,,,,,,230.0,,,,0.0,99.95,,,,,201200.0,219100.0,245900.0,258100.0,,235200.0,207100.0,0.343060959792477,,235200.0,0.386792452830189,235200.0,,260400.0,0.371970495258167,,,,,,,,,
90001-CA,2004,10,24058,,,,,,,,,,,,,,,,,,,,,,,,,,,,,,,,,,,,,,,,,,,,,,,236.0,,,,0.05,99.92,,,,,204900.0,226000.0,253800.0,266000.0,,241400.0,213800.0,0.349747474747475,,241400.0,0.393764434180139,241400.0,,266600.0,0.372811534500515,,,,,,,,,
90001-CA,2004,11,24059,,,,,,,,,,,,,,,,,,,,,,,,,,,,,,,,,,,,,,,,,,,,,,,241.0,,,,0.05,99.92,,,,,209400.0,232500.0,261000.0,273300.0,,247100.0,220500.0,0.354422604422604,,247100.0,0.38742279618192,247100.0,,272500.0,0.36045931103345,,,,,,,,,
90001-CA,2004,12,24060,,,,,,,,,,,,,,,,,,,,,,,,,,,,,,,,,,,,,,,,,,,,,,,248.0,,,,0.03,99.97,,,,,217000.0,239800.0,268400.0,280900.0,,254700.0,228000.0,0.365269461077844,,254700.0,0.397147558968733,254700.0,,279200.0,0.353368880271449,,,,,,,,,
90001-CA,2005,1,24061,,,,,,,,,,,,,,,,,,,,,,,,,,,,,,,,,,,,,,,,,,,,,,,256.0,,,,0.05,99.95,,,,,226200.0,248200.0,276500.0,289300.0,,263300.0,236300.0,0.382679929783499,,263300.0,0.42017259978425,263300.0,,287300.0,0.360966366650876,,,,,,,,,
90001-CA,2005,2,24062,,,,,,,,,,,,,,,,,,,,,,,,,,,,,,,,,,,,,,,,,,,,,,,263.0,,,,0.03,99.87,,,,,236500.0,257400.0,283300.0,297400.0,,270600.0,245600.0,0.407449856733524,,270600.0,0.430232558139535,270600.0,,295300.0,0.373488372093023,,,,,,,,,
90001-CA,2005,3,24063,,,,,,,,,,,,,,,,,,,,,,,,,,,,,,,,,,,,,,,,,,,,,,,271.0,,,,0.1,99.85,,,,,247700.0,267800.0,289100.0,304800.0,,277900.0,255400.0,0.43644544431946,,277900.0,0.436175710594315,277900.0,,302400.0,0.382084095063985,,,,,,,,,
90001-CA,2005,4,24064,,,,,,,,,,,,,,,,,,,,,,,,,,,,,,,,,,,,,,,,,,,,,,,278.0,,,,0.23,99.7,,,,,258000.0,277400.0,295300.0,312400.0,,285500.0,264400.0,0.455145844799119,,285500.0,0.439012096774194,285500.0,,309500.0,0.384168157423971,,,,,,,,,
90001-CA,2005,5,24065,,,,,,,,,,,,,,,,,,,,,,,,,,,,,,,,,,,,,,,,,,,,,,,284.0,,,,0.18,99.77,,,,,262200.0,284800.0,300600.0,317900.0,,292100.0,271100.0,0.455179817498658,,292100.0,0.431161195492406,292100.0,,315900.0,0.371689101172384,,,,,,,,,
90001-CA,2005,6,24066,,,,,,,,,,,,,,,,,,,,,,,,,,,,,,,,,,,,,,,,,,,,,,,289.0,,,,0.2,99.77,,,,,262900.0,289800.0,304600.0,322800.0,,297300.0,275600.0,0.442176870748299,,297300.0,0.409004739336493,297300.0,,321600.0,0.349559378934117,,,,,,,,,
90001-CA,2005,7,24067,,,,,,,,,,,,,,,,,,,,,,,,,,,,,,,,,,,,,,,,,,,,,,,294.0,,,,0.18,99.8,,,,,262200.0,293200.0,310800.0,330700.0,,302100.0,278600.0,0.42360756259581,,302100.0,0.38008222932846,302100.0,,329200.0,0.337667614790735,,,,,,,,,
90001-CA,2005,8,24068,,,,,,,,,,,,,,,,,,,,,,,,,,,,,,,,,,,,,,,,,,,,,,,301.0,,,,0.2,99.77,,,,,260100.0,297500.0,319200.0,339900.0,,307600.0,282200.0,0.404678944748631,,307600.0,0.353277606687198,307600.0,,337900.0,0.332413249211356,,,,,,,,,
90001-CA,2005,9,24069,,,,,,,,,,,,,,,,,,,,,,,,,,,,,,,,,,,,,,,,,,,,,,,309.0,,,,0.15,99.82,,,,,258900.0,303400.0,327800.0,347900.0,,315000.0,286700.0,0.384355383872525,,315000.0,0.339285714285714,315000.0,,346500.0,0.330645161290323,,,,,,,,,
90001-CA,2005,10,24070,,,,,,,,,,,,,,,,,,,,,,,,,,,,,,,,,,,,,,,,,,,,,,,317.0,,,,0.03,99.97,,,,,262000.0,310000.0,336100.0,355500.0,,323400.0,291700.0,0.364359214218896,,323400.0,0.339685169842585,323400.0,,354200.0,0.328582145536384,,,,,,,,,
90001-CA,2005,11,24071,,,,,,,,,,,,,,,,,,,,,,,,,,,,,,,,,,,,,,,,,,,,,,,326.0,,,,0.05,99.95,,,,,267600.0,317000.0,345700.0,362500.0,,332200.0,297400.0,0.34875283446712,,332200.0,0.344394981788749,332200.0,,361800.0,0.327706422018349,,,,,,,,,
90001-CA,2005,12,24072,,,,,,,,,,,,,,,,,,,,,,,,,,,,,,,,,,,,,,,,,,,,,,,334.0,,,,0.02,99.98,,,,,272700.0,323200.0,354000.0,366600.0,,340000.0,302900.0,0.328508771929825,,340000.0,0.334903808402042,340000.0,,368100.0,0.318409742120344,,,,,,,,,
90001-CA,2006,1,24073,,,,,,,,,,,,,,,,,,,,,,,,,,,,,,,,,,,,,,,,,,,,,,,338.0,,,,0.05,99.93,,,,,279400.0,326900.0,359300.0,369000.0,,345200.0,306700.0,0.297926364790521,,345200.0,0.311052031902773,345200.0,,372500.0,0.296554124608423,,,,,,,,,
90001-CA,2006,2,24074,,,,,,,,,,,,,,,,,,,,,,,,,,,,,,,,,,,,,,,,,,,,,,,343.0,,,,0.07,99.9,,,,,288200.0,331300.0,364400.0,373300.0,,349800.0,311900.0,0.269951140065147,,349800.0,0.292682926829268,349800.0,,377000.0,0.276667795462242,,,,,,,,,
90001-CA,2006,3,24075,,,,,,,,,,,,,,,,,,,,,,,,,,,,,,,,,,,,,,,,,,,,,,,350.0,,,,0.07,99.88,,,,,297200.0,338100.0,372000.0,379400.0,,356800.0,320100.0,0.253328112764291,,356800.0,0.283915077365959,356800.0,,383300.0,0.267526455026455,,,,,,,,,
90001-CA,2006,4,24076,,,,,,,,,,,,,,,,,,,,,,,,,,,,,,,,,,,,,,,,,,,,,,,358.0,,,,0.07,99.9,,,,,304400.0,345000.0,379800.0,385500.0,,364300.0,327700.0,0.239409984871407,,364300.0,0.27600700525394,364300.0,,390100.0,0.260420032310178,,,,,,,,,
90001-CA,2006,5,24077,,,,,,,,,,,,,,,,,,,,,,,,,,,,,,,,,,,,,,,,,,,,,,,365.0,,,,0.05,99.85,,,,,311200.0,351300.0,387200.0,393100.0,,370700.0,333900.0,0.231648838067134,,370700.0,0.269085929476207,370700.0,,397100.0,0.257043368154479,,,,,,,,,
90001-CA,2006,6,24078,,,,,,,,,,,,,,,,,,,,,,,,,,,,,,,,,,,,,,,,,,,,,,,372.0,,,,0.1,99.88,,,,,319200.0,359000.0,395200.0,402700.0,,378400.0,341500.0,0.23911465892598,,378400.0,0.272788429196098,378400.0,,405400.0,0.260572139303483,,,,,,,,,
90001-CA,2006,7,24079,,,,,,,,,,,,,,,,,,,,,,,,,,,,,,,,,,,,,,,,,,,,,,,380.0,,,,0.07,99.88,,,,,325200.0,367700.0,403700.0,414900.0,,387400.0,350500.0,0.258076094759512,,387400.0,0.282356835484939,387400.0,,415100.0,0.26093560145808,,,,,,,,,
90001-CA,2006,8,24080,,,,,,,,,,,,,,,,,,,,,,,,,,,,,,,,,,,,,,,,,,,,,,,387.0,,,,0.1,99.9,,,,,326100.0,373000.0,410200.0,425800.0,,394000.0,355600.0,0.260099220411056,,394000.0,0.280884265279584,394000.0,,423500.0,0.25332938739272,,,,,,,,,
90001-CA,2006,9,24081,,,,,,,,,,,,,,,,,,,,,,,,,,,,,,,,,,,,,,,,,,,,,,,389.0,,,,0.1,99.63,,,,,323900.0,373600.0,413000.0,431600.0,,397000.0,354300.0,0.23578653644925,,397000.0,0.26031746031746,397000.0,,427800.0,0.234632034632035,,,,,,,,,
90001-CA,2006,10,24082,,,,,,,,,,,,,,,,,,,,,,,,,,,,,,,,,,,,,,,,,,,,,,,390.0,,,,0.15,99.7,,,,,323500.0,373900.0,413300.0,433400.0,,398200.0,353400.0,0.21151868357902,,398200.0,0.231292517006803,398200.0,,429500.0,0.212591756070017,,,,,,,,,
90001-CA,2006,11,24083,,,,,,,,,,,,,,,,,,,,,,,,,,,,,,,,,,,,,,,,,,,,,,,393.0,,,,0.22,99.7,,,,,325100.0,377700.0,413300.0,435400.0,,399000.0,357900.0,0.203429724277068,,399000.0,0.201083684527393,399000.0,,431300.0,0.192095080154782,,,,,,,,,
90001-CA,2006,12,24084,,,,,,,,,,,,,,,,,,,,,,,,,,,,,,,,,,,,,,,,,,,,,,,394.0,,,,0.27,99.65,,,,,331400.0,383800.0,414100.0,438600.0,,400200.0,365200.0,0.205678441729944,,400200.0,0.177058823529412,400200.0,,433900.0,0.178755772887802,,,,,,,,,
90001-CA,2007,1,24085,,,,,,,,,,,,,,,,,,,,,,,,,,,,,,,,,,,,,,,,,,,,,,,395.0,,,,0.2,99.65,,,,,336600.0,388300.0,416400.0,443700.0,,402400.0,369800.0,0.205738506684056,,402400.0,0.165701042873696,402400.0,,437200.0,0.173691275167785,,,,,,,,,
90001-CA,2007,2,24086,,,,,,,,,,,,,,,,,,,,,,,,,,,,,,,,,,,,,,,,,,,,,,,397.0,,,,0.25,99.43,,,,,334600.0,388500.0,420000.0,447400.0,,405400.0,370100.0,0.186598268675858,,405400.0,0.158947970268725,405400.0,,440700.0,0.168965517241379,,,,,,,,,
90001-CA,2007,3,24087,,,,,,,,,,,,,,,,,,,,,,,,,,,,,,,,,,,,,,,,,,,,,,,400.0,,,,0.62,98.6,,,,,329500.0,387300.0,424000.0,448100.0,,407800.0,368100.0,0.149953139643861,,407800.0,0.142937219730942,407800.0,,443400.0,0.156796243151578,,,,,,,,,
90001-CA,2007,4,24088,,,,,,,,,,,,,,,,,,,,,,,,,,,,,,,,,,,,,,,,,,,,,,,402.0,,,,1.17,97.46,,,,,331300.0,388200.0,426800.0,448900.0,,408800.0,367300.0,0.120842233750381,,408800.0,0.122152072467746,408800.0,,444500.0,0.139451422712125,,,,,,,,,
90001-CA,2007,5,24089,,,,,,,,,,,,,,,,,,,,,,,,,,,,,,,,,,,,,,,,,,,,,,,402.0,,,,3.14,93.99,,,,,335200.0,389400.0,426200.0,448900.0,,408200.0,367700.0,0.101227912548667,,408200.0,0.10115996762881,408200.0,,443100.0,0.115839838831529,,,,,,,,,
90001-CA,2007,6,24090,,,,,,,,,,,,,,,,,,,,,,,,,,,,,,,,,,,,,,,,,,,,,,,402.0,,,,5.28,89.61,,,,,335500.0,389600.0,424600.0,446500.0,,407800.0,368400.0,0.0787701317715959,,407800.0,0.0776955602536998,407800.0,,441000.0,0.0878145041933893,,,,,,,,,
90001-CA,2007,7,24091,,,,,,,,,,,,,,,,,,,,,,,,,,,,,,,,,,,,,,,,,,,,,,,403.0,,,,10.69,78.37,,,,,333000.0,389400.0,424000.0,443900.0,,408000.0,369000.0,0.0527817403708987,,408000.0,0.0531750129065565,408000.0,,440300.0,0.06070826306914,,,,,,,,,
90001-CA,2007,8,24092,,,,,,,,,,,,,,,,,,,,,,,,,,,,,,,,,,,,,,,,,,,,,,,400.0,,,,21.7,60.35,,,,,330200.0,387300.0,422900.0,442800.0,,406700.0,367500.0,0.0334645669291339,,406700.0,0.0322335025380711,406700.0,,439900.0,0.0387249114521842,,,,,,,,,
90001-CA,2007,9,24093,,,,,,,,,,,,,,,,,,,,,,,,,,,,,,,,,,,,,,,,,,,,,,,395.0,,,,34.94,45.8,,,,,327500.0,382100.0,419000.0,441200.0,,403000.0,364000.0,0.0273779283093424,,403000.0,0.0151133501259446,403000.0,,437800.0,0.0233754090696587,,,,,,,,,
90001-CA,2007,10,24094,,,,,,,,,,,,,,,,,,,,,,,,,,,,,,,,,,,,,,,,,,,,,,,391.0,,,,45.15,36.41,,,,,326100.0,376500.0,413300.0,438400.0,,398500.0,360300.0,0.0195246179966044,,398500.0,0.000753390256152687,398500.0,,433600.0,0.00954598370197905,,,,,,,,,
90001-CA,2007,11,24095,,,,,,,,,,,,,,,,,,,,,,,,,,,,,,,,,,,,,,,,,,,,,,,386.0,,,,60.4,22.23,,,,,323100.0,372100.0,406800.0,434500.0,,393300.0,355400.0,-0.0069851913942442,,393300.0,-0.0142857142857143,393300.0,,428500.0,-0.0064920009274287,,,,,,,,,
90001-CA,2007,12,24096,,,,,,,,,,,,,,,,,,,,,,,,,,,,,,,,,,,,,,,,,,,,,,,380.0,,,,75.65,11.84,,,,,319000.0,366700.0,399400.0,430100.0,,387800.0,349500.0,-0.0429901423877328,,387800.0,-0.0309845077461269,387800.0,,422800.0,-0.0255819313205808,,,,,,,,,
90001-CA,2008,1,24097,,,,,,,,,,,,,,,,,,,,,,,,,,,,,,,,,,,,,,,,,,,,,,,375.0,,,,90.11,4.61,,,,,315500.0,361300.0,393700.0,427100.0,,383000.0,345400.0,-0.0659816116819903,,383000.0,-0.0482107355864811,383000.0,,418100.0,-0.0436870997255261,,,,,,,,,
90001-CA,2008,2,24098,,,,,,,,,,,,,,,,,,,,,,,,,,,,,,,,,,,,,,,,,,,,,,,369.0,,,,94.24,3.07,,,,,311600.0,356800.0,388900.0,423200.0,,377400.0,341400.0,-0.0775466090245879,,377400.0,-0.0690675875678342,377400.0,,412900.0,-0.0630814613115498,,,,,,,,,
90001-CA,2008,3,24099,,,,,,,,,,,,,,,,,,,,,,,,,,,,,,,,,,,,,,,,,,,,,,,361.0,,,,96.89,1.57,,,,,305300.0,349400.0,381400.0,414500.0,,368500.0,332700.0,-0.0961695191524042,,368500.0,-0.0963707699852869,368500.0,,404300.0,-0.0881822282363554,,,,,,,,,
90001-CA,2008,4,24100,,,,,,,,,,,,,,,,,,,,,,,,,,,,,,,,,,,,,,,,,,,,,,,348.0,,,,98.85,0.62,,,,,298100.0,337300.0,370000.0,401900.0,,356600.0,321400.0,-0.124965967873673,,356600.0,-0.127690802348337,356600.0,,391600.0,-0.119010123734533,,,,,,,,,
90001-CA,2008,5,24101,,,,,,,,,,,,,,,,,,,,,,,,,,,,,,,,,,,,,,,,,,,,,,,334.0,,,,99.45,0.27,,,,,292100.0,324700.0,357300.0,389700.0,,343800.0,310500.0,-0.155561599129725,,343800.0,-0.157765801077903,343800.0,,379000.0,-0.144662604378244,,,,,,,,,
90001-CA,2008,6,24102,,,,,,,,,,,,,,,,,,,,,,,,,,,,,,,,,,,,,,,,,,,,,,,321.0,,,,99.8,0.15,,,,,286700.0,313400.0,342900.0,378400.0,,330700.0,299800.0,-0.186210640608035,,330700.0,-0.189063266307013,330700.0,,367100.0,-0.167573696145125,,,,,,,,,
90001-CA,2008,7,24103,,,,,,,,,,,,,,,,,,,,,,,,,,,,,,,,,,,,,,,,,,,,,,,308.0,,,,99.9,0.07,,,,,279400.0,302000.0,328400.0,365800.0,,317200.0,288100.0,-0.219241192411924,,317200.0,-0.222549019607843,317200.0,,354900.0,-0.1939586645469,,,,,,,,,
90001-CA,2008,8,24104,,,,,,,,,,,,,,,,,,,,,,,,,,,,,,,,,,,,,,,,,,,,,,,296.0,,,,99.98,0.02,,,,,270300.0,290800.0,315300.0,352700.0,,303900.0,277200.0,-0.245714285714286,,303900.0,-0.252766166707647,303900.0,,342200.0,-0.222095930893385,,,,,,,,,
90001-CA,2008,9,24105,,,,,,,,,,,,,,,,,,,,,,,,,,,,,,,,,,,,,,,,,,,,,,,285.0,,,,99.98,0.0,,,,,263100.0,280000.0,305100.0,340500.0,,293200.0,267500.0,-0.26510989010989,,293200.0,-0.272456575682382,293200.0,,331300.0,-0.243261763362266,,,,,,,,,
90001-CA,2008,10,24106,,,,,,,,,,,,,,,,,,,,,,,,,,,,,,,,,,,,,,,,,,,,,,,275.0,,,,100.0,0.0,,,,,253300.0,269200.0,296000.0,328500.0,,283700.0,256800.0,-0.287260616153206,,283700.0,-0.288080301129235,283700.0,,321300.0,-0.258994464944649,,,,,,,,,
90001-CA,2008,11,24107,,,,,,,,,,,,,,,,,,,,,,,,,,,,,,,,,,,,,,,,,,,,,,,265.0,,,,100.0,0.0,,,,,240500.0,258100.0,286600.0,317900.0,,274000.0,244500.0,-0.312042768711311,,274000.0,-0.303330790744978,274000.0,,312700.0,-0.27024504084014,,,,,,,,,
90001-CA,2008,12,24108,,,,,,,,,,,,,,,,,,,,,,,,,,,,,,,,,,,,,,,,,,,,,,,253.0,,,,99.98,0.0,,,,,226900.0,244100.0,273900.0,306900.0,,260900.0,228900.0,-0.345064377682403,,260900.0,-0.32723053120165,260900.0,,301300.0,-0.287369914853359,,,,,,,,,
90001-CA,2009,1,24109,,,,,,,,,,,,,,,,,,,,,,,,,,,,,,,,,,,,,,,,,,,,,,,239.0,,,,99.98,0.02,,,,,212100.0,228300.0,261200.0,293800.0,,246500.0,211400.0,-0.387955993051534,,246500.0,-0.356396866840731,246500.0,,288000.0,-0.311169576656302,,,,,,,,,
90001-CA,2009,2,24110,,,,,,,,,,,,,,,,,,,,,,,,,,,,,,,,,,,,,,,,,,,,,,,226.0,,,,99.9,0.07,,,,,197100.0,214500.0,251400.0,283700.0,,234900.0,197000.0,-0.422964264792033,,234900.0,-0.37758346581876,234900.0,,277200.0,-0.328651005085977,,,,,,,,,
90001-CA,2009,3,24111,,,,,,,,,,,,,,,,,,,,,,,,,,,,,,,,,,,,,,,,,,,,,,,215.0,,,,99.88,0.1,,,,,184000.0,202100.0,242800.0,277500.0,,223900.0,185600.0,-0.442140066125639,,223900.0,-0.392401628222524,223900.0,,269800.0,-0.332673757111056,,,,,,,,,
90001-CA,2009,4,24112,,,,,,,,,,,,,,,,,,,,,,,,,,,,,,,,,,,,,,,,,,,,,,,204.0,,,,99.8,0.1,,,,,171600.0,190300.0,232500.0,269000.0,,211700.0,174200.0,-0.457996266334785,,211700.0,-0.406337633202468,211700.0,,262100.0,-0.330694586312564,,,,,,,,,
90001-CA,2009,5,24113,,,,,,,,,,,,,,,,,,,,,,,,,,,,,,,,,,,,,,,,,,,,,,,195.0,,,,99.88,0.12,,,,,161500.0,181800.0,223200.0,258000.0,,202000.0,165400.0,-0.467310789049919,,202000.0,-0.412449098312973,202000.0,,254100.0,-0.329551451187335,,,,,,,,,
90001-CA,2009,6,24114,,,,,,,,,,,,,,,,,,,,,,,,,,,,,,,,,,,,,,,,,,,,,,,189.0,,,,99.88,0.12,,,,,155100.0,176000.0,215700.0,247100.0,,195700.0,159600.0,-0.467645096731154,,195700.0,-0.408224977320835,195700.0,,245200.0,-0.332062108417325,,,,,,,,,
90001-CA,2009,7,24115,,,,,,,,,,,,,,,,,,,,,,,,,,,,,,,,,,,,,,,,,,,,,,,182.0,,,,99.7,0.25,,,,,152200.0,169200.0,207300.0,236400.0,,188900.0,154400.0,-0.464074973967372,,188900.0,-0.404476670870114,188900.0,,234800.0,-0.338405184559031,,,,,,,,,
90001-CA,2009,8,24116,,,,,,,,,,,,,,,,,,,,,,,,,,,,,,,,,,,,,,,,,,,,,,,176.0,,,,99.4,0.42,,,,,152700.0,162900.0,198400.0,227300.0,,182500.0,150100.0,-0.458513708513709,,182500.0,-0.399473511023363,182500.0,,226400.0,-0.338398597311514,,,,,,,,,
90001-CA,2009,9,24117,,,,,,,,,,,,,,,,,,,,,,,,,,,,,,,,,,,,,,,,,,,,,,,171.0,,,,99.43,0.5,,,,,155600.0,159500.0,190100.0,220700.0,,177300.0,147700.0,-0.44785046728972,,177300.0,-0.395293315143247,177300.0,,221200.0,-0.332327195894959,,,,,,,,,
90001-CA,2009,10,24118,,,,,,,,,,,,,,,,,,,,,,,,,,,,,,,,,,,,,,,,,,,,,,,166.0,,,,99.45,0.45,,,,,156300.0,157900.0,184400.0,214900.0,,173400.0,146000.0,-0.431464174454829,,173400.0,-0.388790976383504,173400.0,,217200.0,-0.323996265172736,,,,,,,,,
90001-CA,2009,11,24119,,,,,,,,,,,,,,,,,,,,,,,,,,,,,,,,,,,,,,,,,,,,,,,161.0,,,,99.53,0.4,,,,,154700.0,155400.0,180200.0,210200.0,,169500.0,143200.0,-0.414314928425358,,169500.0,-0.381386861313869,169500.0,,212500.0,-0.320434921650144,,,,,,,,,
90001-CA,2009,12,24120,,,,,,,,,,,,,,,,,,,,,,,,,,,,,,,,,,,,,,,,,,,,,,,162.0,,,,99.43,0.42,,,,,144900.0,154500.0,182800.0,209700.0,,169100.0,140900.0,-0.384447356924421,,169100.0,-0.351858949789191,169100.0,,212800.0,-0.293727182210421,,,,,,,,,
