"RegionName","RegionType","StateFullName","DataTypeDescription","2012-01","2012-02","2012-03","2012-04","2012-05","2012-06","2012-07","2012-08","2012-09","2012-10","2012-11","2012-12","2013-01","2013-02","2013-03","2013-04","2013-05","2013-06","2013-07","2013-08","2013-09","2013-10","2013-11","2013-12","2014-01","2014-02","2014-03","2014-04","2014-05","2014-06","2014-07","2014-08","2014-09","2014-10","2014-11","2014-12","2015-01","2015-02","2015-03","2015-04","2015-05","2015-06","2015-07","2015-08","2015-09","2015-10","2015-11","2015-12","2016-01","2016-02","2016-03","2016-04","2016-05","2016-06","2016-07","2016-08","2016-09","2016-10","2016-11","2016-12","2017-01","2017-02","2017-03","2017-04","2017-05","2017-06","2017-07","2017-08","2017-09"
"United States","Country",,"All Homes",119,114,102,84,78,80,86,91,94,95,98,104,109,100,86,76,74,74,77,76,82,84,88,94,103,102,90,71,66,66,71,77,84,88,92,99,106,102,86,65,60,62,68,74,78,84,87,95,102,98,72,68,64,67,73,77,82,86,91,99,104,102,86,68,62,64,69,72,77
"New York, NY","Msa","New York","All Homes",137,126,113,86,81,87,95,106,110,111,118,124,126,120,90,75,71,76,83,85,90,90,92,96,104,103,86,68,63,68,75,82,88,91,93,97,102,100,80,67,58,60,71,80,90,90,96,98,104,99,70,63,64,69,78,87,89,91,94,98,102,93,70,60,56,64,71,78,82
"Chicago, IL","Msa","Illinois","All Homes",140,135,122,98,88,88,90,97,98,102,107,114,119,109,84,70,69,68,69,68,72,76,84,91,103,98,71,54,52,54,62,67,72,79,86,95,101,91,64,52,54,61,65,71,78,84,88,97,106,101,61,56,56,62,70,75,80,84,93,103,111,98,58,52,54,59,64,69,75
"Dallas, TX","Msa","Texas","All Homes",109,98,72,65,66,65,68,70,76,80,83,88,88,72,56,53,53,54,53,53,58,66,68,74,80,68,50,46,45,42,46,49,56,63,64,70,72,50,42,41,40,42,42,44,51,56,60,67,71,62,43,45,47,49,50,50,56,61,63,69,72,64,49,46,43,45,48,47,54
"Philadelphia, PA","Msa","Pennsylvania","All Homes",132,120,103,84,83,88,96,103,104,105,110,118,120,115,88,74,72,74,81,84,90,91,93,95,104,105,98,69,60,67,76,83,88,90,96,102,110,107,87,62,56,58,67,78,85,87,90,96,100,100,72,64,64,70,78,83,84,84,86,95,100,96,70,56,55,62,68,71,75
"Houston, TX","Msa","Texas","All Homes",112,110,95,78,75,75,77,81,83,85,88,94,97,84,62,59,58,58,58,58,62,67,70,78,82,70,55,45,47,52,53,54,60,68,66,71,76,66,56,49,52,58,60,61,64,70,74,82,88,80,61,62,64,64,64,71,74,80,82,90,92,88,66,55,55,61,64,69,82
"Washington, DC","Msa","Virginia","All Homes",104,91,64,58,55,59,68,70,68,64,69,80,86,68,48,41,40,45,49,50,50,49,56,62,70,66,46,38,40,46,53,58,62,64,70,80,85,72,53,39,40,48,58,62,64,67,69,81,85,79,44,40,42,49,58,63,66,66,65,74,80,74,47,40,41,47,54,56,60
"Miami, FL","Msa","Florida","All Homes",89,74,70,74,71,69,76,71,69,65,67,70,73,62,56,62,69,69,57,54,49,52,56,62,69,64,59,62,60,62,67,70,70,70,70,74,78,72,58,59,45,58,64,62,62,64,62,68,75,70,60,64,70,76,84,86,85,84,84,86,88,86,86,82,84,87,96,97,104
"Atlanta, GA","Msa","Georgia","All Homes",97,99,82,70,72,72,82,82,82,77,83,88,89,76,57,54,56,59,58,60,64,68,70,76,83,83,62,49,52,56,58,64,68,71,73,77,82,76,58,51,57,62,62,64,68,72,81,90,92,90,62,56,54,58,64,69,75,77,82,90,93,90,65,55,53,58,62,65,70
"Boston, MA","Msa","Massachusetts","All Homes",116,111,79,60,60,67,76,83,84,78,84,94,104,94,61,49,47,50,58,62,60,62,67,79,92,69,42,41,40,44,54,64,68,69,72,83,90,92,71,39,34,40,48,60,61,60,64,78,90,86,44,40,40,47,55,63,60,57,63,80,86,76,48,38,34,40,48,55,50
"San Francisco, CA","Msa","California","All Homes",86,60,42,39,36,40,38,40,37,36,46,52,53,27,26,24,25,24,26,26,28,28,38,48,47,24,21,23,22,25,28,30,32,34,40,49,49,22,20,21,22,26,26,28,27,30,34,46,46,21,16,20,21,28,29,33,34,32,41,54,48,26,21,20,19,22,28,27,22
"Detroit, MI","Msa","Michigan","All Homes",99,96,82,75,69,64,68,68,68,74,77,83,85,78,64,60,55,50,49,48,50,57,60,63,74,76,62,55,46,46,48,54,61,66,69,77,86,86,62,48,44,48,54,56,63,70,76,81,86,82,65,56,48,50,55,57,62,68,71,80,86,83,68,54,44,44,47,48,54
"Riverside, CA","Msa","California","All Homes",92,89,80,76,76,76,77,76,73,66,63,64,70,69,60,62,57,54,52,50,48,52,54,60,69,64,54,55,55,54,54,58,61,60,62,71,78,72,60,56,54,61,61,63,64,64,65,71,79,76,61,62,62,63,64,65,66,66,67,75,82,81,65,56,52,57,61,60,60
"Phoenix, AZ","Msa","Arizona","All Homes",96,97,76,71,61,55,53,53,53,47,52,60,67,61,52,53,54,52,50,49,48,48,52,61,71,68,58,60,62,67,69,69,69,64,62,70,78,70,58,58,60,63,62,63,60,55,56,63,74,64,53,56,58,58,60,61,60,54,55,64,70,61,54,48,48,54,55,55,53
"Seattle, WA","Msa","Washington","All Homes",105,104,79,59,54,52,55,60,64,66,73,82,84,54,45,42,41,41,42,46,49,59,61,68,77,66,46,42,42,42,48,49,54,61,66,77,81,63,43,36,35,40,41,42,47,50,54,62,61,40,33,30,27,32,35,37,42,48,55,62,64,47,34,27,21,26,28,32,38
"Minneapolis, MN","Msa","Minnesota","All Homes",116,111,84,69,62,62,69,71,74,71,69,76,82,70,54,49,48,43,43,48,56,60,63,73,84,80,53,44,44,42,47,54,56,53,60,78,98,84,46,41,42,46,50,56,56,60,65,81,89,78,41,40,39,41,48,54,56,62,68,84,90,76,47,38,36,40,46,47,50
"Saint Louis, MO","Msa","Missouri","All Homes",116,104,70,72,77,80,86,92,95,100,90,96,97,98,80,74,74,76,81,80,86,84,89,94,102,104,92,68,66,63,67,77,84,91,98,104,110,104,76,52,50,66,74,77,80,82,86,96,104,99,67,58,62,64,72,75,77,82,85,92,97,96,69,58,55,57,63,65,68
"Tampa, FL","Msa","Florida","All Homes",117,114,110,92,90,84,90,88,84,84,84,90,95,82,68,69,70,70,69,67,68,69,70,72,81,80,68,68,68,59,64,70,74,75,75,78,84,78,64,58,58,64,68,69,69,68,68,67,71,65,53,58,57,60,64,65,68,68,68,70,72,67,59,55,50,55,56,57,66
"Baltimore, MD","Msa","Maryland","All Homes",131,125,109,81,75,76,84,90,92,92,96,102,109,98,77,66,60,64,69,69,69,69,72,76,89,91,74,53,49,58,67,71,76,77,80,89,98,97,82,61,50,58,66,74,76,77,79,89,97,98,68,53,52,59,64,71,76,78,79,86,90,89,64,49,48,54,62,64,69
"Denver, CO","Msa","Colorado","All Homes",118,109,70,57,54,53,56,60,62,63,70,76,76,55,46,41,39,37,40,45,50,55,56,66,78,68,44,40,39,39,41,48,54,60,66,77,82,62,41,33,33,34,35,40,42,46,50,54,66,48,35,36,33,34,38,41,48,49,54,64,74,60,44,36,27,34,38,40,44
"Portland, OR","Msa","Oregon","All Homes",102,89,78,74,69,66,70,71,76,78,82,90,94,69,56,56,51,50,52,52,61,68,78,86,95,86,60,50,42,44,49,55,62,68,75,84,88,78,50,43,38,41,42,44,48,58,60,71,82,68,42,40,34,37,40,40,48,56,64,76,83,75,51,38,33,36,40,41,50
"Charlotte, NC","Msa","North Carolina","All Homes",130,124,115,90,87,91,93,97,96,98,99,104,102,84,67,68,71,78,82,80,82,88,92,97,103,97,74,67,64,69,71,78,83,90,92,97,102,96,78,61,55,53,55,59,64,66,70,78,85,74,53,50,49,53,56,58,64,69,68,76,78,72,55,48,48,51,52,54,62
"Sacramento, CA","Msa","California","All Homes",81,83,66,62,47,48,58,65,78,66,62,61,62,40,42,44,43,34,40,41,44,48,50,58,64,50,43,39,40,42,44,48,50,50,56,68,73,62,46,40,41,43,46,48,49,54,60,66,70,50,40,40,36,41,45,46,50,56,60,67,69,60,48,38,29,36,40,40,44
"San Antonio, TX","Msa","Texas","All Homes",124,120,103,81,80,78,82,85,90,95,101,104,109,98,76,71,71,74,74,69,75,80,83,88,97,95,72,63,62,57,60,68,72,77,82,86,92,87,61,59,52,52,51,52,57,62,60,66,71,67,49,50,51,53,54,54,62,70,75,76,74,71,64,54,51,54,56,60,64
"Orlando, FL","Msa","Florida","All Homes",97,93,80,74,69,66,70,71,68,70,76,83,85,68,58,61,59,57,57,56,55,56,58,64,74,68,57,55,56,52,56,64,64,68,70,76,82,76,61,56,55,62,66,68,71,70,70,72,76,71,60,60,60,63,68,71,74,77,77,82,84,75,62,60,54,56,60,63,72
"Cincinnati, OH","Msa","Ohio","All Homes",118,117,94,81,78,84,90,96,98,97,99,106,110,96,72,69,74,78,83,84,88,86,90,97,105,108,84,67,64,63,66,72,77,82,88,94,104,103,84,63,56,61,64,70,75,77,78,88,98,96,63,58,56,56,60,64,70,72,76,84,90,87,62,56,50,49,54,58,62
"Kansas City, MO","Msa","Missouri","All Homes",118,121,99,79,74,76,81,81,86,85,85,92,92,87,77,72,65,62,64,67,73,77,83,84,92,92,78,61,56,60,67,69,74,77,82,90,94,90,63,41,48,57,62,66,71,76,78,87,98,94,64,54,54,57,62,63,68,71,72,83,93,92,64,45,44,48,49,53,56
"Columbus, OH","Msa","Ohio","All Homes",123,116,102,82,75,77,82,86,88,89,90,96,102,89,66,64,61,61,63,68,72,75,80,87,98,90,67,56,54,54,56,62,68,75,82,93,100,98,73,51,48,46,49,54,57,61,64,74,82,76,50,44,42,44,48,50,56,60,62,70,79,74,58,46,38,36,40,42,48
"Indianapolis, IN","Msa","Indiana","All Homes",126,120,104,80,74,76,84,89,91,92,97,102,107,98,76,66,62,61,64,64,72,77,84,90,102,105,92,60,55,56,62,68,72,78,81,89,97,96,80,55,53,56,62,67,72,76,82,91,98,98,65,55,52,54,56,59,64,68,69,78,88,86,60,49,48,47,48,52,56
"San Jose, CA","Msa","California","All Homes",78,54,44,41,39,37,40,40,44,46,57,56,50,26,26,26,25,24,27,30,34,32,32,46,46,22,24,22,24,26,30,34,36,40,44,50,48,19,18,19,20,22,26,26,29,33,39,56,66,24,16,20,20,27,32,33,34,35,41,52,49,24,21,15,18,20,22,21,20
"Austin, TX","Msa","Texas","All Homes",108,93,64,56,54,56,62,67,70,68,74,81,85,70,46,46,47,47,48,53,58,61,61,66,76,68,48,43,41,42,42,45,52,61,60,67,68,52,48,42,42,46,46,48,55,61,62,72,74,52,38,42,40,42,45,51,59,63,65,76,74,66,49,42,42,46,54,60,68
"Virginia Beach, VA","Msa","Virginia","All Homes",110,106,111,74,71,78,88,99,104,94,95,96,99,104,97,76,76,75,79,75,76,84,86,96,105,104,92,70,68,74,81,84,88,93,98,110,112,105,96,79,66,70,80,87,92,98,102,106,109,105,89,73,70,74,80,86,91,96,99,105,107,98,74,64,63,68,70,75,78
"Nashville, TN","Msa","Tennessee","All Homes",126,120,108,84,80,82,84,89,87,87,90,97,102,96,76,66,64,64,68,68,71,75,78,84,89,88,66,55,54,52,54,64,69,68,66,74,84,75,56,43,40,42,45,48,51,54,53,60,66,60,40,42,40,43,46,49,54,54,56,66,76,70,54,48,42,45,46,46,50
"Providence, RI","Msa","Rhode Island","All Homes",126,120,105,85,85,83,91,98,100,104,108,114,120,118,100,74,63,66,76,80,86,85,93,101,112,110,87,67,62,66,71,77,84,91,94,104,109,116,110,64,48,55,64,73,83,86,92,97,103,100,74,62,55,57,66,71,74,78,83,94,101,96,58,46,44,49,56,61,62
"Milwaukee, WI","Msa","Wisconsin","All Homes",148,144,126,94,81,78,85,93,100,99,106,114,121,120,98,70,62,62,68,69,76,76,88,96,109,110,76,58,56,60,64,70,76,77,84,98,108,104,73,55,53,50,55,62,68,73,79,88,96,87,50,48,47,50,54,56,60,64,70,82,94,80,48,42,40,43,48,51,55
"Jacksonville, FL","Msa","Florida","All Homes",119,116,104,91,91,89,88,89,87,86,88,92,93,82,64,66,67,68,66,60,62,66,68,75,78,76,62,62,61,67,70,70,72,76,76,79,86,79,62,64,64,65,67,70,71,75,74,75,81,76,57,59,62,67,69,70,74,82,86,88,86,76,61,56,54,57,62,63,70
"Memphis, TN","Msa","Tennessee","All Homes",129,122,114,87,80,79,86,97,98,99,101,106,111,108,94,76,74,75,76,76,78,82,88,96,102,100,78,59,55,60,69,69,72,78,82,90,94,91,72,62,60,60,61,45,46,66,77,83,92,90,69,64,62,63,64,67,68,66,69,81,89,80,58,56,49,52,56,57,61
"Hartford, CT","Msa","Connecticut","All Homes",126,127,104,70,73,74,84,93,102,104,106,111,120,116,101,75,65,69,77,84,90,91,96,103,113,114,102,69,60,64,72,82,90,97,101,110,120,128,125,88,57,62,67,77,84,98,103,110,118,118,96,64,62,70,78,85,90,94,103,110,115,119,100,69,58,60,68,71,77
"Richmond, VA","Msa","Virginia","All Homes",103,98,76,64,63,62,69,74,68,72,79,85,91,78,61,52,53,63,68,67,69,71,74,82,84,77,47,55,57,62,68,70,74,75,81,89,94,90,72,54,52,58,62,67,71,75,76,83,86,74,55,50,52,58,64,66,64,68,76,84,86,78,55,49,49,54,58,61,64
"New Orleans, LA","Msa","Louisiana","All Homes",102,103,100,77,75,76,80,89,96,90,96,99,106,102,76,74,73,82,82,77,78,84,88,94,98,97,88,76,72,74,76,78,80,78,82,89,94,91,82,67,64,64,69,73,76,78,78,81,89,84,67,64,62,62,68,70,76,80,82,88,95,74,51,57,51,64,78,81,85
"Buffalo, NY","Msa","New York","All Homes",117,113,96,73,69,69,72,75,76,77,89,100,111,109,73,58,35,54,69,70,74,76,83,91,102,105,92,61,52,47,49,58,64,74,80,93,102,100,76,49,41,48,53,60,71,78,83,90,100,101,72,56,48,50,55,58,63,64,70,78,86,88,59,42,36,36,42,42,50
"Raleigh, NC","Msa","North Carolina","All Homes",130,111,94,79,77,80,85,87,82,82,86,97,102,86,62,60,58,62,66,68,72,74,76,83,88,89,67,57,56,56,61,66,72,78,68,70,79,82,62,45,47,50,54,56,61,60,63,74,82,66,44,42,44,47,52,54,60,62,64,76,82,68,48,47,47,50,54,61,64
"Salt Lake City, UT","Msa","Utah","All Homes",108,102,75,67,64,62,65,64,34,43,65,73,80,74,56,44,44,44,45,48,48,55,54,59,66,67,48,42,45,49,53,54,58,61,64,71,76,64,50,42,42,40,42,46,43,48,51,59,62,42,39,38,35,36,42,40,43,48,48,54,61,58,46,33,26,29,31,33,38
"Rochester, NY","Msa","New York","All Homes",112,102,70,63,64,68,70,80,81,81,86,96,96,85,64,56,54,58,63,69,76,77,79,84,91,92,72,62,57,52,57,66,70,75,70,78,90,92,76,46,40,42,50,58,61,69,76,85,94,88,56,50,47,51,56,61,64,47,55,78,84,80,57,50,37,42,48,50,58
"Grand Rapids, MI","Msa","Michigan","All Homes",137,129,121,91,82,82,85,90,92,96,99,104,109,103,88,70,61,57,62,68,72,78,90,99,113,113,108,67,50,47,55,62,67,69,82,87,100,98,76,47,42,46,53,58,64,70,76,82,94,94,62,53,48,43,48,58,66,68,73,84,90,90,65,47,42,42,49,49,54
"Tucson, AZ","Msa","Arizona","All Homes",104,98,89,82,87,86,81,81,78,70,68,73,83,80,76,75,69,69,71,72,70,67,68,75,85,87,77,75,77,76,77,80,82,80,78,83,91,88,73,71,74,73,71,74,77,71,68,75,82,78,67,68,71,72,73,77,78,70,69,70,76,74,63,54,53,64,66,65,62
"Honolulu, HI","Msa","Hawaii","All Homes",83,83,68,68,68,66,65,68,75,71,75,82,84,75,63,61,60,48,54,57,59,60,59,62,69,64,55,56,56,55,55,58,64,67,67,72,76,66,56,36,41,62,61,63,66,68,72,77,80,70,57,60,62,61,62,64,68,68,68,75,78,76,61,54,55,58,60,62,64
"Fresno, CA","Msa","California","All Homes",96,74,70,57,53,46,38,45,48,41,43,50,55,41,48,54,56,46,43,40,40,48,48,56,63,46,41,48,48,46,49,48,51,54,62,64,67,52,47,43,42,46,47,46,43,45,58,66,69,48,46,44,44,50,54,52,54,57,58,64,70,66,48,41,38,46,44,46,48
"Worcester, MA","Msa","Massachusetts","All Homes",137,131,116,84,76,82,90,97,99,99,108,113,122,123,104,72,62,66,72,76,79,78,86,94,106,96,68,57,53,58,68,76,84,86,94,100,110,117,109,67,46,50,62,71,75,78,85,96,106,100,66,54,53,56,63,73,75,72,76,87,94,90,62,46,44,48,54,56,57
"Bridgeport, CT","Msa","Connecticut","All Homes",134,127,100,81,80,90,98,105,118,120,126,130,132,120,84,68,63,69,81,90,96,96,98,107,116,114,86,62,58,66,76,90,98,104,105,112,126,122,100,65,57,64,75,92,102,108,112,120,126,122,70,62,64,72,86,99,110,116,118,126,122,121,87,64,63,71,80,91,100
"Albuquerque, NM","Msa","New Mexico","All Homes",132,117,105,82,76,68,72,75,84,84,88,92,97,90,72,68,65,66,69,68,75,77,82,82,94,93,73,67,66,68,71,76,84,88,96,102,106,104,84,58,59,66,76,77,81,84,85,93,96,93,67,62,64,65,70,74,77,82,86,92,98,94,70,56,54,56,58,64,68
"Albany, NY","Msa","New York","All Homes",139,134,128,110,91,90,96,104,108,116,120,124,138,139,126,100,85,84,88,94,100,106,110,118,124,126,122,88,78,75,79,89,96,105,113,126,131,134,130,81,62,60,68,79,89,98,102,111,114,116,103,80,69,70,76,86,91,93,99,108,115,118,119,90,72,64,71,78,84
"Omaha, NE","Msa","Nebraska","All Homes",116,112,86,66,61,63,69,75,81,82,88,97,105,100,68,60,57,56,55,60,69,70,74,81,92,93,66,53,49,52,57,60,62,68,75,85,96,91,54,46,45,42,39,50,57,60,66,74,84,76,58,48,43,47,50,51,56,56,63,76,82,74,50,42,42,43,46,47,54
"New Haven, CT","Msa","Connecticut","All Homes",126,120,102,79,78,83,90,101,107,109,114,122,125,126,106,78,71,73,79,85,94,96,104,112,117,118,107,75,64,69,79,91,99,109,109,113,121,125,118,87,62,63,71,84,86,100,105,112,119,118,95,68,64,70,81,90,98,100,109,116,118,119,100,70,62,63,71,76,82
"Bakersfield, CA","Msa","California","All Homes",88,75,52,50,48,54,60,57,57,61,60,64,65,53,45,48,56,53,52,51,50,54,60,66,63,53,52,50,48,51,57,59,60,64,67,76,76,68,54,50,48,48,50,58,60,60,62,69,72,59,51,52,49,51,59,63,70,74,75,80,83,79,67,60,50,50,54,61,60
"Greenville, SC","Msa","South Carolina","All Homes",148,137,132,118,102,102,110,112,117,115,118,126,131,120,104,89,89,90,90,92,98,102,104,114,126,114,100,75,79,84,88,90,95,97,103,110,114,104,95,70,64,70,78,80,87,91,98,103,110,109,92,75,69,72,78,83,89,92,95,100,106,104,90,70,67,64,73,72,79
"Oxnard, CA","Msa","California","All Homes",110,92,78,74,62,58,62,64,70,69,66,69,67,34,40,49,48,48,45,46,48,54,55,62,70,48,40,43,42,45,49,53,61,62,62,71,76,52,43,41,40,43,47,50,53,56,57,61,68,46,38,40,42,48,52,54,57,64,63,64,69,62,49,40,39,40,48,50,48
"Allentown, PA","Msa","Pennsylvania","All Homes",123,117,104,88,84,86,92,99,98,107,115,118,119,116,100,80,75,78,84,88,91,92,100,102,108,112,108,82,68,70,74,82,92,97,104,110,116,117,110,72,60,62,60,66,75,98,103,106,112,112,92,70,68,75,84,88,95,98,103,108,111,112,106,71,58,64,70,75,81
"El Paso, TX","Msa","Texas","All Homes",102,108,92,76,74,82,86,92,88,94,96,103,109,100,90,82,82,84,88,89,89,90,90,97,102,100,87,79,78,70,74,80,91,91,94,103,108,97,70,68,71,75,89,98,96,100,108,111,112,110,102,84,76,70,80,88,98,96,99,101,108,110,100,72,78,77,86,90,94
"Dayton, OH","Msa","Ohio","All Homes",136,131,116,87,80,82,87,91,95,96,102,110,113,105,83,72,69,70,74,76,83,87,90,99,110,111,102,70,58,54,62,75,78,81,89,93,105,106,94,68,62,61,64,71,77,80,84,86,98,94,72,68,65,64,64,67,74,77,77,85,86,86,67,50,45,50,48,48,54
"Edinburg, TX","Msa","Texas","All Homes",92,88,75,70,73,60,64,66,62,68,77,87,102,98,83,75,79,88,89,76,79,81,78,82,88,91,90,78,76,78,80,78,79,81,87,89,92,86,75,71,76,72,72,71,71,74,76,86,87,72,58,71,70,69,78,80,84,86,90,98,98,93,84,80,55,56,68,76,84
"Columbia, SC","Msa","South Carolina","All Homes",139,102,84,86,95,98,104,116,118,120,122,126,128,118,101,87,90,96,101,99,100,99,103,109,110,110,104,83,78,82,88,96,102,109,112,119,116,107,96,75,75,80,85,86,89,96,103,105,102,94,76,71,69,72,76,77,82,86,90,94,98,90,78,64,65,67,70,74,80
"Bradenton, FL","Msa","Florida","All Homes",112,109,110,103,104,104,109,108,103,96,90,88,90,82,78,78,87,91,89,78,76,74,70,72,81,80,76,76,78,70,77,83,88,86,78,77,77,70,62,63,68,75,78,75,71,68,64,66,70,66,61,70,76,84,86,88,88,85,78,76,80,78,76,80,84,87,90,89,91
"Little Rock, AR","Msa","Arkansas","All Homes",110,110,96,82,82,80,78,82,84,90,94,106,109,106,94,80,76,81,85,84,84,88,93,101,107,108,104,87,83,74,76,78,82,84,92,101,108,88,68,73,68,68,80,80,69,66,74,84,94,96,77,75,74,74,76,82,84,86,92,98,100,98,85,70,58,56,60,65,74
"Stockton, CA","Msa","California","All Homes",78,83,67,56,34,40,66,73,80,45,44,38,48,44,46,48,42,28,34,32,39,41,38,44,49,34,34,36,34,40,35,38,42,47,54,57,62,51,43,37,40,42,39,36,41,49,50,58,58,40,37,34,34,36,36,37,41,44,49,54,57,47,43,30,22,32,32,30,35
"Charleston, SC","Msa","South Carolina","All Homes",126,103,103,86,89,91,96,104,103,102,101,107,110,95,78,75,82,90,91,88,89,94,95,98,107,105,91,71,71,76,78,81,82,64,72,77,92,98,84,71,64,64,68,76,85,91,96,103,106,94,62,60,64,71,70,71,82,90,93,102,91,74,62,65,69,76,80,85,91
"Colorado Springs, CO","Msa","Colorado","All Homes",132,112,70,55,51,56,63,68,67,70,78,92,96,75,60,60,56,60,60,60,68,77,82,86,86,77,56,52,54,57,61,70,76,81,88,92,96,77,54,43,42,42,42,48,53,59,65,71,72,54,35,39,35,37,40,49,56,63,68,74,75,56,53,45,37,38,40,39,52
"Winston-Salem, NC","Msa","North Carolina","All Homes",136,137,112,89,90,92,100,97,98,98,106,114,117,110,99,84,83,92,98,97,97,95,103,110,117,124,118,90,84,86,94,98,104,103,111,120,123,119,85,75,72,74,71,76,77,78,84,95,103,100,84,73,70,79,86,84,89,90,100,112,116,111,92,70,68,68,68,67,76
"Wichita, KS","Msa","Kansas","All Homes",110,108,76,74,73,70,76,76,82,82,84,86,92,87,80,75,68,68,69,70,77,78,82,83,91,90,70,62,60,57,62,66,68,70,72,83,91,80,63,62,50,49,58,57,56,62,69,77,86,76,58,55,54,57,61,62,64,64,64,77,79,76,64,58,54,56,54,56,57
"Springfield, MA","Msa","Massachusetts","All Homes",122,119,103,80,74,76,84,90,94,96,108,111,117,119,100,76,61,62,71,78,84,88,92,102,114,106,95,64,55,61,70,84,94,100,109,116,121,126,116,71,53,56,64,76,82,85,90,102,107,110,91,64,58,58,66,76,82,84,91,96,101,100,87,52,44,50,58,68,72
"Boise, ID","Msa","Idaho","All Homes",100,100,108,112,99,96,91,90,78,71,80,90,98,90,88,70,65,64,67,67,74,82,89,88,95,97,88,77,62,62,74,75,80,79,92,99,109,105,86,64,59,60,66,70,77,87,93,97,96,87,55,48,48,55,60,62,62,63,68,80,84,90,86,55,47,53,54,49,51
"Toledo, OH","Msa","Ohio","All Homes",130,131,124,100,88,85,88,97,103,109,112,113,114,103,81,82,76,64,70,74,82,80,78,85,91,97,83,64,54,54,59,68,70,81,82,91,99,98,94,69,60,61,62,63,64,72,78,85,92,94,77,64,60,57,59,64,71,77,84,91,96,93,74,64,52,46,49,56,64
"Madison, WI","Msa","Wisconsin","All Homes",167,168,150,117,92,93,100,105,109,116,121,135,146,142,119,78,70,72,79,81,86,90,104,118,130,131,106,69,62,64,73,82,93,104,111,122,125,115,77,55,54,59,68,76,83,88,94,104,106,98,61,50,49,55,60,62,68,74,82,97,102,94,51,44,41,44,49,51,62
"Lakeland, FL","Msa","Florida","All Homes",109,102,94,84,86,84,88,76,77,77,82,91,97,85,75,74,73,70,74,71,68,69,70,75,84,88,76,74,72,70,72,77,82,82,84,89,94,90,78,68,63,74,82,82,77,77,78,81,81,78,65,69,68,75,82,84,78,80,80,83,86,81,75,70,60,66,70,76,83
"Ogden, UT","Msa","Utah","All Homes",102,97,64,58,61,62,68,72,70,68,70,80,92,86,58,54,53,48,52,56,62,67,70,76,83,84,58,49,54,56,61,64,65,68,72,78,85,78,58,48,49,46,47,48,47,50,55,66,68,44,40,40,36,40,44,43,48,50,52,61,69,60,49,40,34,35,38,35,42
"Palm Coast, FL","Msa","Florida","All Homes",136,127,130,124,114,106,106,104,99,102,101,102,104,97,98,92,96,98,98,90,84,83,84,89,95,92,82,76,79,84,85,84,88,88,89,95,96,93,78,68,74,75,72,72,69,83,86,88,86,80,71,74,76,78,79,76,74,80,86,92,88,84,75,72,70,71,72,72,78
"Des Moines, IA","Msa","Iowa","All Homes",127,125,112,80,76,78,86,95,99,99,100,106,117,102,82,72,72,70,76,80,85,89,96,104,112,118,116,70,63,66,71,78,83,86,94,103,109,92,68,65,62,64,67,68,73,76,84,91,103,99,70,58,56,56,58,60,66,76,83,94,110,110,96,64,55,58,60,63,65
"Jackson, MS","Msa","Mississippi","All Homes",122,119,108,90,85,85,90,97,99,105,110,114,117,107,82,73,82,85,89,88,92,99,108,114,122,118,108,82,76,81,85,90,91,96,101,109,112,102,90,85,76,70,65,69,75,74,72,76,88,90,68,65,64,68,75,78,83,88,90,101,105,104,91,71,68,72,75,79,85
"Scranton, PA","Msa","Pennsylvania","All Homes",133,131,128,104,92,91,96,103,92,108,114,116,125,126,114,90,70,68,81,82,90,98,112,122,132,138,140,121,87,79,84,88,100,105,116,124,130,130,130,106,86,76,82,94,102,113,119,127,126,126,127,106,102,94,96,99,110,106,112,123,126,142,140,111,89,80,88,93,97
"Chattanooga, TN","Msa","Tennessee","All Homes",150,136,126,102,102,98,104,104,104,109,113,119,126,114,106,92,96,102,108,108,112,114,118,126,130,132,120,97,85,88,92,96,98,103,108,124,125,119,107,82,78,76,72,74,83,90,94,98,106,101,86,74,70,70,74,79,83,86,92,101,104,98,92,76,61,68,74,79,82
"Provo, UT","Msa","Utah","All Homes",114,110,88,76,62,60,72,80,81,75,80,88,91,76,56,47,41,45,47,48,54,59,58,62,64,61,52,45,48,51,54,55,58,63,69,77,82,72,48,46,46,42,48,44,49,55,55,61,62,50,40,42,37,35,42,44,50,56,58,62,67,60,46,33,33,26,36,39,46
"Modesto, CA","Msa","California","All Homes",80,76,66,70,61,56,66,70,68,54,56,51,55,50,44,44,37,30,36,35,36,38,42,52,54,38,40,42,42,43,44,44,46,45,50,62,69,52,42,37,42,44,41,43,49,54,55,61,62,52,43,42,37,41,42,40,43,47,50,61,66,50,41,31,29,36,36,34,41
"Durham, NC","Msa","North Carolina","All Homes",150,119,85,77,83,90,100,106,110,110,112,121,123,106,68,60,64,72,84,88,91,93,98,104,107,105,74,60,62,68,76,88,96,95,76,82,89,96,71,49,54,58,66,76,77,76,76,79,90,82,51,51,56,61,70,75,80,82,88,98,102,90,57,50,57,62,68,74,76
"Lexington, KY","Msa","Kentucky","All Homes",117,132,126,90,78,83,91,104,104,105,106,110,114,107,84,71,70,78,84,88,92,92,98,108,118,119,111,80,68,74,79,84,90,96,101,112,120,120,104,74,70,70,75,82,89,91,94,105,112,114,89,64,56,56,62,68,73,78,88,94,99,95,74,67,57,56,61,69,76
"Lafayette, LA","Msa","Louisiana","All Homes",88,71,64,70,63,59,70,75,76,71,75,84,88,86,64,58,60,64,64,64,66,69,76,82,87,68,62,60,58,61,61,61,65,66,62,76,86,74,62,62,55,63,69,61,58,66,71,80,89,90,64,66,65,63,70,77,82,66,42,66,82,98,92,82,72,76,82,88,96
"Lansing, MI","Msa","Michigan","All Homes",131,136,124,105,87,78,84,99,102,102,107,112,113,99,80,72,69,70,75,76,80,84,90,98,111,117,109,81,64,60,62,69,78,85,91,103,110,111,98,64,56,62,68,71,76,80,90,98,106,106,92,72,60,58,57,55,62,70,71,82,91,102,75,56,47,48,50,57,62
"Pensacola, FL","Msa","Florida","All Homes",147,144,136,124,106,105,105,109,115,110,116,119,123,122,103,86,85,90,94,90,90,90,98,103,110,105,95,84,78,82,84,90,93,96,104,106,107,102,81,72,76,80,85,86,93,96,104,105,106,100,85,74,71,77,78,79,82,84,89,92,98,94,73,64,57,64,67,68,74
"Visalia, CA","Msa","California","All Homes",83,71,68,66,67,69,70,66,65,61,73,81,91,70,54,56,57,56,58,58,59,66,71,76,77,74,62,56,56,66,67,65,67,68,71,79,80,78,54,50,46,46,47,49,56,54,54,64,69,56,48,52,44,48,53,57,54,58,58,66,70,60,54,48,48,46,51,55,60
"Reno, NV","Msa","Nevada","All Homes",123,116,106,96,92,85,80,83,85,91,100,107,118,111,92,68,62,56,61,62,70,74,77,82,92,89,63,60,55,53,56,62,68,77,84,94,98,85,54,44,41,46,48,52,55,62,66,77,86,77,52,47,42,47,54,56,61,66,76,89,99,100,79,51,44,46,52,56,61
"Port Saint Lucie, FL","Msa","Florida","All Homes",114,91,78,76,94,95,106,111,112,104,104,103,104,96,90,86,89,88,78,66,62,64,68,70,76,76,74,76,78,78,81,85,86,83,83,80,76,70,64,69,62,64,61,60,63,70,70,72,76,67,60,66,70,74,80,79,78,79,82,82,82,80,76,72,71,76,78,78,84
"Santa Maria, CA","Msa","California","All Homes",104,97,83,76,82,74,76,82,81,76,82,96,94,84,67,62,56,64,63,59,62,71,76,86,91,80,48,54,54,56,61,61,66,76,77,77,78,69,54,49,50,51,52,58,62,70,68,72,83,72,51,55,50,53,63,68,70,74,78,87,97,95,65,62,63,68,63,69,76
"Reading, PA","Msa","Pennsylvania","All Homes",139,128,111,84,89,90,100,106,112,116,123,130,132,131,115,93,82,78,85,88,94,102,104,100,106,106,106,89,77,76,84,90,94,99,102,113,118,118,112,81,64,68,72,78,86,96,98,102,108,112,99,73,71,76,78,87,96,97,99,110,112,107,89,68,62,65,70,75,78
"Brownsville, TX","Msa","Texas","All Homes",102,71,66,78,76,80,88,71,72,71,84,95,101,92,90,88,91,94,98,98,104,90,62,74,77,96,98,90,89,88,94,104,109,110,107,103,97,87,76,69,88,70,83,92,118,116,112,93,76,78,77,86,90,86,91,95,104,106,114,127,131,123,119,114,112,114,118,120,129
"Killeen, TX","Msa","Texas","All Homes",98,97,86,74,74,68,78,70,63,60,73,79,68,62,70,70,70,74,77,75,81,81,84,84,91,89,80,71,70,70,71,74,75,76,82,90,100,93,70,62,64,64,56,63,64,65,68,77,80,65,50,51,51,60,68,69,71,73,70,76,65,60,61,59,56,57,56,41,46
"Canton, OH","Msa","Ohio","All Homes",132,124,108,77,63,68,76,74,77,77,82,89,105,104,88,67,64,62,68,69,74,75,76,84,95,97,82,63,56,60,64,69,74,82,83,95,105,105,96,78,58,61,60,68,68,71,74,79,92,90,68,61,56,58,63,65,68,71,75,84,91,90,63,50,54,52,56,56,56
"Manchester, NH","Msa","New Hampshire","All Homes",97,101,86,72,67,64,78,92,93,89,87,94,98,93,70,63,52,52,62,68,74,76,84,90,98,94,52,49,46,48,53,64,71,84,91,93,95,91,63,43,42,47,55,61,69,74,80,92,99,90,56,44,42,49,60,69,70,67,66,84,90,88,65,47,40,42,48,50,62
"Anchorage, AK","Msa","Alaska","All Homes",88,77,73,58,49,48,54,59,65,73,82,92,108,98,70,62,64,64,66,68,78,88,90,94,95,80,54,44,44,36,48,57,62,69,78,81,80,70,38,42,48,50,53,55,62,72,80,89,86,66,49,48,53,58,66,71,80,86,95,106,102,99,85,54,53,54,60,64,70
"Peoria, IL","Msa","Illinois","All Homes",126,126,102,84,70,70,73,83,88,91,96,97,99,99,96,82,77,69,67,70,78,84,94,100,108,118,112,82,63,64,71,76,82,86,89,100,113,119,111,78,66,52,49,66,78,78,80,89,102,112,102,76,71,70,76,78,86,91,99,108,122,124,116,47,44,72,83,82,86
"Conway, SC","Msa","South Carolina","All Homes",129,117,107,96,95,100,128,140,150,153,154,151,142,130,115,102,103,90,99,97,112,128,126,130,134,131,122,102,102,105,112,110,118,120,118,124,125,122,116,82,82,68,69,72,104,109,120,120,122,104,97,90,98,105,110,113,121,128,131,138,144,136,120,96,97,103,107,113,112
"Gulfport, MS","Msa","Mississippi","All Homes",126,97,66,83,96,90,106,110,120,124,90,78,88,100,118,113,104,108,111,108,104,107,116,126,133,134,132,124,111,109,110,104,103,95,97,107,119,126,122,93,96,96,98,91,88,73,55,61,88,116,126,99,98,104,106,108,76,68,89,119,128,136,148,152,138,130,128,127,126
"Trenton, NJ","Msa","New Jersey","All Homes",135,126,110,86,82,83,90,106,110,114,116,124,135,126,98,74,68,68,78,84,88,90,96,102,112,109,86,63,60,64,71,78,89,92,102,110,113,108,81,53,53,60,71,85,92,96,96,98,103,96,65,54,56,64,75,82,84,88,94,103,104,89,64,57,56,60,68,73,78
"Fayetteville, NC","Msa","North Carolina","All Homes",117,115,106,88,83,90,90,97,92,92,95,106,112,108,91,84,84,88,85,89,90,90,102,106,111,113,108,96,86,88,94,102,100,105,106,114,118,110,106,84,84,83,92,98,105,110,113,125,127,118,104,80,77,82,88,89,100,104,112,122,124,119,112,90,84,86,92,94,95
"Huntington, WV","Msa","West Virginia","All Homes",98,100,92,75,68,66,68,81,91,94,90,102,108,106,96,85,78,68,67,69,80,85,93,99,113,118,117,90,74,70,74,77,84,85,89,98,112,114,114,78,64,70,75,82,82,85,94,104,116,111,97,78,67,68,77,78,82,88,105,116,126,126,124,91,84,83,88,96,102
"Eugene, OR","Msa","Oregon","All Homes",105,97,92,106,96,87,88,81,88,101,110,116,124,115,68,58,63,62,70,70,80,90,102,120,126,117,79,62,47,53,67,72,85,95,112,122,119,100,70,55,50,58,60,60,68,76,83,92,94,84,56,50,48,48,54,54,58,70,82,94,104,100,58,41,39,40,46,44,54
"Rockford, IL","Msa","Illinois","All Homes",144,146,138,118,98,88,89,95,100,103,103,106,110,114,116,93,78,69,68,67,74,76,88,93,110,114,112,76,62,64,71,74,80,86,90,97,106,106,102,70,62,63,66,72,84,94,98,106,112,112,82,64,62,61,62,71,82,82,82,92,100,100,76,54,51,55,56,58,64
"Ann Arbor, MI","Msa","Michigan","All Homes",150,134,112,75,64,74,86,96,100,103,112,104,100,99,72,56,55,60,61,60,65,67,77,86,102,95,65,51,47,47,52,60,68,78,86,96,103,98,57,49,44,47,49,56,65,68,79,86,97,100,68,50,44,51,57,61,69,82,91,106,109,102,82,62,51,55,57,58,69
"Ocala, FL","Msa","Florida","All Homes",110,112,106,87,82,79,84,82,80,74,79,89,103,90,67,70,82,88,83,76,77,77,78,82,89,90,84,77,75,76,77,81,83,82,80,84,88,87,76,74,72,68,69,72,76,77,76,76,78,77,67,68,68,70,63,62,72,86,90,94,97,98,93,85,83,88,90,91,94
"Naples, FL","Msa","Florida","All Homes",129,125,132,128,127,130,137,136,140,134,111,96,96,92,98,104,113,122,127,126,110,95,84,92,92,87,80,81,87,89,97,104,106,104,91,84,83,81,76,73,75,84,86,92,91,94,78,72,77,70,65,80,91,104,118,128,131,123,104,99,100,99,104,98,107,118,119,127,136
"South Bend, IN","Msa","Indiana","All Homes",154,151,141,104,90,76,102,85,83,83,96,124,133,143,132,98,77,76,82,84,89,94,106,112,123,126,125,85,69,68,72,78,88,96,106,118,126,130,118,71,54,62,69,77,89,96,98,111,122,126,121,81,76,77,70,71,84,94,105,115,121,113,97,74,61,57,60,68,69
"Roanoke, VA","Msa","Virginia","All Homes",136,137,126,91,83,84,94,96,96,98,105,110,118,104,86,84,85,86,94,98,104,104,102,110,123,128,118,69,66,76,88,101,104,109,116,120,128,120,118,87,86,82,93,105,117,130,132,139,140,139,129,96,80,84,96,106,110,112,124,134,138,138,119,84,78,84,90,97,104
"Green Bay, WI","Msa","Wisconsin","All Homes",116,137,126,96,84,89,99,110,111,113,118,124,130,128,114,86,71,71,81,84,94,102,110,122,131,131,118,75,64,63,71,78,88,102,112,125,133,136,122,71,59,54,61,78,79,83,88,98,108,107,92,66,56,53,54,64,76,86,99,110,119,119,100,59,43,48,57,63,66
"Fort Collins, CO","Msa","Colorado","All Homes",146,131,101,80,76,75,80,86,96,96,102,106,110,103,76,68,64,58,60,66,75,84,100,114,125,118,92,62,56,55,56,64,68,74,85,102,116,97,70,46,42,47,48,50,55,59,67,82,104,103,68,57,48,49,54,55,58,64,69,78,80,72,48,40,41,40,42,47,56
"Utica, NY","Msa","New York","All Homes",120,129,122,90,68,70,73,77,88,98,118,132,145,154,151,104,83,77,81,83,92,97,102,110,116,107,107,90,85,78,81,87,96,105,118,131,138,145,145,132,69,62,79,82,101,112,124,134,153,160,146,120,88,82,84,90,101,109,112,122,133,138,138,123,77,64,69,73,82
"Boulder, CO","Msa","Colorado","All Homes",138,119,86,60,60,64,72,77,88,95,106,124,130,93,50,48,47,46,49,56,64,74,82,96,94,73,44,39,40,40,47,56,60,68,80,89,90,67,40,32,34,34,36,44,54,60,68,81,106,92,50,42,37,34,40,48,56,62,67,80,82,55,40,34,30,38,42,51,56
"Erie, PA","Msa","Pennsylvania","All Homes",135,130,121,90,81,81,84,83,82,87,100,114,133,141,138,110,85,77,80,83,91,98,109,125,140,142,146,117,82,77,81,90,96,104,115,131,146,152,154,131,82,70,71,74,81,92,104,118,128,112,97,79,78,74,76,83,92,99,108,124,138,140,135,98,85,70,64,76,90
"Egg Harbor Township, NJ","Msa","New Jersey","All Homes",137,132,132,132,80,82,90,112,139,144,146,149,151,146,136,124,118,117,119,118,123,127,130,136,142,140,136,120,106,108,110,112,114,112,120,133,136,139,126,97,92,96,106,112,118,104,104,106,114,130,135,124,107,110,118,124,136,138,140,147,148,146,144,112,103,103,107,119,117
"Norwich, CT","Msa","Connecticut","All Homes",142,136,130,94,86,90,96,110,118,123,133,134,134,138,127,93,81,82,90,95,102,106,110,128,134,133,128,90,77,77,85,98,108,117,120,124,132,140,138,123,76,73,79,91,99,112,120,133,132,134,123,90,76,83,84,95,106,116,126,131,131,132,119,81,70,70,78,80,86
"San Luis Obispo, CA","Msa","California","All Homes",112,96,78,71,64,58,64,69,73,77,81,91,83,76,61,60,57,64,70,64,62,68,78,90,96,82,54,50,48,54,62,70,74,80,82,86,89,70,54,48,48,54,57,66,69,76,77,81,82,70,49,49,48,56,62,65,74,72,76,84,90,87,62,47,44,52,58,65,71
"Gainesville, FL","Msa","Florida","All Homes",159,151,144,138,117,112,116,117,112,112,113,116,117,106,98,87,90,92,95,96,97,104,106,110,119,106,85,68,71,75,82,84,89,91,98,103,104,91,68,70,68,67,68,72,82,84,88,84,72,55,48,54,56,63,72,82,87,88,88,89,85,72,56,54,54,62,67,69,76
"Santa Cruz, CA","Msa","California","All Homes",92,90,60,60,51,54,63,66,69,74,81,91,81,56,40,44,42,50,51,53,56,61,60,66,70,42,42,36,39,39,42,46,56,61,60,69,65,39,40,35,34,36,43,41,43,56,64,94,100,61,30,30,35,36,42,46,51,56,64,76,71,57,36,28,30,35,40,47,48
"Clarksville, TN","Msa","Tennessee","All Homes",104,104,86,74,74,78,82,89,91,90,90,92,99,92,84,78,82,84,88,84,85,89,92,97,103,106,101,81,76,79,83,88,87,88,91,99,100,84,76,69,62,62,64,73,78,84,86,96,97,91,69,68,66,67,75,81,84,84,84,85,82,80,65,56,55,58,58,55,66
"Wilmington, NC","Msa","North Carolina","All Homes",153,131,109,94,88,96,105,118,122,117,112,110,119,112,104,88,88,94,102,102,103,100,94,98,106,108,110,85,72,74,75,75,70,60,64,85,96,92,80,64,63,73,78,78,82,84,85,71,72,56,50,70,77,83,94,103,103,106,112,122,124,106,88,70,74,76,82,89,92
"Kennewick, WA","Msa","Washington","All Homes",102,103,108,70,65,68,77,78,73,70,79,92,111,103,100,84,74,72,70,68,71,72,80,88,97,91,74,70,62,65,68,65,66,72,80,89,96,90,70,57,54,55,60,61,61,62,65,74,84,78,52,47,43,44,52,50,52,56,62,70,78,78,65,50,41,36,40,39,51
"Greeley, CO","Msa","Colorado","All Homes",112,109,79,64,56,60,66,68,76,77,79,82,85,69,57,56,53,49,49,55,62,68,74,76,85,74,56,46,42,44,43,47,51,55,60,71,80,52,40,33,37,40,41,40,47,50,52,60,68,63,38,36,34,37,40,41,46,48,49,56,58,50,40,36,35,36,39,42,47
"Lynchburg, VA","Msa","Virginia","All Homes",104,97,92,75,74,72,79,84,86,84,90,100,112,112,95,78,75,79,84,84,86,89,92,104,110,110,97,71,69,76,82,90,98,102,110,118,117,108,102,75,70,75,89,96,99,104,112,123,126,133,119,84,76,82,85,96,103,105,111,119,122,124,124,85,75,76,72,65,74
"Town of Binghamton, NY","Msa","New York","All Homes",118,120,118,98,86,78,84,84,91,92,104,112,123,120,118,93,87,80,82,84,94,100,108,110,125,117,130,88,75,76,83,90,96,108,111,120,126,133,140,128,78,68,76,86,95,102,115,124,134,130,120,85,71,70,78,88,98,109,118,120,122,127,122,88,65,63,68,76,86
"Martinsburg, WV","Msa","Maryland","All Homes",138,126,112,80,76,86,93,99,101,100,98,104,113,110,94,72,67,68,76,75,77,84,90,89,99,99,94,65,61,68,73,81,91,95,104,112,122,116,109,72,64,69,84,90,96,94,98,105,112,119,99,80,68,69,74,81,89,94,92,103,109,112,89,58,57,67,73,75,75
"Laredo, TX","Msa","Texas","All Homes",88,56,53,60,49,36,46,53,58,65,64,69,77,63,57,62,54,60,56,48,52,39,44,65,75,43,48,49,52,46,51,52,50,47,54,62,62,34,35,47,60,66,62,55,50,57,48,54,60,48,57,65,60,66,63,56,59,54,55,68,81,80,78,68,58,62,64,64,62
"Yakima, WA","Msa","Washington","All Homes",117,123,110,86,68,66,71,73,84,91,97,104,109,75,62,68,61,61,69,68,74,78,94,102,110,103,79,70,68,70,71,74,82,86,90,99,110,104,85,55,57,64,70,70,77,88,93,100,106,98,71,58,29,42,72,77,84,86,97,104,124,120,105,66,47,45,50,51,52
"Champaign, IL","Msa","Illinois","All Homes",161,160,153,128,100,93,98,104,113,123,132,138,141,135,117,98,82,83,90,92,101,112,118,130,142,138,128,83,66,68,75,86,93,100,113,125,136,140,135,88,70,72,75,80,85,93,104,110,117,107,78,68,64,61,78,83,93,98,111,124,132,114,92,65,65,73,81,83,90
"College Station, TX","Msa","Texas","All Homes",99,85,58,56,62,71,80,85,94,94,104,116,118,91,62,61,67,70,78,74,86,88,94,96,90,52,43,48,55,60,76,82,86,86,91,94,84,66,48,43,54,53,53,56,61,64,76,91,78,43,45,45,42,52,58,63,70,72,72,75,84,56,45,56,55,65,71,78,86
"Charleston, WV","Msa","West Virginia","All Homes",82,70,73,68,62,65,56,65,80,82,88,103,113,115,100,90,84,84,80,80,85,89,96,103,120,130,129,84,74,75,81,88,90,98,93,104,109,115,122,83,74,79,90,94,93,96,101,110,125,132,126,100,91,85,90,90,97,100,109,122,130,128,124,96,93,90,92,90,94
"Chico, CA","Msa","California","All Homes",94,96,90,78,62,58,63,68,66,68,80,89,96,86,59,50,41,48,46,49,56,66,72,74,77,71,48,50,50,53,56,53,62,62,67,77,87,76,54,39,42,53,52,54,59,69,72,81,90,77,50,56,53,60,62,57,64,66,61,73,81,103,91,43,42,48,57,57,56
"Lebanon, NH","Msa","New Hampshire","All Homes",135,125,124,112,89,89,92,106,110,116,124,122,132,143,134,119,99,88,91,103,114,127,138,148,155,162,126,73,76,76,84,95,105,117,130,143,153,152,130,97,78,83,88,98,113,130,148,164,166,174,160,136,106,95,100,106,122,132,142,158,163,176,177,162,118,106,102,109,122
"East Falmouth, MA","Msa","Massachusetts","All Homes",153,157,146,114,98,98,110,121,127,126,134,138,138,144,139,109,95,94,103,106,103,97,102,116,130,134,126,90,84,77,84,96,106,112,116,122,133,132,124,85,70,69,76,92,102,108,116,130,142,144,132,84,78,83,92,99,111,112,114,130,138,142,126,83,73,74,86,95,94
"Springfield, IL","Msa","Illinois","All Homes",102,105,86,69,70,70,75,71,72,81,90,88,106,102,80,66,58,64,74,68,72,81,90,98,111,120,101,71,64,62,64,70,75,83,83,90,100,105,90,65,53,46,37,60,76,75,78,92,92,92,67,64,55,55,56,64,78,81,81,88,98,104,78,51,47,50,52,56,66
"Tyler, TX","Msa","Texas","All Homes",124,117,92,70,70,69,76,80,85,89,92,102,110,90,72,74,81,88,92,91,94,96,102,112,118,106,86,68,58,68,73,67,74,84,93,102,110,104,88,71,68,61,64,69,72,76,79,83,88,80,58,60,62,62,62,67,76,81,86,90,90,83,70,58,48,54,66,76,84
"Las Cruces, NM","Msa","New Mexico","All Homes",166,173,160,162,165,148,143,140,132,131,135,137,147,148,134,132,123,128,139,133,138,135,138,140,139,132,123,102,98,97,118,122,126,134,134,134,136,132,126,94,90,92,89,96,94,102,104,86,90,100,98,122,109,100,98,96,102,105,112,124,124,130,138,100,91,92,94,96,94
"Fargo, ND","Msa","North Dakota","All Homes",96,97,82,67,56,54,64,73,70,61,68,84,102,106,73,54,47,41,40,49,48,51,62,76,99,105,61,53,46,46,52,48,54,69,69,75,84,86,53,47,44,39,47,42,50,55,61,61,57,68,48,42,41,42,48,49,54,56,67,84,90,73,43,40,42,50,56,56,59
"Houma, LA","Msa","Louisiana","All Homes",106,105,92,79,74,70,78,78,78,82,86,92,103,100,97,74,73,76,83,88,92,87,44,56,68,98,110,95,93,90,88,88,88,89,82,84,87,88,75,70,80,90,84,70,71,76,87,98,98,86,75,82,84,91,85,75,68,70,84,76,78,74,97,93,100,99,104,106,118
"Rochester, MN","Msa","Minnesota","All Homes",114,118,78,65,69,76,82,85,78,75,76,82,92,88,64,56,57,56,60,62,67,72,79,89,106,105,69,50,49,54,62,64,68,64,72,82,109,101,60,46,50,58,63,66,64,71,74,83,90,84,43,44,44,34,54,69,69,70,76,86,91,86,56,34,37,44,52,54,52
"Florence, SC","Msa","South Carolina","All Homes",138,131,122,98,103,93,92,97,97,108,104,112,112,106,102,100,107,110,110,106,114,118,122,130,145,137,135,95,98,101,98,94,98,106,114,131,133,128,123,88,91,94,103,102,96,93,101,100,106,115,106,90,84,86,84,97,104,111,119,126,129,127,116,84,78,80,79,82,94
"Lake Havasu City, AZ","Msa","Arizona","All Homes",104,108,106,98,82,82,92,102,92,84,87,96,104,101,102,96,96,97,98,101,100,95,86,86,97,98,89,84,89,90,93,93,95,90,88,93,100,101,70,74,78,96,103,104,104,100,98,99,100,99,90,82,81,84,88,94,97,96,92,94,100,102,103,91,91,84,88,88,90
"Yuma, AZ","Msa","Arizona","All Homes",79,86,83,78,48,52,68,74,82,76,61,67,77,75,68,79,88,82,70,67,71,53,47,62,77,79,74,69,76,72,74,78,77,70,76,83,85,89,86,67,72,73,68,70,70,66,66,74,84,80,64,73,62,62,78,88,86,75,70,75,85,86,89,84,85,86,80,76,84
"Racine, WI","Msa","Wisconsin","All Homes",158,156,151,125,89,88,97,112,113,110,108,124,137,139,128,106,85,76,76,80,89,92,100,108,117,118,100,70,72,74,80,84,90,93,103,116,122,122,104,71,64,64,60,62,68,78,81,96,107,108,97,60,52,53,57,63,67,67,74,88,99,98,62,51,45,46,47,54,56
"Athens, GA","Msa","Georgia","All Homes",169,160,149,130,116,118,124,124,118,118,120,116,126,122,112,92,90,91,101,104,112,117,113,116,115,112,106,81,80,84,101,104,104,105,103,112,113,106,74,69,69,81,90,98,99,111,115,123,120,102,68,64,65,68,77,84,90,96,110,113,106,88,69,64,70,75,76,77,80
"Torrington, CT","Msa","Connecticut","All Homes",163,155,144,111,91,100,111,123,134,146,158,162,168,167,167,142,99,92,97,110,119,125,136,148,162,167,169,135,92,86,99,111,126,132,135,140,150,154,158,147,102,84,85,100,113,130,140,154,164,166,155,120,90,89,99,107,119,130,137,149,156,159,152,115,86,83,94,98,112
"Saint Cloud, MN","Msa","Minnesota","All Homes",151,142,120,83,69,68,74,84,93,91,88,98,104,108,86,42,54,62,69,73,80,87,88,97,102,96,68,68,56,60,72,80,89,74,84,98,110,122,85,58,60,70,80,91,85,88,90,105,116,115,86,63,61,65,76,84,88,92,98,107,115,114,64,56,55,56,66,75,75
"Bluffton, SC","Msa","South Carolina","All Homes",144,149,144,154,138,134,150,145,150,160,160,161,161,148,136,128,121,130,137,106,104,105,112,134,124,124,118,105,97,104,114,124,128,125,122,127,132,126,110,99,78,86,86,98,103,106,114,139,143,142,102,92,96,104,116,133,144,152,163,168,170,162,140,100,99,104,111,118,128
"Panama City, FL","Msa","Florida","All Homes",131,126,128,94,83,90,92,101,84,78,80,106,116,110,103,92,101,102,105,94,95,97,104,114,118,116,106,90,87,88,91,91,96,98,104,113,117,109,97,82,76,72,75,77,89,92,107,111,119,109,98,83,82,89,98,103,113,112,117,122,122,118,113,91,82,84,91,98,102
"Kingston, NY","Msa","New York","All Homes",102,105,108,124,114,99,100,112,118,125,133,136,146,157,160,135,110,103,105,115,125,131,136,147,160,161,156,129,94,80,89,100,110,124,132,147,154,158,163,109,82,77,93,108,116,126,136,149,160,160,157,138,103,89,94,104,117,125,134,145,147,147,133,102,79,72,76,89,94
"Fairhope, AL","Msa","Alabama","All Homes",101,95,93,88,90,100,118,119,118,116,111,118,124,126,123,120,102,102,104,104,109,115,118,124,129,120,114,91,85,72,81,83,104,116,118,125,120,110,88,83,80,90,99,105,112,118,117,122,121,112,90,78,82,89,96,99,106,108,110,118,124,114,95,73,41,58,84,90,73
"Blacksburg, VA","Msa","Virginia","All Homes",118,109,89,69,68,74,88,96,100,94,105,114,110,97,74,67,68,73,78,87,94,92,88,100,117,112,86,68,68,74,82,95,97,97,98,104,107,99,84,68,62,70,73,78,86,94,97,113,100,99,65,56,52,69,82,88,87,98,102,98,99,104,86,66,56,57,70,71,78
"Jacksonville, NC","Msa","North Carolina","All Homes",90,94,80,64,56,63,88,103,107,98,98,92,104,100,99,90,89,97,104,108,109,111,80,61,67,86,81,102,102,102,111,116,106,99,102,111,120,111,101,83,84,86,88,86,90,98,102,110,118,112,107,84,76,88,99,108,106,105,110,120,126,121,105,85,85,88,94,94,98
"Terre Haute, IN","Msa","Indiana","All Homes",120,124,107,92,78,80,82,85,92,95,104,110,115,112,99,85,75,72,71,74,80,89,101,112,122,132,122,106,82,78,81,92,97,104,112,123,128,126,114,79,72,67,70,82,92,96,102,105,107,99,75,73,72,58,56,73,83,100,99,104,105,110,102,85,76,72,74,70,74
"Waterloo, IA","Msa","Iowa","All Homes",153,103,70,58,55,57,66,67,78,80,81,98,102,78,56,42,52,50,54,55,62,70,77,85,92,100,96,55,46,48,54,59,63,69,76,87,98,96,65,58,52,55,62,64,69,76,83,92,98,105,72,58,53,53,62,71,78,76,77,92,109,109,90,65,55,61,70,72,46
"Oshkosh, WI","Msa","Wisconsin","All Homes",126,146,133,95,84,87,94,102,108,105,109,120,137,132,129,86,83,76,76,76,92,92,100,114,127,140,140,102,74,71,78,83,92,95,98,113,128,130,114,66,57,64,76,88,91,90,89,102,112,114,83,62,54,55,60,68,76,80,86,102,99,95,66,50,46,48,54,57,64
"Yuba City, CA","Msa","California","All Homes",86,85,66,67,55,49,52,60,56,63,68,64,50,40,40,34,33,34,35,50,57,44,46,54,58,34,41,34,40,44,46,40,41,48,54,62,60,50,42,36,42,42,43,49,49,50,48,48,56,52,41,39,34,36,41,47,51,54,63,54,50,42,48,39,38,34,37,36,44
"Dover, DE","Msa","Delaware","All Homes",95,90,91,89,112,113,117,120,138,124,125,130,134,102,72,78,81,82,95,98,100,108,113,89,97,98,102,92,85,88,91,98,100,102,106,113,122,126,128,100,80,68,63,71,84,86,94,107,114,112,100,78,80,72,77,85,102,103,103,110,118,118,112,81,85,84,92,97,97
"Eau Claire, WI","Msa","Wisconsin","All Homes",148,150,134,111,82,87,98,113,119,116,117,116,99,94,73,88,82,80,92,96,102,105,118,128,137,131,113,78,77,75,81,82,90,93,102,121,120,119,78,54,52,59,70,78,78,88,97,112,126,120,98,68,61,62,70,75,76,77,85,100,114,108,76,48,48,52,54,62,68
"Town of Janesville, WI","Msa","Wisconsin","All Homes",148,144,124,104,82,99,106,112,116,115,117,128,138,145,142,110,77,77,81,84,94,104,106,118,132,143,147,119,78,70,77,81,92,99,111,122,130,128,103,63,60,67,75,78,82,82,92,96,105,110,78,52,48,51,56,60,66,71,79,86,90,86,57,48,40,43,48,54,53
"Jackson, MI","Msa","Michigan","All Homes",118,130,120,98,88,90,101,109,112,112,110,116,117,116,111,102,91,80,83,81,84,89,96,100,105,112,117,95,70,67,74,82,90,96,104,116,125,120,116,84,60,62,69,80,64,64,86,112,124,128,118,78,72,70,76,74,82,94,104,118,124,120,113,78,73,71,66,64,74
"Pueblo, CO","Msa","Colorado","All Homes",126,119,110,75,62,74,76,74,70,70,79,94,95,90,76,74,73,70,71,76,77,83,84,93,97,104,91,76,70,68,75,80,76,77,85,97,102,100,75,66,62,58,57,57,49,52,68,77,86,79,69,62,48,44,53,51,60,70,71,70,80,94,75,47,38,42,38,40,50
"Bowling Green, KY","Msa","Kentucky","All Homes",126,125,124,98,84,76,85,95,99,105,104,99,94,90,100,90,89,88,84,82,82,83,90,98,104,108,110,84,70,68,76,80,82,86,96,110,118,122,121,75,62,64,60,60,69,80,83,91,100,102,47,52,57,60,67,70,75,78,86,91,93,91,71,62,58,51,57,62,70
"Vineland, NJ","Msa","New Jersey","All Homes",139,139,134,116,95,106,113,124,135,126,132,148,147,159,152,137,107,105,112,118,135,133,133,143,146,142,140,133,116,118,117,118,125,121,123,126,128,128,117,95,90,71,68,82,92,92,92,92,108,104,94,90,94,103,104,105,112,113,112,121,119,112,111,96,90,95,96,99,98
"Monroe Township, MI","Msa","Michigan","All Homes",160,157,119,106,81,78,86,102,112,116,106,106,125,119,120,122,109,100,112,115,118,133,132,138,142,150,144,140,100,80,78,90,98,106,122,132,140,146,138,104,75,78,47,58,76,82,90,121,133,127,114,89,86,84,80,78,85,105,121,133,138,142,138,97,86,80,80,78,87
"Burlington, NC","Msa","North Carolina","All Homes",147,136,131,114,118,110,111,123,116,130,133,128,133,130,110,95,85,94,99,103,107,105,112,122,130,124,110,90,86,90,98,102,112,106,108,117,124,119,108,81,78,74,70,68,71,76,82,80,109,107,103,82,64,65,74,72,74,75,82,84,96,101,106,64,54,48,48,59,68
"Madera, CA","Msa","California","All Homes",98,97,90,74,69,90,94,112,114,104,102,110,102,84,57,44,55,73,90,97,89,81,84,91,102,104,95,66,59,63,69,86,90,90,86,88,92,96,79,64,66,68,71,77,81,84,82,96,110,112,81,58,66,70,77,82,90,90,89,96,91,90,92,57,50,55,65,68,74
"Chambersburg, PA","Msa","Pennsylvania","All Homes",131,124,114,90,90,94,105,116,110,99,90,107,120,120,122,95,93,91,98,98,96,89,90,94,106,108,106,78,71,76,90,96,104,113,112,119,118,122,123,94,86,77,85,89,98,102,108,118,124,127,114,83,75,82,92,99,99,99,103,116,123,124,122,75,69,72,84,96,92
"Florence, AL","Msa","Alabama","All Homes",110,99,74,81,78,80,97,97,106,108,96,98,104,94,68,82,82,80,73,76,83,89,88,88,96,103,82,79,79,84,89,90,98,95,98,109,118,118,118,85,79,78,81,80,84,90,92,98,103,99,79,72,72,76,78,84,84,90,88,98,105,100,104,96,59,60,83,85,90
"Concord, NH","Msa","New Hampshire","All Homes",132,132,115,83,72,76,86,101,96,98,102,107,131,133,123,85,64,68,83,95,104,112,116,126,136,138,112,64,54,60,70,77,90,99,111,119,126,124,104,63,54,60,68,77,89,101,111,119,118,110,75,60,59,67,78,81,91,90,97,106,116,120,90,54,47,47,60,68,74
"Dothan, AL","Msa","Alabama","All Homes",116,99,90,88,96,96,96,93,90,95,98,108,118,119,120,117,107,99,102,98,105,105,110,118,123,126,122,112,93,92,91,98,104,104,108,118,124,124,118,102,109,111,112,113,112,120,119,130,140,140,132,110,106,105,104,104,106,108,111,116,126,121,114,88,91,92,102,104,111
"Santa Fe, NM","Msa","New Mexico","All Homes",163,156,150,141,117,106,108,112,103,110,122,132,140,164,160,132,100,94,92,88,94,106,118,136,155,161,158,96,71,71,91,98,115,126,140,144,155,159,153,117,80,78,96,108,121,136,145,150,160,158,148,124,88,83,89,97,107,119,132,154,162,166,163,112,90,82,85,89,104
"Johnstown, PA","Msa","Pennsylvania","All Homes",109,118,109,98,85,80,78,79,89,89,94,104,120,125,122,102,76,70,80,81,89,91,105,116,120,139,146,129,85,76,82,90,102,105,98,103,110,117,126,133,86,83,84,94,97,98,106,112,119,120,125,120,100,98,98,99,104,114,120,128,134,132,132,92,79,80,88,90,100
"Garfield Township, MI","Msa","Michigan","All Homes",197,202,202,199,180,130,122,125,138,153,166,168,173,178,178,148,93,74,97,104,123,140,154,164,175,182,170,155,106,84,85,96,113,128,142,154,168,174,177,124,77,70,82,92,90,112,130,135,146,172,167,136,86,82,87,101,117,131,142,158,170,178,173,104,63,68,76,87,101
"Inverness, FL","Msa","Florida","All Homes",153,136,141,146,138,135,138,134,129,120,118,118,120,116,110,109,105,109,109,108,106,101,104,101,105,104,109,99,101,102,99,91,92,93,95,96,94,96,86,76,61,69,84,105,105,103,100,96,97,92,91,90,90,98,98,89,85,84,92,94,96,92,82,78,83,84,88,83,85
"Auburn, AL","Msa","Alabama","All Homes",116,113,94,84,96,99,101,90,82,87,98,112,109,98,83,86,91,90,96,99,98,103,108,112,120,110,107,88,84,87,88,96,103,101,106,112,110,100,97,82,80,75,68,58,55,66,88,113,107,95,71,70,64,63,76,92,102,98,94,90,93,81,70,64,68,71,78,83,84
"Coeur d'Alene, ID","Msa","Idaho","All Homes",161,146,50,39,68,84,88,89,95,103,94,104,116,110,76,61,60,68,75,82,90,98,112,125,119,104,84,77,65,66,74,86,96,106,116,118,119,112,79,53,57,66,75,82,92,100,106,119,114,94,55,54,54,56,68,81,90,98,102,123,123,110,96,60,51,51,54,57,69
"Vero Beach, FL","Msa","Florida","All Homes",132,124,123,127,124,120,118,117,118,105,102,98,104,98,92,85,96,109,110,110,102,81,77,83,95,96,96,93,97,106,110,106,104,96,88,90,91,87,77,83,78,84,60,62,70,80,82,84,87,80,72,76,78,80,88,100,92,93,84,86,84,85,85,76,77,77,84,92,102
"Napa, CA","Msa","California","All Homes",110,90,70,70,67,62,69,74,83,83,85,84,86,71,48,42,44,48,49,52,60,42,48,74,74,62,51,42,45,54,56,63,64,66,72,82,91,83,47,43,38,48,55,60,53,58,63,71,78,80,58,42,45,50,55,53,59,66,76,89,88,71,57,39,41,45,42,44,49
"Battle Creek, MI","Msa","Michigan","All Homes",77,69,86,104,94,86,86,97,106,112,114,116,118,118,105,87,86,83,73,77,83,87,92,98,105,112,109,96,72,57,61,69,78,82,92,96,113,115,104,69,58,60,68,70,75,84,87,96,105,110,93,74,68,65,66,64,75,78,89,85,96,98,76,57,44,48,46,49,58
"Flagstaff, AZ","Msa","Arizona","All Homes",130,113,86,86,88,84,91,103,116,128,146,160,148,120,76,64,63,68,82,90,103,113,110,115,119,134,134,85,72,72,76,84,97,108,126,135,148,141,111,61,55,66,74,100,116,130,139,155,159,155,125,75,66,66,70,88,112,122,139,153,156,155,136,66,62,68,74,90,100
"La Crosse, WI","Msa","Wisconsin","All Homes",132,123,116,92,77,78,86,90,83,82,92,103,103,93,70,64,57,56,64,68,77,80,77,86,104,113,102,61,54,58,68,69,68,72,82,98,111,110,74,50,46,48,54,62,67,76,76,84,92,104,71,53,45,46,52,50,56,62,70,85,101,106,74,45,40,48,49,48,54
"Sierra Vista, AZ","Msa","Arizona","All Homes",127,122,123,113,103,105,105,110,116,111,105,104,102,94,96,90,88,93,103,110,115,117,125,132,132,96,90,84,106,112,114,120,119,118,113,118,122,128,120,116,96,100,99,104,111,118,121,119,128,124,128,121,112,110,100,95,102,103,104,107,116,118,114,98,93,93,96,93,96
"Lawton, OK","Msa","Oklahoma","All Homes",100,95,80,71,63,63,72,77,77,69,75,81,89,94,93,76,70,68,61,67,78,83,94,97,89,90,95,90,78,78,81,84,83,82,90,100,107,108,80,64,73,82,97,94,91,86,90,98,105,106,95,80,70,72,86,89,92,92,99,90,92,99,98,84,76,76,73,78,83
"Farmington, NM","Msa","New Mexico","All Homes",111,112,92,70,66,67,71,68,70,74,81,88,78,75,65,72,77,76,66,66,74,78,84,92,98,108,82,80,78,84,89,90,86,89,94,115,114,116,117,81,79,84,83,72,77,90,92,102,98,88,77,72,74,80,87,90,92,101,106,116,125,114,104,90,84,73,70,67,63
"Morgantown, WV","Msa","West Virginia","All Homes",136,115,88,79,79,86,97,103,104,113,120,125,139,135,124,74,72,84,93,95,105,111,125,130,143,142,124,77,70,71,79,90,100,109,115,119,130,128,127,104,68,72,84,87,100,101,111,119,122,126,113,80,72,84,94,103,110,107,118,130,138,137,126,85,78,78,82,82,95
"Winchester, VA","Msa","Virginia","All Homes",118,104,93,68,69,78,79,86,91,96,104,105,102,94,84,80,72,62,62,64,62,57,62,71,75,84,91,64,62,62,74,86,96,100,110,112,120,126,107,69,62,70,86,98,102,93,105,124,126,123,111,75,73,69,78,87,92,97,100,102,116,112,113,78,72,78,83,90,92
"Saint Joseph, MO","Msa","Missouri","All Homes",113,110,100,89,85,90,95,104,107,106,103,113,123,125,132,110,90,86,88,81,82,88,96,104,118,131,131,106,96,85,81,83,92,106,109,121,130,115,102,77,74,72,79,86,93,98,105,92,92,92,99,85,70,74,86,89,88,83,83,98,103,112,105,80,68,63,59,58,68
"Altoona, PA","Msa","Pennsylvania","All Homes",114,119,104,70,74,70,75,69,78,74,93,100,99,86,65,77,76,75,76,76,83,90,100,106,112,122,125,98,72,74,80,78,83,88,91,97,120,124,122,85,69,62,67,76,84,88,99,103,111,104,90,80,77,82,82,78,76,77,79,96,105,110,105,74,66,64,66,79,84
"New Bern, NC","Msa","North Carolina","All Homes",158,144,131,122,105,82,113,123,100,104,111,116,139,147,134,122,111,112,116,122,131,136,140,146,158,158,153,131,115,119,126,135,139,145,148,154,158,154,131,92,66,72,83,96,128,154,155,162,167,160,144,130,111,109,116,125,132,137,145,144,149,148,137,121,99,105,114,114,111
"Logan, UT","Msa","Utah","All Homes",94,92,72,48,54,56,64,70,79,68,80,80,69,68,70,68,55,56,61,68,64,58,67,86,96,60,54,51,53,58,74,81,84,83,84,96,112,115,90,53,57,57,56,56,61,68,76,82,73,66,49,46,37,39,50,43,48,65,63,67,81,87,64,47,35,37,50,44,49
"Beckley, WV","Msa","West Virginia","All Homes",92,98,95,72,55,65,74,75,70,75,91,106,116,94,83,82,77,62,62,68,72,83,84,94,107,113,114,88,76,68,77,84,95,102,113,120,126,124,114,85,67,68,77,90,106,118,125,130,128,131,124,94,84,88,92,98,109,108,114,130,146,140,132,95,92,88,91,93,98
"Mansfield, OH","Msa","Ohio","All Homes",123,131,126,90,88,76,81,74,74,77,88,97,108,106,88,77,66,62,66,68,78,80,88,100,117,128,128,95,65,62,62,40,40,64,86,99,114,128,128,80,54,52,75,71,69,82,86,98,102,100,83,72,68,62,67,70,78,84,89,98,102,96,68,50,50,44,48,56,54
"Goldsboro, NC","Msa","North Carolina","All Homes",127,124,114,89,96,92,98,83,84,89,104,118,112,108,100,90,91,96,102,96,93,104,106,116,126,128,130,118,108,98,98,101,106,104,105,106,108,109,98,91,91,92,97,96,92,94,102,108,105,102,102,92,56,62,86,106,108,105,116,120,124,127,114,91,99,98,104,99,96
"Augusta, ME","Msa","Maine","All Homes",157,166,160,120,80,78,96,109,118,129,140,149,131,122,108,94,98,92,90,95,103,109,120,138,158,170,169,155,84,74,81,93,104,120,134,148,162,168,174,140,98,78,77,92,110,120,133,146,160,162,168,156,121,94,94,106,118,127,139,149,150,165,174,153,85,64,74,82,94
"Jonesboro, AR","Msa","Arkansas","All Homes",117,110,57,66,74,92,84,76,84,81,79,89,108,111,102,82,78,77,80,76,74,86,90,93,96,97,98,82,65,67,75,81,78,77,83,92,97,96,75,78,68,68,65,78,70,74,78,92,104,106,96,78,66,70,81,93,102,107,107,111,112,104,102,92,70,68,79,78,74
"Sherman, TX","Msa","Texas","All Homes",130,126,117,96,94,98,98,104,100,99,110,120,123,118,96,82,87,96,98,96,98,105,107,120,119,110,84,78,76,75,82,90,100,102,102,103,103,104,93,78,72,80,78,70,76,85,93,104,104,101,79,76,72,71,71,76,86,91,94,103,110,116,91,62,61,62,62,60,70
"Jacksonville, AL","Msa","Alabama","All Homes",154,154,131,121,106,112,128,118,124,126,136,142,156,154,141,142,131,105,92,94,105,111,122,130,137,144,132,116,106,108,110,108,98,104,115,123,135,136,136,106,106,107,110,112,117,126,134,141,148,146,136,115,106,105,110,113,126,126,132,128,132,136,140,108,96,100,100,104,108
"Mount Vernon, WA","Msa","Washington","All Homes",147,146,138,110,88,78,79,85,94,107,114,126,128,119,78,73,73,78,76,80,88,91,96,102,100,104,91,82,63,62,76,87,99,113,115,124,132,128,92,63,57,57,64,68,76,84,88,91,116,98,58,53,44,50,56,55,62,71,82,95,102,102,70,50,39,40,46,48,59
"Albany, OR","Msa","Oregon","All Homes",100,104,104,120,104,102,91,91,95,102,108,115,126,122,115,88,77,77,77,77,87,91,102,117,124,126,114,74,59,59,69,73,82,89,104,111,113,108,78,62,56,58,55,62,71,78,82,80,80,65,51,54,49,55,56,55,58,68,69,76,80,80,50,40,41,40,47,45,48
"Williamsport, PA","Msa","Pennsylvania","All Homes",88,84,72,43,42,46,46,55,66,56,52,58,60,61,58,56,55,39,58,69,76,60,61,76,88,92,99,86,54,56,56,62,64,69,83,93,99,94,83,60,57,61,66,66,69,80,75,82,96,88,66,62,58,60,76,78,90,90,89,91,106,108,106,85,57,56,66,78,87
"Cleveland, TN","Msa","Tennessee","All Homes",143,141,129,106,83,96,114,128,140,144,136,133,138,131,120,108,97,98,103,106,118,123,112,118,118,118,118,99,98,96,95,98,107,117,126,131,134,131,110,58,54,54,55,65,84,92,96,110,112,108,96,90,82,84,84,90,99,100,97,90,97,90,99,87,93,88,83,79,80
"Wooster, OH","Msa","Ohio","All Homes",138,120,114,87,82,86,90,103,117,108,108,105,105,102,86,81,72,62,71,76,84,83,89,98,104,120,113,83,78,72,66,72,80,86,97,106,113,102,86,76,56,61,57,54,59,76,83,85,92,84,80,66,56,66,65,70,66,68,75,86,93,99,72,62,44,42,42,53,52
"Morristown, TN","Msa","Tennessee","All Homes",156,156,149,150,122,119,128,132,144,145,146,154,165,163,146,132,102,106,112,114,118,122,130,134,148,156,140,124,102,100,104,110,116,133,140,143,150,147,144,137,78,68,74,88,117,128,131,141,149,145,128,102,95,92,101,117,118,119,124,136,135,132,114,98,88,86,86,97,103
"Town of Potsdam, NY","Msa","New York","All Homes",95,101,82,92,93,93,96,101,73,69,83,108,138,162,149,102,76,68,64,68,78,87,84,87,102,98,116,86,62,62,74,82,94,104,114,118,136,146,141,85,64,77,83,94,102,116,126,124,138,148,135,113,78,72,85,106,118,133,147,163,171,182,190,180,155,121,118,119,132
"La Porte, IN","Msa","Indiana","All Homes",133,134,139,135,99,94,100,99,105,111,124,139,139,127,103,81,78,72,80,83,94,93,98,102,118,128,132,121,76,64,74,78,84,97,105,111,123,124,117,88,75,66,65,71,83,97,108,122,137,149,157,150,90,82,84,90,107,123,118,122,119,119,96,69,64,70,77,90,93
"Allegan, MI","Msa","Michigan","All Homes",182,174,167,156,122,118,110,116,124,131,142,150,161,152,150,122,100,88,90,96,108,113,116,120,130,145,146,101,56,56,67,80,87,98,119,134,139,143,132,78,57,60,68,84,99,111,118,132,140,144,118,78,68,75,78,86,101,100,114,122,133,131,114,69,65,64,71,70,74
"Wenatchee, WA","Msa","Washington","All Homes",130,125,70,52,57,70,82,84,90,99,118,133,141,134,112,94,89,86,100,105,114,108,100,112,122,118,115,82,71,78,85,102,115,130,139,156,146,140,122,84,73,81,86,90,102,117,128,149,156,145,123,71,64,69,78,89,102,114,123,130,128,134,142,111,74,70,75,82,92
"Lewiston, ME","Msa","Maine","All Homes",140,141,129,98,88,90,102,118,124,122,127,138,113,110,90,88,90,92,103,104,114,120,126,138,155,154,142,125,84,74,78,90,98,108,118,127,148,151,160,140,106,77,77,86,102,116,124,136,144,152,152,122,86,77,87,89,84,87,103,124,146,152,139,82,78,66,72,79,81
"Roseburg, OR","Msa","Oregon","All Homes",113,106,95,100,108,92,102,97,101,119,124,132,133,128,116,97,103,94,98,86,98,112,122,132,146,146,120,89,76,77,89,99,102,113,120,126,131,128,114,77,72,81,84,89,92,100,105,116,118,114,111,92,72,72,78,82,83,88,98,117,126,120,132,80,57,66,68,69,74
"Cookeville, TN","Msa","Tennessee","All Homes",156,139,139,120,115,108,105,94,78,74,85,103,124,116,120,109,96,90,94,104,109,117,108,118,119,118,136,124,104,82,88,103,110,119,124,126,140,136,133,111,82,69,70,82,88,85,83,90,108,100,85,78,66,68,68,65,68,80,88,106,109,120,138,128,55,46,66,76,94
"Mechanicsville, MD","Msa","Maryland","All Homes",120,112,106,78,70,74,83,88,89,92,98,108,117,103,82,75,78,84,86,80,82,86,98,90,99,96,92,76,67,68,74,78,88,95,100,107,116,117,98,76,72,70,82,91,104,103,108,125,121,117,100,72,65,69,80,87,99,101,103,114,121,115,93,64,57,62,71,76,92
"Cumberland, MD","Msa","Maryland","All Homes",150,154,133,107,106,105,114,125,129,134,139,136,153,153,145,140,114,106,92,96,105,113,120,120,125,124,122,107,96,90,98,106,113,113,113,125,130,145,154,132,106,98,110,112,123,134,138,147,156,171,169,143,116,99,108,109,117,120,126,138,154,159,155,150,109,102,104,108,112
"Town of Whitewater, WI","Msa","Wisconsin","All Homes",151,145,140,122,70,74,88,116,138,144,152,156,159,149,140,130,109,98,103,104,110,123,134,143,150,152,154,119,102,84,95,100,110,118,128,138,140,136,130,84,76,74,82,89,110,128,136,148,150,136,118,77,74,72,86,97,112,125,134,148,152,139,110,70,63,72,78,89,103
"Fond du Lac, WI","Msa","Wisconsin","All Homes",152,136,130,94,85,81,90,99,102,117,122,102,112,128,122,106,71,70,78,89,100,105,108,128,140,138,135,108,92,80,78,87,100,122,124,133,122,123,119,76,76,86,91,100,109,118,126,133,143,140,126,96,84,83,88,98,106,116,118,132,137,137,134,76,58,64,67,76,81
"Ashtabula, OH","Msa","Ohio","All Homes",147,138,131,104,93,89,90,94,110,117,130,141,144,142,116,95,92,100,96,101,102,108,117,125,131,133,127,85,83,82,95,90,104,108,110,126,145,152,151,124,74,67,78,89,98,106,110,123,138,145,139,116,85,77,84,92,108,119,124,126,132,134,131,97,86,78,77,71,80
"Gettysburg, PA","Msa","Pennsylvania","All Homes",150,132,124,117,99,106,112,120,125,126,120,125,118,112,97,83,79,90,104,109,117,110,111,119,114,124,114,88,76,74,81,88,97,103,104,112,120,127,122,98,86,82,84,90,88,92,82,92,84,64,68,84,76,64,65,74,95,104,107,108,106,106,98,70,66,71,78,82,86
"Tullahoma, TN","Msa","Tennessee","All Homes",166,159,150,132,119,124,126,131,131,133,140,138,141,147,140,124,105,106,106,106,112,117,124,130,148,150,149,126,111,98,108,116,122,124,126,136,145,118,107,79,75,71,78,84,90,101,110,119,134,133,119,80,72,76,89,83,84,84,93,100,108,112,104,89,69,70,77,87,88
"Adrian Township, MI","Msa","Michigan","All Homes",124,115,101,94,84,84,92,96,99,103,103,112,113,118,106,86,80,78,85,84,89,92,98,112,123,116,112,82,68,71,75,86,86,90,97,105,117,118,111,81,62,68,77,87,91,99,100,109,122,128,121,86,73,76,78,82,82,90,97,106,117,120,121,84,51,54,64,71,72
"Twin Falls, ID","Msa","Idaho","All Homes",126,90,98,93,92,92,94,112,111,118,112,120,139,140,129,90,64,70,85,88,92,90,100,105,110,104,84,70,70,71,75,76,82,94,98,106,102,96,90,90,84,82,79,81,85,90,98,107,96,86,75,65,63,63,69,72,80,87,105,108,108,109,92,65,61,56,58,69,70
"Town of Corning, NY","Msa","New York","All Homes",119,123,125,120,104,84,83,88,101,108,111,121,134,126,118,109,94,80,83,86,97,99,106,119,132,148,145,126,94,86,77,86,90,107,118,132,144,151,148,128,112,91,85,69,81,90,114,125,132,131,126,100,84,82,89,90,95,93,106,121,128,139,138,120,85,78,78,71,69
"Sebring, FL","Msa","Florida","All Homes",104,115,116,114,110,103,102,108,104,92,88,99,101,99,95,94,103,106,110,112,114,99,86,89,100,98,97,83,88,91,91,87,80,70,72,88,92,96,90,75,81,86,85,83,86,82,74,68,71,69,63,74,84,82,80,79,89,90,100,102,108,93,83,82,62,64,82,91,101
"Grass Valley, CA","Msa","California","All Homes",97,102,104,82,78,56,68,82,88,105,110,108,106,99,80,56,53,49,54,63,76,86,88,90,93,89,64,55,52,54,67,81,82,90,94,100,102,94,74,67,59,54,55,64,70,76,82,96,94,80,58,52,47,54,56,68,78,84,89,100,107,106,78,42,41,46,50,54,64
"Fairbanks, AK","Msa","Alaska","All Homes",104,102,41,40,48,55,56,65,68,77,88,101,109,73,53,47,48,51,61,70,86,86,84,92,104,98,70,46,48,50,57,71,78,84,82,90,98,98,52,46,50,54,51,53,63,74,84,90,91,90,55,45,46,42,52,63,68,78,82,84,88,80,56,44,42,44,48,54,64
"Mankato, MN","Msa","Minnesota","All Homes",98,97,74,57,57,67,67,74,86,89,98,96,98,94,82,63,56,57,69,84,84,90,98,112,119,125,107,67,58,59,62,70,85,100,109,125,138,117,82,48,49,54,49,37,51,78,94,104,110,102,56,51,51,55,64,70,74,77,86,110,124,112,100,47,41,45,54,57,62
"Rome, GA","Msa","Georgia","All Homes",157,144,132,77,79,91,102,109,108,105,107,123,118,120,117,98,96,88,100,86,84,90,104,118,138,144,140,84,77,84,96,98,102,106,116,128,125,118,98,84,94,93,111,107,110,116,124,124,127,126,126,109,108,108,104,98,98,109,116,128,136,135,120,88,78,79,80,78,78
"Shamokin Township, PA","Msa","Pennsylvania","All Homes",72,91,78,71,74,68,82,82,90,83,88,94,112,115,108,84,62,60,60,56,66,75,77,74,62,64,66,75,76,76,75,79,81,90,86,100,113,120,102,69,64,66,71,79,89,89,80,84,97,110,108,96,62,64,76,96,92,90,97,110,108,106,103,94,81,77,82,87,34
"Talladega, AL","Msa","Alabama","All Homes",156,139,119,94,98,116,124,118,120,113,105,122,138,140,140,143,132,123,124,119,121,132,132,144,168,168,170,152,108,106,104,111,110,102,98,116,118,127,132,103,104,94,98,108,111,126,143,147,150,140,127,116,120,119,114,111,108,118,122,136,138,152,146,125,114,112,113,117,122
"Manhattan, KS","Msa","Kansas","All Homes",82,72,58,42,54,50,48,60,51,57,62,69,82,71,54,53,47,52,50,55,54,58,62,71,83,79,51,42,47,50,50,59,64,64,64,69,74,70,50,42,49,50,54,65,72,78,72,82,90,75,47,49,51,55,56,60,65,72,72,84,93,97,65,56,56,64,58,57,65
"Parkersburg, WV","Msa","West Virginia","All Homes",104,105,86,72,79,82,84,82,84,72,91,97,109,104,82,73,58,50,48,66,84,90,88,74,75,84,92,123,108,91,89,92,84,72,80,98,94,84,76,74,29,46,61,76,82,92,101,105,121,125,102,68,46,48,66,76,80,88,96,105,120,124,121,91,78,68,68,71,76
"New Philadelphia, OH","Msa","Ohio","All Homes",87,118,136,96,84,75,80,77,86,83,82,86,109,122,101,61,54,60,64,65,78,77,71,80,88,87,80,65,69,76,77,74,83,86,76,75,89,89,75,76,61,64,56,64,58,60,77,93,104,104,77,66,59,56,63,69,72,74,70,78,94,100,78,54,54,57,56,60,71
"Town of Elmira, NY","Msa","New York","All Homes",93,95,67,63,68,72,75,75,77,71,72,84,100,111,114,95,84,76,74,78,84,84,90,107,123,125,133,118,97,85,89,98,104,112,119,132,131,139,140,134,104,91,85,78,88,89,101,111,124,124,128,94,91,85,90,96,104,111,112,125,132,136,144,110,68,62,70,72,70
"Meadville, PA","Msa","Pennsylvania","All Homes",168,182,174,142,116,104,107,102,104,111,126,138,160,166,172,171,125,106,102,106,115,119,122,130,145,153,151,151,117,95,95,92,100,108,120,138,159,171,180,180,133,98,97,112,113,112,118,123,140,139,140,140,120,112,106,110,116,124,140,157,170,184,186,175,116,72,86,98,110
"Beaver Dam, WI","Msa","Wisconsin","All Homes",162,166,156,155,146,120,120,118,121,118,120,136,140,141,148,128,96,82,84,92,100,110,122,131,145,144,139,120,92,84,87,92,100,111,120,140,154,161,155,132,76,77,86,102,118,125,130,132,138,139,120,86,73,72,79,88,92,94,106,123,128,128,115,66,56,61,68,72,76
"Corvallis, OR","Msa","Oregon","All Homes",122,124,115,120,106,89,82,77,91,100,106,118,118,98,64,66,60,63,70,71,78,81,93,106,116,121,114,69,46,49,53,59,75,90,110,126,119,103,54,42,47,46,49,48,49,58,64,78,76,66,49,39,36,47,43,50,54,56,62,83,86,73,56,42,34,43,53,54,48
"Branson, MO","Msa","Missouri","All Homes",118,118,95,84,85,91,99,104,110,114,124,112,111,108,101,86,86,95,105,116,132,133,138,148,153,156,146,106,85,86,88,84,84,97,110,125,139,133,129,116,106,97,68,84,96,120,148,175,181,176,152,126,106,112,124,132,140,148,155,160,154,153,143,111,103,107,108,113,116
"Watertown, WI","Msa","Wisconsin","All Homes",168,175,170,153,99,98,96,110,117,113,122,139,146,142,125,86,82,82,88,90,94,100,115,130,150,152,144,92,78,78,82,88,100,112,124,132,143,144,141,85,64,70,78,90,98,106,102,108,117,120,107,74,69,67,74,79,83,86,95,108,126,132,116,63,52,54,54,63,75
"Opelousas, LA","Msa","Louisiana","All Homes",112,91,89,88,87,90,81,89,98,104,105,104,116,117,102,84,72,72,77,68,66,74,88,100,111,118,83,56,66,83,98,99,96,90,90,95,114,108,106,85,67,73,83,83,85,88,90,103,116,121,104,88,81,79,84,89,89,84,64,74,84,104,110,98,110,122,103,101,97
"Grants Pass, OR","Msa","Oregon","All Homes",132,130,108,103,115,88,90,80,94,106,116,120,124,96,79,72,63,68,81,84,91,96,98,104,116,118,106,78,69,74,81,90,98,96,97,105,111,112,107,63,62,64,62,63,72,82,92,117,116,118,95,75,64,58,67,77,78,86,84,91,100,102,93,61,48,51,62,72,70
"Town of Plattsburgh, NY","Msa","New York","All Homes",142,147,110,79,75,69,79,91,83,84,94,106,137,153,161,146,104,87,90,92,106,111,103,108,124,138,134,128,86,75,73,90,100,111,113,112,128,129,126,100,62,61,70,92,101,110,126,140,140,148,142,106,81,83,92,100,117,128,132,137,140,144,128,92,80,69,70,78,92
"Auburn, NY","Msa","New York","All Homes",136,132,117,92,85,84,99,104,112,106,101,101,108,106,100,75,63,71,80,70,82,94,109,126,145,136,117,78,68,70,76,84,94,97,107,118,132,136,125,69,50,68,84,93,103,104,115,127,138,146,146,109,79,80,89,97,102,101,110,112,114,124,108,84,63,64,74,74,78
"Athens, TX","Msa","Texas","All Homes",128,117,104,82,78,86,92,109,118,123,122,127,126,117,103,96,99,100,100,90,100,111,120,128,118,106,100,90,86,77,78,83,107,111,112,126,126,116,107,66,66,79,80,87,90,101,122,137,128,120,104,90,97,110,117,121,132,128,128,128,118,115,112,84,79,84,96,98,108
"Oak Harbor, WA","Msa","Washington","All Homes",110,121,93,46,66,69,72,69,85,101,119,120,120,96,89,78,88,101,99,100,98,106,110,96,106,116,110,85,71,48,35,42,53,61,78,90,94,86,63,56,54,56,63,66,77,88,93,98,87,93,63,47,37,49,56,67,79,84,88,102,113,103,90,49,40,44,48,57,67
"Hinesville, GA","Msa","Georgia","All Homes",101,105,102,94,104,107,120,119,72,71,82,106,129,137,116,111,112,102,96,98,102,99,91,91,105,104,105,86,96,94,99,105,103,104,110,118,116,118,112,90,87,96,99,70,47,64,90,92,101,99,98,103,101,87,82,71,85,89,104,110,104,97,93,84,85,86,82,74,80
"Somerset Township, PA","Msa","Pennsylvania","All Homes",124,118,124,114,92,79,89,100,106,114,116,118,131,137,140,136,103,97,96,99,102,100,100,112,130,139,154,152,90,72,88,104,114,118,104,105,124,138,143,153,144,104,93,100,110,124,130,146,159,144,148,124,102,92,97,112,122,130,135,135,156,156,162,167,161,132,120,119,130
"Stillwater, OK","Msa","Oklahoma","All Homes",171,152,124,76,61,64,63,63,70,82,89,110,107,98,72,65,64,77,80,82,94,105,114,124,115,105,60,52,48,53,56,56,65,81,90,105,91,93,60,43,50,60,61,56,63,64,68,84,100,72,49,47,50,56,60,58,69,82,89,97,98,90,55,47,49,58,62,70,76
"Keene, NH","Msa","New Hampshire","All Homes",136,127,129,98,78,82,91,100,112,119,132,136,132,134,120,95,70,67,82,102,114,127,135,136,139,154,128,84,64,56,67,83,100,116,130,144,143,152,149,109,60,61,70,91,110,128,139,154,152,150,78,61,66,76,78,86,101,110,116,128,140,145,136,82,63,62,72,82,96
"Columbus, IN","Msa","Indiana","All Homes",107,115,109,82,63,60,68,70,76,90,100,103,94,91,81,72,69,69,68,68,68,61,71,83,99,97,84,55,56,62,65,66,73,86,84,86,90,94,89,65,57,55,56,65,69,70,71,78,85,86,78,58,58,59,63,64,69,70,69,80,92,95,75,63,56,55,58,63,63
"Roanoke Rapids, NC","Msa","North Carolina","All Homes",150,126,123,86,116,119,119,93,78,82,89,100,125,109,118,128,111,108,120,123,132,145,124,134,146,148,143,149,135,134,133,122,125,137,133,138,134,137,137,130,113,128,139,135,141,160,162,159,164,160,160,161,146,142,140,142,151,146,143,146,138,146,163,161,134,105,110,112,124
"Centralia, WA","Msa","Washington","All Homes",117,139,131,128,96,90,87,96,102,118,126,137,129,119,114,88,78,80,80,92,100,112,111,118,118,109,96,82,75,84,84,84,86,97,108,118,124,126,111,89,69,72,79,93,98,110,104,102,112,108,85,62,52,50,58,68,80,89,98,110,121,112,96,71,50,48,54,55,60
"Wisconsin Rapids, WI","Msa","Wisconsin","All Homes",121,136,134,120,107,109,117,123,126,120,125,120,132,138,119,103,68,64,70,82,88,109,112,129,138,146,150,128,113,106,103,106,110,112,120,135,157,166,164,143,87,87,97,104,117,126,131,135,153,153,152,122,98,88,88,90,93,96,98,114,124,134,128,72,62,58,65,79,78
"Palatka, FL","Msa","Florida","All Homes",184,184,167,159,141,130,133,141,132,125,126,133,134,136,140,137,128,128,132,128,126,137,142,142,146,140,128,120,120,122,127,131,118,116,120,131,138,140,125,111,111,116,114,126,127,134,138,129,123,126,124,124,124,127,132,131,130,138,135,148,148,146,132,98,100,101,102,103,118
"Seneca, SC","Msa","South Carolina","All Homes",167,165,166,166,170,164,164,166,169,176,180,181,198,184,168,156,134,132,141,154,163,163,166,173,174,168,154,125,113,117,130,138,148,158,158,174,169,168,168,124,93,90,98,121,138,147,160,167,169,151,136,118,108,112,125,132,144,147,152,162,166,157,149,115,107,111,119,127,130
"Glenwood Springs, CO","Msa","Colorado","All Homes",181,186,132,132,120,110,120,111,119,133,149,146,148,149,138,130,137,138,134,141,146,152,162,174,180,184,176,155,136,118,112,113,119,133,149,161,168,174,160,111,93,86,84,80,96,112,124,136,146,134,139,140,119,106,100,120,144,145,161,176,186,190,168,133,126,117,115,124,129
"Key West, FL","Msa","Florida","All Homes",130,103,116,121,125,138,164,159,162,164,158,150,150,132,138,142,144,149,165,166,168,165,150,140,140,130,138,150,141,142,152,154,165,167,162,151,138,126,120,120,106,112,109,110,138,140,140,126,116,104,104,109,112,121,132,140,144,144,134,120,112,108,114,118,118,134,140,141,156
"Aberdeen, WA","Msa","Washington","All Homes",116,126,105,87,74,76,78,91,103,116,126,127,138,138,126,93,92,92,97,100,101,110,110,115,126,131,118,82,75,77,83,97,111,116,122,138,141,138,124,91,81,80,83,88,92,96,100,112,117,118,90,78,62,61,70,78,88,108,124,133,146,140,130,87,61,56,59,61,70
"Town of Greenfield, MA","Msa","Massachusetts","All Homes",146,155,148,80,64,68,76,91,107,112,121,140,158,164,167,131,81,72,84,93,104,104,107,115,126,138,134,69,50,60,75,89,100,119,124,120,132,140,142,127,66,59,65,82,92,114,126,142,153,164,141,107,78,78,78,92,106,110,120,117,129,144,139,100,63,66,78,84,98
"Stevens Point, WI","Msa","Wisconsin","All Homes",156,160,154,136,104,96,92,90,97,106,114,119,131,140,128,92,75,78,87,72,89,92,103,121,132,146,154,138,84,68,69,80,97,119,126,148,163,156,133,82,70,70,74,96,104,110,112,118,129,139,120,69,62,63,62,69,82,84,98,122,141,143,130,48,48,50,56,58,63
"Klamath Falls, OR","Msa","Oregon","All Homes",128,118,113,98,111,90,94,96,102,114,117,120,135,139,120,91,74,76,77,81,85,99,114,121,139,131,116,82,73,77,77,79,84,98,118,132,138,138,102,68,63,60,66,85,98,100,108,124,132,126,110,76,68,48,57,73,90,96,96,98,100,104,108,88,65,60,68,76,77
"Marshall, TX","Msa","Texas","All Homes",98,89,78,65,84,75,74,68,85,84,90,106,113,105,89,84,70,64,69,78,90,97,104,113,116,100,94,83,79,76,77,90,96,109,114,120,118,113,92,81,81,83,80,75,76,77,76,86,90,98,88,73,64,63,70,82,98,98,103,98,94,81,76,88,88,80,90,98,106
"Farmington, MO","Msa","Missouri","All Homes",135,118,80,59,65,83,84,88,84,91,90,97,116,116,111,89,85,84,92,100,104,113,123,123,138,141,136,106,90,82,84,86,92,98,110,125,127,136,146,104,69,78,88,100,114,108,105,105,115,118,116,86,71,69,79,92,102,101,88,100,108,106,98,79,79,76,74,76,83
"Athens, OH","Msa","Ohio","All Homes",142,161,134,94,70,52,71,98,122,146,166,194,162,138,99,94,97,80,86,84,96,112,114,124,144,149,147,117,84,77,92,104,116,121,137,148,175,170,161,92,77,83,92,108,111,112,116,136,139,134,70,84,84,94,112,106,117,114,108,103,110,116,119,84,68,73,80,94,90
"Lakeport, CA","Msa","California","All Homes",92,76,68,67,71,68,72,75,82,78,88,96,96,68,54,57,64,72,76,82,86,82,87,88,96,72,67,65,66,68,72,75,88,99,108,123,117,102,65,57,56,57,59,68,76,92,88,90,82,83,69,57,52,60,68,75,82,90,96,106,112,106,88,68,54,52,59,70,79
"Hutchinson, KS","Msa","Kansas","All Homes",95,91,66,61,57,58,69,76,74,74,76,78,90,84,71,39,56,53,55,67,74,83,85,93,91,104,84,71,56,56,61,66,70,78,87,101,109,115,89,61,55,50,56,56,54,66,74,80,86,87,52,56,54,56,62,76,84,82,94,95,88,80,71,66,56,58,64,71,78
"Ionia, MI","Msa","Michigan","All Homes",135,134,130,106,101,102,113,111,110,115,117,124,122,120,108,91,76,77,84,86,97,98,110,110,120,128,129,96,70,66,69,79,88,86,95,103,125,134,132,90,60,63,73,77,90,98,95,104,112,104,84,64,56,60,70,76,80,78,86,99,108,118,72,75,71,64,64,62,69
"Coos Bay, OR","Msa","Oregon","All Homes",155,160,126,118,112,96,107,101,120,133,128,130,132,130,106,103,98,98,96,108,112,111,114,128,133,126,121,95,88,84,86,97,98,113,127,135,143,146,138,97,74,85,91,97,103,120,128,134,138,127,114,92,84,82,85,92,104,116,127,135,138,132,130,93,78,71,79,80,84
"Town of Oneonta, NY","Msa","New York","All Homes",149,146,137,133,91,92,97,103,114,120,135,148,152,160,157,142,102,91,96,102,104,112,117,128,147,154,157,120,101,92,92,88,99,110,124,141,165,176,179,177,152,109,96,107,119,138,154,175,196,196,175,144,114,108,118,124,129,144,158,157,168,175,184,169,112,102,104,112,125
"Reedsburg, WI","Msa","Wisconsin","All Homes",158,161,152,140,98,103,109,116,126,133,137,144,154,156,142,129,105,100,99,91,94,99,108,130,155,155,156,124,98,97,102,106,114,119,121,137,152,164,152,78,80,84,104,127,132,142,148,162,150,154,135,77,71,75,86,89,100,107,119,137,148,150,135,91,77,74,80,85,94
"Salina, KS","Msa","Kansas","All Homes",86,81,83,61,56,62,68,67,70,82,88,87,78,77,65,52,53,60,56,59,68,61,74,84,97,89,60,43,52,62,66,75,78,76,75,87,89,82,64,49,55,58,54,40,39,52,78,85,68,66,51,43,44,52,56,57,65,72,68,74,87,94,81,70,55,55,52,56,62
"Town of Rutland, VT","Msa","Vermont","All Homes",130,123,124,118,108,112,111,120,118,120,130,125,134,154,160,151,138,116,104,104,116,132,142,151,161,166,140,111,92,100,98,107,118,128,144,160,172,170,164,149,110,104,106,112,125,134,140,151,170,172,168,163,156,120,120,114,126,133,143,160,177,181,184,193,149,127,122,118,128
"Albemarle, NC","Msa","North Carolina","All Homes",150,122,119,104,102,90,106,122,136,146,167,153,110,88,94,98,96,108,107,120,135,131,127,148,147,144,146,136,118,124,109,104,118,126,132,148,152,156,161,140,91,48,68,84,95,98,101,110,128,83,62,76,88,86,94,103,114,106,110,102,96,83,84,78,84,86,85,90,92
"Commerce, GA","Msa","Georgia","All Homes",124,116,92,68,71,76,87,83,85,84,90,98,106,98,76,73,83,90,79,70,77,84,90,95,98,96,70,64,62,62,67,74,84,84,82,86,96,92,59,58,60,68,71,78,79,90,94,104,106,108,78,68,55,60,68,77,77,81,84,86,87,94,86,66,58,64,64,72,80
"Laconia, NH","Msa","New Hampshire","All Homes",158,152,144,97,82,85,99,116,126,145,153,154,147,150,141,107,89,90,95,103,114,120,124,134,147,135,96,69,70,68,77,89,106,119,132,144,142,141,133,94,70,70,78,95,112,131,136,145,146,146,121,86,75,81,88,93,106,106,116,136,132,139,149,96,67,62,68,76,82
"Barre, VT","Msa","Vermont","All Homes",113,124,132,142,117,92,92,105,120,129,138,133,139,148,126,124,105,94,85,90,100,115,132,133,144,146,92,82,82,78,74,80,94,112,124,137,152,144,140,125,90,84,89,100,118,131,146,155,157,166,168,158,128,96,95,96,117,124,134,143,158,171,174,180,108,78,82,90,104
"Kinston, NC","Msa","North Carolina","All Homes",168,156,159,154,134,138,128,122,114,110,113,115,132,139,141,138,119,126,112,112,118,110,113,134,151,149,151,160,128,132,110,109,109,109,118,127,132,134,140,133,120,106,97,98,103,123,135,142,152,152,152,143,118,126,118,121,142,157,153,168,170,180,181,148,132,130,117,120,124
"Dublin, GA","Msa","Georgia","All Homes",124,134,125,92,97,108,114,125,124,101,97,106,117,108,106,81,96,85,91,84,96,90,92,98,99,107,86,74,79,89,99,108,100,90,86,100,112,128,118,81,76,80,69,74,90,98,92,92,105,104,92,88,90,107,104,100,80,84,84,102,106,108,111,113,104,92,81,89,98
"Fairmont, WV","Msa","West Virginia","All Homes",120,102,84,88,80,70,70,89,96,102,104,108,125,130,124,106,84,88,85,83,88,88,96,95,106,131,135,126,72,66,74,76,78,86,94,110,114,131,130,84,68,70,64,67,74,84,91,98,108,106,97,82,75,73,67,58,69,79,82,94,104,108,112,85,69,68,70,70,72
"Town of Johnstown, NY","Msa","New York","All Homes",106,131,136,139,100,99,105,116,131,143,148,158,172,172,164,137,100,94,104,112,130,135,142,142,146,146,156,124,88,87,95,105,114,113,123,136,142,158,165,126,91,76,83,94,113,126,135,143,156,150,158,149,103,90,92,107,119,124,139,143,146,141,137,124,87,84,83,91,96
"Carson City, NV","Msa","Nevada","All Homes",120,107,89,83,84,75,68,76,81,82,81,90,98,88,74,67,61,74,74,81,64,81,88,98,110,102,92,85,93,90,69,73,84,97,90,111,121,113,72,47,55,56,51,59,61,63,80,78,81,63,44,48,42,42,49,47,50,65,71,76,80,75,47,44,41,46,49,54,48
"Calhoun, GA","Msa","Georgia","All Homes",82,103,112,88,80,76,80,91,100,106,92,85,84,88,76,67,77,82,71,75,76,83,88,83,86,83,80,82,83,76,73,72,79,82,86,82,94,102,93,85,79,79,82,82,84,92,90,96,95,94,72,67,68,68,72,77,83,80,84,86,84,84,102,88,91,97,103,115,111
"Ontario, OR","Msa","Oregon","All Homes",111,97,92,120,137,136,139,90,91,91,109,128,132,143,110,86,75,78,82,94,92,92,95,109,112,117,114,91,70,80,98,98,97,102,114,119,118,109,92,79,75,82,82,93,104,110,114,119,104,104,92,80,81,88,87,86,77,84,103,107,113,122,112,44,48,61,60,62,68
"Galesburg, IL","Msa","Illinois","All Homes",116,116,91,76,70,70,70,71,63,61,66,86,98,80,76,76,74,70,64,72,75,90,90,102,120,126,134,106,72,66,76,80,86,85,84,85,111,117,111,70,62,56,63,71,80,70,76,84,103,104,96,81,77,73,73,76,90,104,108,127,127,132,120,72,68,70,83,82,92
"Warrensburg, MO","Msa","Missouri","All Homes",117,121,106,92,83,90,89,93,94,99,101,108,111,118,112,93,89,88,95,98,103,112,116,124,130,134,124,100,89,68,59,75,90,102,111,119,118,110,110,68,57,68,82,84,97,102,109,120,111,110,70,66,67,78,78,75,70,79,91,100,114,108,68,63,70,71,72,64,60
"Fernley, NV","Msa","Nevada","All Homes",113,110,96,92,96,96,94,90,82,86,92,95,92,85,102,104,92,74,75,61,64,72,88,90,88,90,74,62,66,74,74,69,78,75,82,96,98,90,55,51,44,50,51,60,69,84,97,104,97,88,70,60,57,59,66,70,76,79,90,100,102,99,88,49,47,57,60,56,64
"Mason City, IA","Msa","Iowa","All Homes",177,180,152,122,103,100,106,118,122,124,136,150,162,165,156,122,83,78,88,90,94,106,122,134,144,152,151,133,83,79,88,107,118,132,137,141,152,154,122,70,61,60,66,72,76,72,74,94,120,133,116,69,42,56,65,70,76,78,77,77,94,92,105,98,82,73,71,57,63
"Durango, CO","Msa","Colorado","All Homes",144,137,126,118,77,70,77,97,110,125,133,143,152,154,142,85,70,76,64,73,90,116,128,132,109,113,96,92,76,73,83,91,106,118,123,139,150,128,120,77,68,62,70,84,100,120,136,153,158,154,147,113,85,80,86,96,117,125,134,152,161,168,147,94,74,76,77,90,102
"Platteville, WI","Msa","Wisconsin","All Homes",138,153,154,120,95,90,98,103,92,91,103,116,132,142,127,88,85,93,97,102,94,90,112,129,132,138,132,104,96,84,78,82,99,105,109,122,134,139,134,62,64,76,90,88,96,124,133,140,160,161,112,88,76,90,96,92,91,90,97,123,138,154,147,87,70,63,68,78,87
"Bartlesville, OK","Msa","Oklahoma","All Homes",118,109,82,72,66,69,63,82,84,94,86,81,76,73,70,73,64,68,68,60,69,71,68,76,91,85,70,40,48,52,62,70,78,84,92,96,102,104,84,63,62,69,72,68,68,77,86,96,106,104,72,63,61,69,71,77,86,92,100,106,104,98,99,80,71,66,70,76,84
"Ozark, AL","Msa","Alabama","All Homes",104,92,81,84,93,83,78,80,70,77,82,104,120,114,94,78,76,68,81,90,88,89,98,101,110,104,113,104,105,108,96,78,82,89,92,102,110,102,90,87,101,99,110,102,108,112,106,106,100,104,100,86,78,84,90,94,103,110,118,106,100,99,99,104,84,88,96,104,111
"Paris, TX","Msa","Texas","All Homes",130,120,104,89,85,96,95,102,117,112,107,114,113,122,114,107,92,91,76,82,84,104,110,121,135,132,126,87,86,88,99,100,112,104,89,89,107,110,111,90,88,94,92,72,68,72,84,97,113,114,91,74,66,64,56,58,72,82,84,86,89,100,100,88,61,48,66,71,70
"Kerrville, TX","Msa","Texas","All Homes",130,126,114,96,103,73,78,90,98,123,128,136,139,130,131,104,114,131,139,144,162,186,212,222,214,184,179,175,166,139,137,136,137,152,154,161,160,148,143,89,90,92,106,112,109,116,134,148,146,136,131,96,102,111,110,116,124,133,123,120,118,108,105,88,82,81,94,107,119
"New Castle, IN","Msa","Indiana","All Homes",132,122,58,62,71,68,79,82,94,94,100,92,106,102,97,90,84,84,75,68,74,76,84,88,106,110,110,77,32,44,63,63,74,82,85,95,109,116,119,50,44,64,78,78,84,90,92,98,107,114,112,86,64,62,66,72,78,81,85,96,98,97,93,72,71,47,56,64,62
"Franklinton, LA","Msa","Louisiana","All Homes",84,96,96,65,66,77,82,94,92,80,88,71,82,78,87,70,60,70,84,108,109,92,111,133,152,103,85,77,60,65,76,79,86,88,98,95,79,66,72,84,96,110,104,113,112,123,124,144,147,111,104,90,86,86,97,80,76,82,99,120,115,106,78,86,93,120,116,117,123
"Gardnerville, NV","Msa","Nevada","All Homes",144,109,95,89,106,104,101,97,106,109,121,128,126,120,104,90,86,89,88,85,95,107,112,128,132,123,113,83,71,74,81,86,85,95,102,109,126,132,116,64,55,64,75,86,96,106,113,123,130,132,99,78,70,68,78,96,108,121,126,128,134,143,139,117,75,60,68,89,102
"Tahlequah, OK","Msa","Oklahoma","All Homes",137,135,110,101,91,100,102,106,119,110,112,126,110,113,103,96,107,105,108,124,132,131,127,124,133,128,108,82,78,93,101,112,115,118,132,138,148,140,126,90,53,80,103,114,127,124,128,140,145,138,124,98,90,97,101,106,118,128,128,128,130,123,121,87,86,84,90,92,100
"Red Wing, MN","Msa","Minnesota","All Homes",124,131,130,117,104,104,114,108,108,97,97,96,111,108,93,62,68,68,69,72,79,82,90,96,105,100,104,74,63,63,69,76,88,83,80,94,110,132,115,70,65,69,68,64,63,74,78,96,117,132,118,53,55,56,64,79,80,93,99,123,137,131,97,63,67,66,64,68,70
"Lincoln City, OR","Msa","Oregon","All Homes",132,127,131,134,96,102,102,112,140,150,160,166,170,157,132,107,99,98,104,110,120,134,146,154,158,167,154,118,86,90,106,122,134,150,160,174,162,146,123,96,70,72,89,113,126,141,152,164,174,166,132,92,84,88,98,108,120,134,146,160,159,160,139,96,85,84,90,98,110
"McAlester, OK","Msa","Oklahoma","All Homes",105,112,112,102,90,68,89,77,64,81,84,107,118,111,89,81,78,79,90,94,98,102,105,113,122,136,130,107,92,90,102,106,120,127,134,144,149,132,118,92,97,96,108,109,106,101,110,116,99,101,90,84,93,93,98,96,102,105,111,117,130,127,126,93,95,98,99,104,96
"Blackfoot, ID","Msa","Idaho","All Homes",131,132,118,78,67,74,85,95,102,97,100,112,108,116,114,84,77,86,104,106,119,120,100,98,106,104,121,96,90,88,93,94,99,95,100,121,132,138,123,71,68,70,69,68,90,102,107,116,123,115,85,65,57,68,70,79,91,101,113,128,110,111,101,53,48,49,48,52,57
"Shelbyville, TN","Msa","Tennessee","All Homes",165,152,137,118,104,112,118,118,127,137,156,165,166,165,158,155,129,128,133,118,127,132,136,131,133,148,146,137,100,76,82,95,109,133,133,135,135,122,103,98,98,76,69,70,85,78,82,77,93,106,47,46,50,72,76,67,66,66,82,100,122,116,77,51,55,79,68,55,60
"Owingsville, KY","Msa","Kentucky","All Homes",133,137,124,98,95,112,120,124,136,135,141,136,143,142,132,142,125,123,116,103,111,119,130,140,147,152,148,130,107,77,82,91,108,112,110,119,128,134,126,102,88,99,88,97,105,125,132,140,147,154,132,85,78,89,92,90,86,104,114,107,103,100,92,89,94,89,100,84,82
"Ottumwa, IA","Msa","Iowa","All Homes",136,146,140,134,119,88,89,76,77,82,91,104,114,110,116,101,70,62,75,71,80,81,85,91,112,124,136,117,87,80,75,78,49,64,75,98,116,107,99,67,72,50,56,68,52,54,63,93,112,120,97,78,59,71,76,72,74,83,88,90,104,106,105,64,65,74,84,84,79
"Paragould, AR","Msa","Arkansas","All Homes",124,136,112,76,78,64,68,75,64,64,78,98,111,126,118,102,95,89,90,80,74,77,76,83,100,106,116,84,75,61,67,77,84,82,76,85,96,96,98,91,87,74,74,71,65,66,69,74,80,93,74,73,76,85,90,89,98,72,72,78,94,94,76,70,60,62,72,64,68
"Lawrenceburg, TN","Msa","Tennessee","All Homes",141,127,119,100,97,95,97,102,100,104,108,114,138,130,118,100,100,112,95,96,96,98,101,113,124,132,121,75,78,82,92,76,57,62,94,110,108,92,78,91,91,69,72,80,91,88,87,100,105,100,88,85,82,91,89,88,95,96,92,105,119,116,86,82,61,56,62,55,60
"Wharton, TX","Msa","Texas","All Homes",153,160,154,158,105,94,104,103,96,102,106,112,141,144,144,142,110,99,82,78,76,82,87,96,112,123,126,69,66,77,98,106,98,84,91,108,116,114,102,50,54,80,84,71,66,87,95,117,128,126,113,84,91,110,118,120,124,114,111,118,112,120,124,108,88,85,82,88,102
"Sandpoint, ID","Msa","Idaho","All Homes",100,104,122,128,110,98,91,102,107,110,126,134,140,126,106,96,89,76,75,82,90,95,109,122,126,128,132,104,82,76,83,95,114,138,150,160,159,154,132,78,63,74,82,97,108,123,138,144,148,153,128,76,58,56,72,89,110,123,144,162,166,174,160,96,63,56,60,70,90
"Garden City, KS","Msa","Kansas","All Homes",109,119,117,54,56,54,63,62,74,84,90,90,88,104,98,103,63,60,47,51,67,72,72,85,90,86,66,76,72,76,64,62,62,54,62,74,84,76,70,51,41,43,40,56,50,56,61,78,100,103,99,56,54,60,65,68,83,78,90,102,108,105,86,72,71,73,82,66,70
"Mountain View, MO","Msa","Missouri","All Homes",131,125,108,86,102,113,118,128,138,138,150,116,110,98,104,100,89,89,94,116,130,126,118,132,144,149,160,161,145,110,98,84,78,84,94,120,131,140,141,152,124,122,77,86,89,120,138,150,150,140,152,155,140,141,152,141,138,137,136,144,158,160,152,161,156,132,128,127,133
"Tifton, GA","Msa","Georgia","All Homes",116,120,117,82,91,83,80,75,72,75,84,87,90,84,80,79,82,74,82,80,94,90,94,100,112,121,124,123,106,91,86,82,84,91,105,118,115,104,98,80,84,88,104,110,104,98,100,114,131,115,78,74,80,91,91,85,70,86,98,110,97,90,96,97,99,90,81,85,94
"Union City, TN","Msa","Tennessee","All Homes",102,133,130,118,111,121,123,109,106,110,116,127,144,152,160,154,122,118,111,111,106,108,116,125,137,148,151,131,119,119,122,130,137,143,146,148,164,167,166,162,107,115,110,114,120,118,131,149,164,161,173,147,129,143,148,130,120,104,121,146,156,154,158,145,124,122,114,132,132
"Gainesville, TX","Msa","Texas","All Homes",146,127,129,107,97,87,95,101,98,96,105,110,129,118,108,84,83,84,91,108,119,114,103,119,132,124,116,73,77,80,86,83,96,103,119,131,124,93,62,76,79,84,86,83,77,83,97,103,108,94,81,70,80,82,80,96,113,106,129,142,137,110,96,76,78,78,78,82,82
"Crawfordsville, IN","Msa","Indiana","All Homes",120,120,133,110,84,76,82,90,98,98,90,100,116,121,116,114,90,86,82,84,96,98,109,112,119,133,148,148,96,62,67,78,94,110,107,125,133,120,125,76,75,68,78,77,84,98,104,118,113,120,90,58,64,75,65,65,74,78,72,89,96,114,114,76,57,56,60,59,54
"Ada, OK","Msa","Oklahoma","All Homes",102,103,102,88,88,75,84,75,74,82,97,102,97,84,82,83,83,79,74,72,71,76,82,94,104,104,108,94,86,88,86,85,84,92,98,112,110,117,114,98,69,60,78,88,76,77,88,104,122,100,78,71,70,69,69,72,80,84,88,90,94,96,66,66,72,75,76,78,92
"Town of Bennington, VT","Msa","Vermont","All Homes",154,142,145,150,152,116,102,105,115,128,136,145,152,159,159,168,144,116,92,93,112,126,137,150,162,170,165,151,86,78,74,98,115,134,150,166,184,178,164,163,127,116,115,117,131,142,154,167,182,185,197,198,172,139,122,126,136,145,154,178,196,204,205,209,210,172,154,141,145
"Coshocton, OH","Msa","Ohio","All Homes",131,121,92,86,84,78,75,95,104,124,133,148,147,139,94,79,72,76,83,78,78,85,88,99,98,110,96,60,66,80,85,96,96,100,104,108,109,108,94,72,54,38,41,48,59,84,96,109,89,68,62,66,64,66,70,77,84,78,83,93,105,118,106,85,69,67,78,82,76
"Alexandria, MN","Msa","Minnesota","All Homes",175,186,123,64,68,82,96,106,122,134,136,149,160,152,141,118,96,76,80,87,103,109,124,138,144,146,140,76,59,64,74,96,114,96,111,104,117,120,96,55,56,72,86,101,113,132,150,160,167,172,81,48,67,79,86,96,100,104,104,117,136,143,120,50,55,64,75,90,104
"Ragley, LA","Msa","Louisiana","All Homes",108,102,76,78,82,76,78,88,91,88,72,68,71,90,96,74,72,64,69,72,83,88,98,107,103,85,79,85,76,79,83,67,72,91,98,105,102,108,94,76,76,66,71,76,85,92,99,109,110,96,78,87,68,66,80,84,82,88,95,104,90,84,87,28,42,72,100,105,104
"Lebanon, MO","Msa","Missouri","All Homes",137,144,120,82,68,78,88,98,95,99,92,83,77,92,102,96,108,91,92,82,88,93,107,124,141,133,100,84,84,82,87,93,108,128,136,149,160,158,166,110,84,86,97,108,109,117,110,118,118,115,111,91,96,96,102,100,102,116,113,130,130,121,113,95,88,88,87,96,104
"Independence, KS","Msa","Kansas","All Homes",130,132,120,103,92,86,86,90,102,112,121,132,128,124,124,104,109,100,109,112,112,112,116,122,139,150,148,134,105,110,120,103,100,92,92,99,120,125,137,126,91,81,93,92,62,70,85,114,146,154,131,98,88,90,98,112,118,121,128,128,132,122,110,82,98,102,103,113,114
"Junction City, KS","Msa","Kansas","All Homes",110,88,68,80,76,74,78,89,98,106,108,112,110,105,99,92,89,96,92,93,100,106,110,111,117,117,104,70,66,67,74,73,79,78,84,97,106,105,81,55,62,70,84,108,74,69,68,75,92,96,71,64,68,77,86,86,84,88,92,98,100,97,90,80,86,94,92,85,81
"Malvern, AR","Msa","Arkansas","All Homes",98,109,121,124,105,100,94,97,106,116,118,128,132,126,118,95,96,116,111,97,88,83,92,100,110,120,109,87,82,90,105,116,126,131,136,143,154,142,139,112,102,84,108,104,107,124,130,133,136,119,132,133,112,114,108,98,84,76,92,105,128,152,165,152,162,115,134,148,128
"Cambridge, MD","Msa","Maryland","All Homes",115,127,135,138,134,122,136,148,140,146,148,140,152,157,142,124,109,116,109,102,97,101,112,121,133,136,104,73,67,91,104,118,134,129,134,138,132,134,137,118,122,124,126,126,140,148,151,138,139,136,133,143,150,118,111,126,146,148,154,171,177,182,181,182,124,106,102,110,123
"Vernal, UT","Msa","Utah","All Homes",74,75,62,64,64,56,54,40,46,64,62,72,88,96,56,42,53,58,61,60,68,68,68,69,77,53,53,50,50,66,76,71,61,57,64,69,69,61,60,68,70,67,65,70,67,70,83,71,78,89,62,62,55,70,88,97,106,104,98,94,110,112,119,98,69,70,45,54,64
"Mount Pleasant, TX","Msa","Texas","All Homes",144,121,116,110,114,118,111,94,100,109,125,130,135,140,129,124,98,87,95,102,104,103,88,94,109,105,104,81,57,64,69,81,89,104,110,123,113,93,92,87,92,107,87,89,78,94,97,91,100,101,85,76,58,65,85,89,80,97,99,100,91,97,75,79,80,92,97,105,129
"Dayton, TN","Msa","Tennessee","All Homes",191,192,186,184,155,146,140,152,160,161,166,172,158,126,90,84,93,102,126,132,144,138,112,122,143,138,148,153,138,125,116,118,122,126,140,145,153,157,124,90,70,78,89,102,105,112,117,127,122,111,124,94,90,89,92,84,105,123,132,132,140,132,133,144,82,118,114,106,110
"Camden, AR","Msa","Arkansas","All Homes",103,103,96,84,90,93,87,98,96,98,86,93,106,109,115,48,50,72,74,75,68,76,88,98,104,112,114,91,73,86,90,107,110,100,110,118,120,114,98,99,110,116,118,124,116,116,117,123,134,134,153,152,144,116,86,86,87,80,98,109,123,112,116,87,97,91,103,104,111
"Lewisburg, TN","Msa","Tennessee","All Homes",148,142,141,124,112,115,118,118,121,126,125,126,128,132,134,121,109,102,91,83,91,97,99,115,112,126,132,93,82,66,72,80,87,92,99,114,110,107,84,82,54,53,51,62,66,76,88,113,110,90,53,60,52,62,62,49,53,62,52,57,56,64,66,52,35,46,59,56,32
"Alpena, MI","Msa","Michigan","All Homes",155,146,154,154,130,114,105,102,114,120,118,108,125,112,119,144,152,98,98,106,114,137,144,150,162,166,162,161,110,66,70,86,100,114,132,139,140,148,148,126,92,77,69,80,103,114,129,139,156,152,156,150,114,83,73,84,102,118,138,156,160,146,146,111,100,82,85,91,102
"Silver City, NM","Msa","New Mexico","All Homes",124,128,120,87,93,86,94,89,90,80,89,84,86,67,93,82,92,94,87,80,85,97,111,120,134,126,117,95,71,75,87,104,116,105,95,112,124,117,121,105,98,104,91,92,100,108,114,146,142,66,60,78,101,112,110,115,134,134,133,146,155,122,117,116,106,69,75,82,114
"Washington Court House, OH","Msa","Ohio","All Homes",110,96,97,71,62,69,78,76,72,76,86,90,99,96,66,62,68,70,61,64,75,67,67,81,96,99,110,92,80,70,74,69,67,65,83,90,88,106,76,62,53,44,50,60,64,64,60,64,82,74,70,58,34,48,68,50,54,55,62,70,66,60,87,86,39,38,48,42,42
"North Vernon, IN","Msa","Indiana","All Homes",117,100,74,74,82,83,88,74,76,101,118,112,113,108,87,80,87,88,90,82,91,92,93,85,98,112,107,91,92,73,59,70,84,98,98,91,93,80,80,80,59,56,63,82,96,110,85,82,81,106,86,68,53,54,62,75,84,64,58,68,80,96,102,83,80,74,57,49,58
"Fort Morgan, CO","Msa","Colorado","All Homes",138,120,95,70,76,89,95,97,91,75,83,81,96,82,74,70,62,56,54,70,83,94,89,97,92,106,62,54,62,67,66,74,70,74,74,89,96,106,85,48,42,68,58,48,54,58,60,69,79,86,57,39,39,37,40,48,49,54,67,79,76,76,49,52,54,50,48,42,64
"Mountain Home, ID","Msa","Idaho","All Homes",90,85,57,62,78,93,96,83,81,78,90,100,116,118,113,91,80,80,82,86,70,74,74,87,91,106,102,114,106,94,95,89,99,112,122,118,101,93,104,99,86,76,79,82,99,110,119,138,134,132,96,90,90,97,80,68,75,84,91,96,101,100,81,59,59,60,54,58,65
"Moberly, MO","Msa","Missouri","All Homes",145,153,149,76,57,82,95,99,115,109,109,88,99,80,83,85,104,89,86,70,70,82,114,124,119,132,132,110,117,100,102,96,105,92,99,131,130,124,122,77,56,56,56,67,98,106,96,109,108,102,89,73,74,84,92,104,119,122,112,108,110,117,131,138,97,82,62,74,78
"Fallon, NV","Msa","Nevada","All Homes",124,132,131,88,84,78,75,86,84,96,102,97,95,99,103,48,50,82,105,86,71,89,100,118,137,138,78,63,65,68,68,71,70,75,82,91,98,101,87,64,73,78,69,64,78,70,68,78,87,88,64,50,46,43,52,57,67,67,68,91,96,104,70,44,44,72,80,32,41
"Heber City, UT","Msa","Utah","All Homes",103,82,62,67,71,75,82,91,91,83,86,95,85,62,61,44,44,56,62,80,93,110,115,117,123,102,97,77,76,55,53,72,93,105,118,111,80,72,77,61,62,70,56,70,83,102,103,118,114,110,75,71,74,71,77,77,85,86,90,108,111,118,124,106,85,65,62,76,75
"Wahpeton, ND","Msa","North Dakota","All Homes",118,132,137,94,57,56,54,68,86,91,86,116,124,144,135,91,68,42,49,50,50,81,79,86,76,94,85,60,49,64,73,48,52,71,77,83,98,111,99,59,57,76,78,56,76,66,64,97,98,75,59,64,46,56,67,75,80,100,91,76,82,94,60,81,91,50,50,59,71
"Sterling, CO","Msa","Colorado","All Homes",122,140,136,84,91,94,64,60,72,61,77,100,99,106,79,62,59,72,78,83,68,71,80,94,103,110,68,46,54,60,61,61,61,64,82,90,82,104,68,55,56,38,33,43,51,48,57,66,76,72,60,79,64,48,45,43,42,46,65,80,96,74,60,55,41,42,40,42,46
"Brookings, OR","Msa","Oregon","All Homes",165,157,162,153,142,128,122,124,132,146,143,144,120,110,108,97,102,100,111,110,116,130,134,151,167,178,155,130,106,106,109,122,141,146,157,176,196,200,186,96,68,66,82,94,112,127,132,151,160,159,153,135,110,104,108,120,124,140,150,168,170,180,187,156,120,98,98,110,124
"Prineville, OR","Msa","Oregon","All Homes",143,135,142,140,98,93,102,105,117,131,134,138,147,144,120,103,85,86,92,97,102,98,110,120,125,141,134,104,76,69,72,80,97,110,122,131,138,144,127,93,47,52,65,96,114,124,138,168,156,158,111,67,70,68,64,70,73,86,104,124,124,135,131,53,54,58,70,75,76
"Huron, SD","Msa","South Dakota","All Homes",118,111,106,58,61,64,65,83,86,80,80,88,102,104,95,96,93,76,69,77,84,91,90,86,96,98,106,130,76,66,74,76,76,78,98,119,148,160,161,82,98,87,103,100,95,76,60,58,73,99,104,108,32,51,76,76,56,70,76,108,107,74,62,62,34,52,63,83,88
"Edgartown, MA","Msa","Massachusetts","All Homes",154,139,133,101,100,98,108,98,105,118,145,144,128,136,133,121,105,72,83,104,118,130,129,135,130,132,144,83,90,80,94,93,107,127,134,150,165,162,178,147,82,67,77,89,103,120,134,158,167,164,182,96,78,88,100,101,119,122,134,147,156,164,160,155,60,48,62,93,114
