"RegionName","SizeRank","2010-09","2010-10","2010-11","2010-12","2011-01","2011-02","2011-03","2011-04","2011-05","2011-06","2011-07","2011-08","2011-09","2011-10","2011-11","2011-12","2012-01","2012-02","2012-03","2012-04","2012-05","2012-06","2012-07","2012-08","2012-09","2012-10","2012-11","2012-12","2013-01","2013-02","2013-03","2013-04","2013-05","2013-06","2013-07","2013-08","2013-09","2013-10","2013-11","2013-12","2014-01","2014-02","2014-03","2014-04","2014-05","2014-06","2014-07","2014-08","2014-09","2014-10","2014-11","2014-12","2015-01","2015-02","2015-03","2015-04","2015-05","2015-06","2015-07","2015-08","2015-09","2015-10","2015-11","2015-12","2016-01","2016-02","2016-03","2016-04","2016-05","2016-06","2016-07","2016-08","2016-09","2016-10","2016-11","2016-12","2017-01","2017-02","2017-03","2017-04","2017-05","2017-06","2017-07","2017-08","2017-09"
"United States",0,,,,,,,,,,,,,0.96293654567549,0.909090909090909,0.923076923076923,0.935828877005348,1.04305749913096,1.09429824561404,1.11764705882353,1.09285714285714,1.09704641350211,1.07758620689655,1.02857142857143,1.00959893118517,1,1.02941176470588,1.04761904761905,1.1,1.08333333333333,1.16584440736785,1.17857142857143,1.21428571428571,1.26315789473684,1.27272727272727,1.33333333333333,1.34682080924855,1.375,1.35782747603834,1.375,1.41791044776119,1.41666666666667,1.38067061143984,1.36111111111111,1.38644918444166,1.58878504672897,1.58730158730159,1.49438341155025,1.44978993347485,1.42857142857143,1.37545521516077,1.35220125786164,1.3360925892096,1.40625,1.495,1.53466866023619,1.54166666666667,1.50699677072121,1.49376296680498,1.5327380952381,1.50704448465138,1.504329004329,1.49007042253521,1.59333333333333,1.57142857142857,1.55128205128205,1.6472590282513,1.57377049180328,1.57824031469352,1.625,1.52352941176471,1.56917562724014,1.48385450462602,1.45536869340233,1.49350649350649,1.58524904214559,1.42857142857143,1.52353755906795,1.5,1.52631578947368,1.57958687727825,1.59722222222222,1.58703071672355,1.56617071260767,1.50158568211974,1.47710487444609
"New York, NY",1,,,,,,,,,,,,,,,,,,,,,,,,,,,,,,,,,,,,,,,,,,,,,,,,,,,,,,,,,,3.05294117647059,3.06625514403292,3.11111111111111,3.11111111111111,3,2.99375,2.94736842105263,2.9725975975976,2.94117647058824,2.95,3.07142857142857,3.125,3.09597523219814,3.2,3.11111111111111,3.10526315789474,3.1,3,2.9375,3.12048192771084,3.09139094121426,3.06,3.1,3.14893617021277,3.14285714285714,3.15,3.11111111111111,3
"Los Angeles, CA",2,,,,,,,,,,,,,,,,,,,,,,1.4,1.30779710752463,1.31666666666667,1.31578947368421,1.289,1.28766469321851,1.29441624365482,1.32076744955342,1.36111111111111,1.32107023411371,1.34969325153374,1.375,1.38888888888889,1.42857142857143,1.5,1.61006357921609,1.65194346289753,1.69570218682847,1.7,1.64628410159925,1.62111111111111,1.625,1.64640174233776,1.63888888888889,1.66666666666667,1.66666666666667,1.65450928381963,1.64352941176471,1.62337662337662,1.625,1.62337662337662,1.67283860492074,1.69014084507042,1.69154228855721,1.75,1.75,1.7718253968254,1.83333333333333,1.83452380952381,1.78571428571429,1.80372153945979,1.88260869565217,1.86774193548387,1.77146180179653,1.825,1.85459940652819,1.83341592335646,1.83333333333333,1.875,1.99300699300699,1.84943729903537,1.84797218326321,1.82386516250336,1.84059343434343,1.89473684210526,1.92190333557471,1.97941182131378,2.0548048048048,2.08333333333333,2.12,2.08681318681319,2.10271903323263,2.1245028922632,2.10714285714286
"Chicago, IL",3,,,,,,,,,,,,,,,,,,,,,,,,,,,,,,,,,,,,,,,,,,,,,,,,,,,,,,,,,,,,,,,,,,,,1.74418604651163,1.82857142857143,1.86875,1.88850038850039,1.9,1.795,1.78348214285714,1.83333333333333,1.85,1.79,1.83333333333333,1.825,1.79,1.8,1.8,1.78125,1.8642330501683,1.86875
"Dallas, TX",4,,,,,,,,,,,,,,,,,,,,,,,,,,,,,,,,,,,,,,,,,,,,,,,,,,,,0.99830866807611,0.991564417177914,0.90684253915911,0.917767475271916,0.885668276972625,0.868621064060804,0.848400556328234,0.873736691243191,0.890443621164624,0.85,0.875190258751903,0.87719298245614,0.87163258682246,0.872349949863916,0.918789808917197,0.987723214285714,0.975499092558984,0.963203463203463,0.962696941612604,0.939913835121895,0.948062654575433,0.948019801980198,0.976806422836753,0.937844487984259,0.919117647058823,1.00798934753662,1.02513227513228,1.01185069905092,1.0454744293327,1.04016064257028,1.05912485030178,1.10229329105329,1.08047493403694,1.04050279329609
"Philadelphia, PA",5,,,,,,,,,,,,,,,,,,,,,,,,,,,0.917857142857143,0.958333333333333,0.995,1.01547388781431,1.015625,1.02810143934202,1.08166666666667,1.10540935672515,1.11875,1.15,1.17241379310345,1.19578686493185,1.26054852320675,1.195,1.17959314298436,1.16666666666667,1.16666666666667,1.16666666666667,1.195,1.18110236220472,1.17233294255569,1.15833333333333,1.15098039215686,1.15625,1.15652173913043,1.14583333333333,1.17565698478562,1.23172103487064,1.25932835820896,1.26969696969697,1.27777777777778,1.25,1.22050803233398,1.19476962457338,1.21428571428571,1.23226288274832,1.25,1.17838733431517,1.2,1.2,1.22222222222222,1.27450918964077,1.325,1.34245187436677,1.34981154111589,1.25932835820896,1.30952380952381,1.25949367088608,1.20833333333333,1.2646793134598,1.2995,1.31742424242424,1.39230486008837,1.3891106442577,1.40882352941176,1.425,1.4,1.395,1.37431318681319
"Houston, TX",6,,,,,,,,,,,,,,,,,,,,,,,,,,,,,,,,,,,,,,,1.26248941574936,1.15120967741935,1.23175675675676,1.14120667522465,1.1203007518797,1.12244897959184,1.18150684931507,1.12296110414053,1.19047619047619,1.24590163934426,1.36165577342048,1.40625,1.15319426336375,1.08446471809063,1.12,1.14942528735632,1.1,1.125,1.1328125,1.09090909090909,1.07045850914205,1.1143319797295,1.15343347639485,1.06759656652361,1.11061374714016,1.08515054390054,1.08872458410351,1.10294117647059,1.16238317757009,1.12390350877193,1.0736224028907,1.13092237903226,1.11777820447175,1.13968253968254,1.13355096968709,1.15658362989324,1.13793103448276,1.16739259903102,1.125,1.09809663250366,1.14285714285714,1.1701114501017,1.16973121907332,1.16666666666667,1.10206896551724,1.07188698116353,1.05990783410138
"Washington, DC",7,,,,,,,,,,,,,,,,,,,,,,,,,,,,,,,,,,,,,,,,,,,,,,,,,,,,,,,,,,,,,,,,,,,,,,,,2.03125,1.90650421193797,2.0236287191368,1.97540509259259,2.06684256816183,2.09868421052632,2.18033998521803,2.30638613861386,2.30260707635009,2.29581584036983,2.24933862433862,2.32,2.29153111071315,2.13333333333333
"Miami, FL",8,,,,,,,,,,,1.05541596873255,1.05541596873255,1.04720885807273,1.03132161955691,1.03260869565217,1.03783714428492,1.06181268287445,1.07671601615074,1.1057609616636,1.09090909090909,1.11944992021027,1.11538461538462,1.10026041666667,1.11689699699598,1.11731843575419,1.06598984771574,1.06666666666667,1.07913669064748,1.08969696969697,1.1020785662853,1.1304347826087,1.13905449269431,1.16666666666667,1.18240345855242,1.2790260761073,1.3166144200627,1.35135135135135,1.364522417154,1.47058823529412,1.43163922691482,1.3795738277546,1.36834319526627,1.35327635327635,1.33120340788072,1.3412017167382,1.35964912280702,1.3986013986014,1.39793788907753,1.40599159316428,1.38888888888889,1.36842105263158,1.44577499588206,1.43382352941176,1.46484375,1.54711204627779,1.53846153846154,1.46666666666667,1.52016464485539,1.53846153846154,1.52380952380952,1.51260504201681,1.53994225216554,1.61875,1.65377132595031,1.68421052631579,1.67763157894737,1.7163504968383,1.63636363636364,1.67300710225218,1.73825503355705,1.69230769230769,1.61875,1.65853658536585,1.75,1.79477975960388,1.68181818181818,1.66666666666667,1.70245701864172,1.77777777777778,1.76470588235294,1.78997613365155,1.77115987460815,1.76236263736264,1.78571428571429,1.8125
"Atlanta, GA",9,,,,,,,,,,,,,,,,,,,,,,,,,,,,,,,,,,,,,,,,,,0.7,0.735913052089523,0.789583333333333,0.75,0.666111111111111,0.6625,0.691304347826087,0.723229911161579,0.665280950314498,0.680628272251309,0.6875,0.712875225275963,0.707142857142857,0.703703703703704,0.706211302487898,0.719721767594108,0.72,0.704545454545455,0.75,0.736360584186671,0.718512256973795,0.721977189699724,0.739583333333333,0.755798801146729,0.786924939467312,0.795690343176377,0.810473815461347,0.806451612903226,0.761054421768708,0.764705882352941,0.795690343176377,0.776053215077605,0.78125,0.777777777777778,0.855555555555556,0.882843137254902,0.881696428571429,0.954861111111111,0.974462365591398,1.00483675937122,1.05882352941176,1.02565038002172,1.02133333333333,1.01666666666667
"Boston, MA",10,,,,,,,,,,,,,,,,1.72863247863248,1.9,1.80444444444444,2,2.08004160166407,2.17220309810671,2.21690947225214,2.18181818181818,2.05,2.03540100250627,2.05937431152236,2.04216073781291,2.14285714285714,2.1,2.21002506265664,2.26666666666667,2.35147058823529,2.40909090909091,2.475,2.45,2.4,2.3030303030303,2.26977248104009,2.3,2.25699861451157,2.1,2.29799851742031,2.2859492481203,2.3153942428035,2.4541958041958,2.47619047619048,2.4812030075188,2.33333333333333,2.28365384615385,2.25052792139617,2.17647058823529,2.08333333333333,2.25070422535211,2.34037558685446,2.4,2.48876992031872,2.41666666666667,2.38095238095238,2.39818652849741,2.275,2.22222222222222,2.16666666666667,2.16942148760331,2.23076923076923,2.3125,2.36875,2.42857142857143,2.45454545454545,2.47206616729089,2.31578947368421,2.45,2.27825030376671,2.22222222222222,2.19047619047619,2.11706730769231,2.2,2.30105008077544,2.36939571150097,2.4,2.47201274848747,2.46428571428571,2.4430235577377,2.3937963587323,2.28571428571429,2.28082706766917
"San Francisco, CA",11,,,,,,,,,,,,,,,,,,,,,,,,,,,,,,,,,,,,,,,,,,,,,,,,,,,,,,,,,,,,,,,,,,,,,,,,,3,3.2375,2.9219512195122,3.125,3.14778325123153,3.29166666666667,3.25,3.24375,3.18369943633952,3.11111111111111,3.17637241958532,3.13232323232323,3.20794590025359
"Detroit, MI",12,,,,,,0.756720430107527,0.764895330112721,0.759090909090909,0.795454545454545,0.785714285714286,0.846153846153846,0.802139037433155,0.832070634639617,0.723529411764706,0.71875,0.728353658536585,0.760953562566466,0.78,0.788157894736842,0.785714285714286,0.822222222222222,0.767901571061165,0.75,0.766128433556051,0.75,0.75,0.75,0.727516960651289,0.696859903381642,0.769230769230769,0.773387541345094,0.75,0.776388888888889,0.776388888888889,0.785714285714286,0.810810810810811,0.828571428571429,0.846153846153846,0.816521739130435,0.825423167357331,0.833333333333333,0.833333333333333,0.846153846153846,0.85,0.888888888888889,0.875,0.872295882763433,0.87939021155249,0.875,0.856748224151539,0.857142857142857,0.849358974358974,0.876533370295932,0.875407166123778,0.892857142857143,0.875,0.856190476190476,0.856190476190476,0.891929090508699,0.894736842105263,0.913978494623656,0.8975,0.862727272727273,0.86,0.84956983805668,0.863636363636364,0.888888888888889,0.897226753670473,0.849358974358974,0.916666666666667,0.994444444444444,0.928571428571429,0.941176470588235,0.984117051075749,0.963718820861678,0.883216031280547,0.897435897435897,0.923295454545455,0.928571428571429,1,0.99375,0.950563401670463,0.964285714285714,0.928699820251648,0.961656525151734
"Riverside, CA",13,,,,,0.930212710084034,0.85109649122807,0.906913280776228,1,1,0.895475372279496,0.888888888888889,0.87719298245614,0.877322404371585,0.914634146341463,0.938235294117647,0.954861111111111,1.05,1.09681955138935,1.12572393822394,1.06590038314176,1.08145319983664,1.03888422818792,0.951612903225806,0.909090909090909,0.899640287769784,0.90625,0.928571428571429,0.974679487179487,0.971335992023928,0.960477941176471,0.967685047193244,0.965397509578544,0.97215298548798,0.972222222222222,0.9375,0.944444444444444,0.944444444444444,0.967044912298022,1,0.963185195424798,0.926439628482972,0.9375,0.9375,0.944812014282714,0.990839694656489,0.977272727272727,0.956503378378378,0.928571428571429,0.903420132141469,0.907670454545455,0.925833333333333,0.926666666666667,0.916824196597353,0.927995391705069,0.981873111782477,0.941176470588235,0.95,0.936491935483871,0.954523853382353,0.928571428571429,0.915064102564103,0.932972322503008,0.919230769230769,0.884848484848485,0.878220140515222,0.856484529295589,0.845190212837272,0.904761904761905,0.932400932400932,0.999090909090909,1,1.05,1,1.02564102564103,0.992063492063492,0.992063492063492,1.05,1.08012345679012,1.08333333333333,1.07692307692308,1.07307692307692,1.10912698412698,1.15089514066496,1.18583416583417,1.18285714285714
"Phoenix, AZ",14,,,,,,,,,,,,,,,,,,,0.876713799124138,0.874233128834356,0.897237569060773,0.845000963010269,0.778645833333333,0.769463869463869,0.789830508474576,0.75,0.741440217391304,0.772903225806452,0.757097791798107,0.775240384615385,0.778888888888889,0.798,0.791666666666667,0.791666666666667,0.803030303030303,0.798387096774194,0.828879740518962,0.83515051569223,0.827625570776256,0.804289544235925,0.80952380952381,0.800457404230989,0.796548743419514,0.80952380952381,0.80952380952381,0.810386904761905,0.805555555555556,0.788431061806656,0.782720357590966,0.789049919484702,0.795335773392744,0.8,0.778291449344081,0.795671546785487,0.809121347402597,0.851305334846765,0.87375,0.87375,0.856203007518797,0.850617283950617,0.839315313017978,0.833333333333333,0.818839943839944,0.826388888888889,0.842105263157895,0.857142857142857,0.909090909090909,0.918912499469822,0.833128258843969,0.875,0.852123255658677,0.857142857142857,0.847826086956522,0.847089134983719,0.875,0.882352941176471,0.915384615384615,0.93,1,1.02391849188188,1.02453987730061,1.04389721627409,1.07158165452207,1.07158165452207,1.05764705882353
"Seattle, WA",15,,,,,,,,,,,,,,,,,,,,,,,0.933036718775112,0.943877551020408,0.983424908424908,0.995,0.992857142857143,0.981954320189614,0.97,0.992827868852459,1,1.01702127659574,1.02514090387225,1.03833904948555,1.06060606060606,1.08142493638677,1.19705942939541,1.29252103049422,1.33767971246006,1.35371179039301,1.37795275590551,1.36787956621005,1.38235294117647,1.42307692307692,1.42967032967033,1.42380952380952,1.4198489010989,1.42142857142857,1.36666666666667,1.34238325234088,1.34146341463415,1.35994980913332,1.32857142857143,1.38629975445852,1.42387732749179,1.42225274725275,1.47435897435897,1.57813702848345,1.54406873614191,1.61099910394265,1.5625,1.52357441978788,1.43279797125951,1.42363293526084,1.41761083743842,1.51486202172424,1.5,1.46842105263158,1.5625,1.66666666666667,1.76,1.70018856065368,1.60377358490566,1.68465909090909,1.59333333333333,1.57159090909091,1.69985835694051,1.78533157052397,1.88185358255452,1.93970588235294,1.93661971830986,1.99705882352941,1.99045454545455,1.93705985915493,2.03610531803962
"Minneapolis, MN",16,,,,,,,,,,0.846011465328722,0.857142857142857,0.852272727272727,0.852272727272727,0.869784580498866,0.883333333333333,0.886058087027915,0.981169474727453,1.02173913043478,1.02739726027397,1.0265191429575,1.03463339424395,1,0.925925925925926,0.942105263157895,0.95,0.970588235294118,0.935294117647059,0.926666666666667,0.957070707070707,0.966745304418837,1,0.992477375565611,0.992857142857143,1,1.03550420168067,1.08,1.11764705882353,1.14965312190287,1.16233766233766,1.1340407355508,1.11464968152866,1.11111111111111,1.10576923076923,1.10204081632653,1.11087827139797,1.10887096774194,1.1,1.09563957547829,1.05769230769231,1,1.03571428571429,1.03529411764706,1.08513986013986,1.08163265306122,1.0875,1.125,1.14149659863946,1.11428571428571,1.09532608695652,1.09166666666667,1.08177447552448,1.07999507874016,1.11640442890443,1.10714285714286,1.11702127659574,1.13333333333333,1.13333333333333,1.13333333333333,1.13693045563549,1.11278447121821,1.15515436944008,1.15483870967742,1.12685309973046,1.12083333333333,1.16869918699187,1.17073170731707,1.16666666666667,1.16301995451544,1.17375,1.19047619047619,1.21541353383459,1.21726124631268,1.20945827489481,1.21125,1.17727272727273
"San Diego, CA",17,,,,,,1.31634615384615,1.19974747474747,1.23863636363636,1.30277777777778,1.28952380952381,1.22324159021407,1.25662188162188,1.26538987688099,1.28954916362181,1.32954545454545,1.31211180124224,1.375,1.396255192108,1.4169201861131,1.41502624671916,1.44647442875933,1.41865178038592,1.3919696969697,1.38975155279503,1.39149583600256,1.4,1.41176470588235,1.42761354129565,1.4599609375,1.4218253968254,1.43939393939394,1.45807453416149,1.4780073800738,1.48823529411765,1.48845421663811,1.544,1.54107310215558,1.53076923076923,1.53076923076923,1.60844947735192,1.61135462282079,1.56692913385827,1.59176029962547,1.63175990675991,1.79637640449438,1.70871609403255,1.7,1.66111111111111,1.69336466165414,1.67900964066608,1.72719432274745,1.75257731958763,1.8,1.85,1.87228260869565,1.87861794753539,1.84343434343434,1.90108695652174,1.9375,1.94736842105263,1.99590863453815,1.95121951219512,2.05910525129592,2,1.95121951219512,1.99,2.04772727272727,1.91611842105263,1.85242376409764,1.94539295392954,1.93968696642003,1.99,1.97948717948718,2.00657894736842,1.94539295392954,2.00190839694656,2.10032362459547,2.1143947655398,2.11728865194212,2.12876047220107,2.18181818181818,2.19978480060196,2.18301435406699,2.23105625717566,2.19966159052453
"Saint Louis, MO",18,,,,,,,,,,,,,,,,,,,,,,,,,,,,,,,,,,,,,,,,,,,,,,,0.7,0.7421875,0.709136240703178,0.666666666666667,0.619724893162393,0.6875,0.6875,0.689940639717425,0.70355032599837,0.649350649350649,0.61633658008658,0.594172297297297,0.617283950617284,0.621621621621622,0.675,0.666666666666667,0.645262768319763,0.607385811467444,0.655555555555556,0.650725685166528,0.624038461538462,0.668700159489633,0.65625,0.633640552995392,0.708924103419516,0.666666666666667,0.682508281192492,0.659115905245347,0.702941176470588,0.660766652702137,0.7,0.760869565217391,0.746153846153846,0.736939571150097,0.725667760074977,0.748834830339321,0.758114035087719,0.772961574507966,0.769230769230769
"Tampa, FL",19,,,,,,,,,,,,,0.78766173928275,0.806451612903226,0.797923875432526,0.797491723962312,0.822368421052632,0.828784516765286,0.858640782567326,0.863636363636364,0.888888888888889,0.856389986824769,0.868809730668983,0.867738198667825,0.857142857142857,0.85,0.855263157894737,0.8432,0.830449826989619,0.835253456221198,0.846153846153846,0.857142857142857,0.878787878787879,0.862587412587413,0.872668449971082,0.914315569487983,0.9375,0.948509485094851,0.966526610644258,0.962627406568516,0.955882352941177,0.958029197080292,0.958029197080292,0.957692307692308,0.961538461538462,0.962099125364432,0.948890822096564,0.982505950357021,0.961538461538462,0.94017094017094,0.955118079140668,0.98458904109589,0.992752100840336,0.962910128388017,0.962224294963239,0.96875,0.990393013100437,1,1,1,0.98990568818155,0.970856929159098,0.96476833976834,0.963636363636364,0.982953660395152,1.01061614610002,1.04417670682731,1.03850550777925,1.02996254681648,1,1.06952636282395,1.07222222222222,1.01472494239631,1.07883817427386,1.1454753722795,1.05,1.13333333333333,1.13104793756968,1.12403100775194,1.14160561072014,1.19180597387021,1.15384615384615,1.19939759036145,1.15384615384615,1.1485870556062
"Baltimore, MD",20,,,,,,,,,,,,,,1.2353050397878,1.17828053890053,1.12142857142857,1.22084548104956,1.33034214236301,1.38312586445367,1.20828891257996,1.22104247104247,1.19703389830508,1.19589977220957,1.19589977220957,1.17545871559633,1.21018825671712,1.16666666666667,1.1875,1.14983974358974,1.21825396825397,1.22222222222222,1.18067978533095,1.25,1.25097809076682,1.25574908313324,1.2,1.19145439605587,1.2,1.15328671328671,1.19157608695652,1.1625,1.16264534883721,1.20454545454545,1.220703125,1.25,1.23394131641554,1.20833333333333,1.21049092131809,1.21782713849287,1.20481927710843,1.2,1.2,1.21071421065905,1.21402877697842,1.21739130434783,1.31142231751988,1.35135135135135,1.32742578025882,1.29935064935065,1.28445006321113,1.28571428571429,1.28571428571429,1.23287671232877,1.25882352941176,1.3,1.32753062540297,1.5,1.55833333333333,1.53534277528951,1.53532196969697,1.53954033771107,1.50471698113208,1.47516712770862,1.46606334841629,1.34660421545667,1.50526315789474,1.49676375404531,1.40938358560654,1.44,1.46,1.50636363636364,1.56691542288557,1.5,1.480427051463,1.33587786259542
"Denver, CO",21,,,,,,,,,,,,,,,,,,,1.20545073375262,1.14401858304297,1.18532246108228,1.17142857142857,0.981262327416174,0.945983155166829,0.966666666666667,0.977918593727417,0.994097222222222,1.09313492063492,1.09530876494024,1.10429447852761,1.15,1.10758804907004,1.15,1.16279069767442,1.19615384615385,1.15606936416185,1.15108695652174,1.15384615384615,1.25,1.29166666666667,1.37557339449541,1.4,1.40234130706692,1.45875850340136,1.51428571428571,1.39254754533392,1.39411764705882,1.5,1.5,1.5,1.5,1.52032520325203,1.55417289722303,1.55963302752294,1.56779661016949,1.57191209394669,1.56,1.55153838871533,1.56736287201388,1.58371040723982,1.59825966425381,1.56660412757974,1.68918918918919,1.75826108807639,1.75445156426687,1.76095238095238,1.82608695652174,1.70714285714286,1.68470906630582,1.70967741935484,1.69230769230769,1.6566425809723,1.64142156862745,1.64204545454545,1.53076923076923,1.58333333333333,1.57142857142857,1.71428571428571,1.67597765363128,1.69659555815313,1.74003887269193,1.71428571428571,1.69761582892958,1.70833333333333,1.68470906630582
"Portland, OR",22,,,,,,,,,,,,,,,,,,,0.766666666666667,0.807692307692308,0.817647058823529,0.813574250026689,0.75,0.747916666666667,0.74375,0.78125,0.789473684210526,0.8125,0.849679487179487,0.84546582589266,0.871248789932236,0.894245723172628,0.876709047178063,0.875,0.88472485768501,0.959047516129745,1,0.995449374288965,1.00522995411842,0.994562647754137,0.999502982107356,1,1.01212121212121,1.03125,1.06989247311828,1.0244602679152,1.03949652777778,1.05851063829787,1.1144578313253,1.1085626911315,1.11413043478261,1.07389772458861,1.09663271080928,1.16091954022989,1.19565217391304,1.19565217391304,1.22282608695652,1.23546315077755,1.27857142857143,1.38586956521739,1.35869565217391,1.30910931174089,1.22665454407698,1.074609375,1.171918767507,1.25071428571429,1.33495145631068,1.24396157047725,1.33463736488311,1.27418414918415,1.38356164383562,1.38020833333333,1.434375,1.41820987654321,1.27924528301887,1.32666666666667,1.43678571428571,1.48,1.47469135802469,1.55882352941176,1.57407407407407,1.57337198929527,1.55761024182077,1.59810387821097,1.4996251874063
"Charlotte, NC",23,,,,,,,,,,,,,,,,,,,,,,,,0.661487758945386,0.666666666666667,0.673076923076923,0.668181818181818,0.670997920997921,0.666666666666667,0.666666666666667,0.680018026727897,0.684818105870737,0.6875,0.723253757736516,0.717748917748918,0.735962987470037,0.774270673704524,0.807423815277218,0.823578595317726,0.8125,0.821428571428571,0.829646017699115,0.824884792626728,0.832968156587788,0.875,0.852981109799292,0.864427860696517,0.836607213011707,0.785714285714286,0.81892697466468,0.808938746438747,0.774985038898863,0.790229885057471,0.8125,0.863636363636364,0.866666666666667,0.85024384144054,0.906519065190652,0.938303341902314,0.938303341902314,0.938303341902314,0.938303341902314,0.965909090909091,0.984042553191489,0.984042553191489,0.938303341902314,0.941295546558704,0.962419798350137,0.85254600272786,0.863259668508287,0.906519065190652,0.907804987140781,0.835385878489327,0.896215453079336,1.0566762728146,0.999143101970865,0.998076923076923,1,1.00165380374862,1.11666666666667,1.05223371603956,1.06071790418295,1.04206885456885,1.00165380374862,0.974870017331023
"San Antonio, TX",24,,,,,,,,,,,,,,,,,,,,,,,,,,,,,,,,,,,,,,,,,,,,,,,,,,,,,,,,,,,,,,,,,,,,,,,0.956620656733396,1.0249500998004,1,1,1.02543068088597,1,0.995833333333333,0.995670995670996,0.998568360773085,1.01602330662782,1,1.01279317697228,1.02543068088597,1.004,1
"Cincinnati, OH",25,,,,,,,,,,,,,,,,,,,,,,,,,,,0.5671888053467,0.590390879478827,0.592391304347826,0.569642857142857,0.626388888888889,0.627777777777778,0.655241935483871,0.661577608142494,0.65185804643636,0.670229244114003,0.74375,0.753768844221106,0.754444444444444,0.791666666666667,0.764285714285714,0.763888888888889,0.765686274509804,0.773694390715667,0.779513888888889,0.770726495726496,0.742857142857143,0.734111721611722,0.73489010989011,0.76463963963964,0.71,0.707738095238095,0.74375,0.742329545454546,0.791666666666667,0.804639029892837,0.779257580051006,0.795,0.779628790025503,0.766666666666667,0.754444444444444,0.791666666666667,0.782642089093702,0.76,0.75,0.76463963963964,0.795,0.763358778625954,0.815340909090909,0.776274467763092,0.8125,0.795,0.772727272727273,0.769464720194647,0.831815026895714,0.813029661016949,0.846857410881801,0.841874084919473,0.846590909090909,0.916666666666667,0.913389513108614,0.90625,0.86164284498894,0.863636363636364,0.852
"Cleveland, OH",26,,,,,,,,,,,,,,,,,,,,,,,,,,,,,,,,,,,,,,,,,,,,0.632575757575758,0.678754372813593,0.661375661375661,0.625657894736842,0.653846153846154,0.680112570356473,0.6875,0.646526827785378,0.656592153284671,0.609798953906505,0.629678362573099,0.642857142857143,0.622727272727273,0.703901373283396,0.709248265950134,0.709568778770647,0.666666666666667,0.644086315214422,0.647058823529412,0.626315789473684,0.626315789473684,0.635055038103302,0.614489003880983,0.682606565409113,0.666087962962963,0.659013605442177,0.633333333333333,0.678571428571429,0.73,0.627623303541873,0.608695652173913,0.640056899004267,0.607014388489209,0.594152718843313,0.669697070058069,0.676595696283154,0.722222222222222,0.719087230215827,0.674019607843137,0.665191740412979,0.63953488372093,0.665191740412979
"Kansas City, MO",27,,,,,,,,,,,,,,,,,,,0.847494239631336,0.780596891534391,0.767882187938289,0.748016304347826,0.695807314897413,0.69047619047619,0.695,0.739760059811109,0.726666666666667,0.688848188848189,0.695,0.685745140388769,0.654098360655738,0.727513227513228,0.747368421052632,0.7223113964687,0.771704180064309,0.777777777777778,0.78125,0.786805091664811,0.775862068965517,0.747340425531915,0.724747474747475,0.730769230769231,0.73120836851487,0.747340425531915,0.703125,0.723787167449139,0.735392881128274,0.73,0.752733389402859,0.740740740740741,0.74239417989418,0.745308716707022,0.760709010339734,0.825543478260869,0.810344827586207,0.84005376344086,0.833333333333333,0.82957957957958,0.825,0.819143819143819,0.797686189443239,0.78125,0.75,0.750300120048019,0.717610550814585,0.724,0.751793315861839,0.752740321075056,0.752747252747253,0.797040657523587,0.897147147147147,0.77782012195122,0.802002877479933,0.886408404464872,0.819327731092437,0.807265388496468,0.8,0.905555555555556,0.923697946541241,0.91421568627451,0.875,0.836531094368535,0.89031339031339,0.903955592872469,0.90293453724605
"Las Vegas, NV",28,,,,,,,,,,,,,,,,,,,,,,,,,,,,,0.680727699920527,0.653819683413627,0.695515949841725,0.678571428571429,0.665559246954596,0.678715008933889,0.713536116761923,0.721357907796787,0.720502523740673,0.715364442958485,0.717154331612163,0.708333333333333,0.708789559129456,0.709450861991743,0.708184253309097,0.710577547047372,0.720939860362364,0.721311475409836,0.726881026599166,0.725265207566789,0.72192513368984,0.708257986738999,0.708147582762611,0.71882951653944,0.708588213535774,0.722543352601156,0.730821773854561,0.746268656716418,0.748495430400801,0.763583381465794,0.767692307692308,0.770882849965302,0.759494304092859,0.742861675856392,0.75536928391271,0.764805068056257,0.774197430295849,0.775844299468258,0.772144522144522,0.77372764786795,0.787806339149347,0.80041782729805,0.780615421100999,0.782848151062156,0.779807254989942,0.779206662998213,0.771157835644388,0.8,0.79933110367893,0.81125,0.81125,0.81125,0.811030405405405,0.807223264540338,0.813953488372093,0.821917808219178,0.788555194805195
"San Jose, CA",29,,,,,,,,,,,,,,,,,,,,,,,1.61875,1.60604166666667,1.55272727272727,1.72727272727273,1.70714285714286,1.809375,1.82285714285714,1.828125,1.828125,1.92307692307692,2.01133651551313,2.14240254574383,2.11789274182227,2.08391608391608,2.16757062146893,2.07006326034063,2.08333333333333,2.13961038961039,2.03571428571429,2.05357142857143,2.10625695659087,2.14615384615385,2.18181818181818,2.25616148292141,2.36363636363636,2.5,2.43194444444444,2.45041666666667,2.48,2.44643527204503,2.532,2.78571428571429,2.84091096260895,2.7503063057376,2.99285714285714,2.99305555555556,2.859375,3.15337924407431,2.64530120481928,2.62531328320802,2.69230769230769,2.7,2.96976241900648,3.00880887634859,3.20857142857143,2.90615622241836,3.20933263816476,2.96,3.06923076923077,2.70651260504202,2.77777777777778,2.55,2.51612903225806,2.63434782608696,2.60869565217391,2.755,2.84920634920635,2.88888888888889,2.92307692307692,2.92194092827004,2.8908466819222,2.86811594202899,2.81507352941177
"Austin, TX",30,,,,,,,,,,,,,,,,,,,,,,,,,,,,,,,,,,,,1.18737279511533,1.18055555555556,1.17052781813085,1.19649805447471,1.13076923076923,1.08928571428571,1.10632911392405,1.25350140056022,1.38520420021797,1.24390243902439,1.0934393638171,1.06696428571429,1.10235732009926,1.08637212425123,1.09023190567512,1.14170163413974,1.09375,1.09620754325431,1.0741127348643,1.09359468190855,1.20844195809271,1.10619469026549,1.12985913585263,1.14265046800648,1.14532967460083,1.12785225992121,1.1349650773756,1.13331078033378,1.11111111111111,1.11055555555556,1.08695652173913,1.1068281938326,1.1025641025641,1.11,1.14893617021277,1.15755102040816,1.1703187250996,1.15168539325843,1.12559241706161,1.18349494532701,1.16,1.19225037257824,1.18285714285714,1.22086570477248,1.25445931987923,1.25,1.22705642897249,1.22771215271215,1.19584235209235,1.19225037257824
"Virginia Beach, VA",31,,,,,,,,0.779967159277504,0.817597167210178,0.81304347826087,0.805555555555556,0.825242718446602,0.825242718446602,0.841688654353562,0.853632478632479,0.858546858546859,0.86875,0.871875,0.875,0.887392900856793,0.872689938398357,0.847504378283713,0.833333333333333,0.875,0.886038961038961,0.888060189145518,0.879744469129944,0.873117579987448,0.876777251184834,0.876850164053955,0.876923076923077,0.881818181818182,0.881818181818182,0.882352941176471,0.898421052631579,0.917992656058752,0.936842105263158,0.952950558213716,0.964285714285714,0.964070567986231,0.962012826837691,0.951063829787234,0.95,0.962116656644618,0.96875,0.950987564008778,0.946969696969697,0.9375,0.925925925925926,0.930457559480456,0.924571494938628,0.934786234081261,0.914285714285714,0.919743520479975,0.950435816164818,0.944444444444444,0.956067760865579,0.976909413854352,0.970319634703196,0.95636680392778,0.972027972027972,0.954545454545455,0.90625,0.91372729875004,0.902692954051728,0.883333333333333,0.875186688311688,0.888888888888889,0.925462731365683,0.844594594594595,0.844594594594595,0.844594594594595,0.844594594594595,0.876821159675369,0.90625,0.914897867311913,0.937654244817374,0.894736842105263,0.885714285714286,0.9180606154822,0.877940576078387,0.883256528417819,0.903333333333333,0.909090909090909,0.885714285714286
"Nashville, TN",32,,,,,,,,,,,,,,,,,,,,,,,,,,,,,,,,,,,,,,,,,,,,,,,,,,,,,,,,,,,,,,,,,,,,,,,,1.0005577244841,0.883333333333333,0.873078256026025,0.877371273712737,0.877371273712737,0.954861111111111,1.04166666666667,1.04166666666667,1.10494698963009,1.10412474849095,1.16657695279603,1.2,1.07819287576021,1.02854743912678
"Providence, RI",33,,,,,,,,,,,,,,,,,,,,,,,,,,,,,0.933333333333333,0.969669117647059,1,1,0.956521739130435,0.966666666666667,0.9375,0.962068965517241,1,1.03703703703704,1.05,1.03571428571429,1.01533253969392,1,1,1.02400895140665,1,1.06,1.08461538461538,1.0625,1.01538825757576,1,1,1.03333333333333,1.05555555555556,1.0502988527909,1.0752688172043,1.1,1.08936170212766,1.02430130211878,1.06,1.00235849056604,1,1.01449275362319,0.94737261993405,0.964285714285714,0.993831391363948,1,1.03571428571429,1.13988551446637,1,1.1,1.0854198254313,0.897920604914934,0.9,1,1.11010261854211,0.93342175066313,0.96056622851365,0.996875,1,1.07142857142857,1.03426829669066,1.05424836601307,1.07544672402383,1.11111111111111,1.13396495290686
"Jacksonville, FL",34,,,,,0.781094411252178,0.80952380952381,0.846880229500359,0.883163521608289,0.839382940108893,0.833333333333333,0.825,0.819148936170213,0.818181818181818,0.800970873786408,0.80112646253423,0.771103896103896,0.795,0.830243516056308,0.885729872948482,0.934224724372508,0.931445603576751,0.875,0.814495530012771,0.818609022556391,0.815789473684211,0.83697270471464,0.844277673545966,0.829166666666667,0.821428571428571,0.844277673545966,0.856134196797985,0.851063829787234,0.852941176470588,0.854368932038835,0.867398119122257,0.862068965517241,0.852413793103448,0.868524316426633,0.82152767330291,0.845744680851064,0.855308219178082,0.851063829787234,0.817901234567901,0.833333333333333,0.899280575539568,0.88646288209607,0.887345679012346,0.871394230769231,0.824154135338346,0.839691470054446,0.88,0.879814814814815,0.867234848484848,0.872641509433962,0.88,0.88,0.88,0.893987341772152,0.872938894277401,0.867072997128144,0.8525406271458,0.864304235090752,0.816767502160761,0.819778747109523,0.846666666666667,0.875,0.890873015873016,0.877880184331797,0.916567357131127,0.890243902439024,0.941526263627354,0.931542461005199,0.926296296296296,0.895638629283489,0.89288809189835,0.89135017359881,0.888825657493598,0.922680412371134,0.94949494949495,0.958333333333333,0.958333333333333,0.965340909090909,0.964285714285714,0.926195632282072,0.969874476987448
"Oklahoma City, OK",35,,,,,,,,,,,,,,,,,,,,,,,,,0.660594439117929,0.646551724137931,0.648924670539357,0.629520697167756,0.633932189652843,0.641505636070853,0.65,0.658823529411765,0.670598504511185,0.7,0.667618984342126,0.648414985590778,0.656498673740053,0.669411764705882,0.686378035902851,0.687568756875688,0.703666997026759,0.708333333333333,0.713470319634703,0.725223214285714,0.731850117096019,0.733333333333333,0.713470319634703,0.703666997026759,0.694736842105263,0.697297297297297,0.7,0.714285714285714,0.713470319634703,0.719223484848485,0.723180076628352,0.713470319634703,0.713470319634703,0.7,0.7,0.708333333333333,0.708333333333333,0.7,0.7,0.680871710526316,0.708333333333333,0.708333333333333,0.686745409196067,0.711887744837859,0.7,0.722222222222222,0.666666666666667,0.699013157894737,0.68703399122807,0.713513513513514,0.697629226583754,0.719263308393533,0.697085138029875,0.703125,0.721703011422638,0.75,0.74375,0.74370709382151,0.731578947368421,0.75,0.737847222222222
"Louisville, KY",36,,,,,,,,,,,,,,,,,,,,,,,,,,,,,,,,,,,,,,,,,,,,,,,,0.85,0.712256493506493,0.706521739130435,0.706521739130435,0.706521739130435,0.706521739130435,0.75,0.742857142857143,0.736040609137056,0.721212121212121,0.721212121212121,0.722222222222222,0.723611111111111,0.719981060606061,0.721212121212121,0.715951862123613,0.713153724247227,0.65,0.67156862745098,0.738228980322004,0.772727272727273,0.705746380056725,0.741642441860465,0.805235602094241,0.757692307692308,0.73953488372093,0.725,0.738228980322004,0.725,0.789772727272727,0.766199095022624,0.794166666666667,0.802951388888889,0.845576923076923,0.845603813559322,0.823863636363636,0.807692307692308,0.805555555555556
"Hartford, CT",37,,,,,,,,,,,,,,,,,,,,,,,,,,,,,,,,,,,,0.995833333333333,1.01351351351351,1.02259422453011,1.03125,1.04705882352941,1.04347826086957,1.03986135181976,1.04166666666667,1.05107215299913,1.03415867254343,1.04736842105263,1.0454233409611,1.05978260869565,1.03034218499376,1.02704678362573,1.03571428571429,1,0.933001412040857,0.933908045977011,0.978832442067736,0.972222222222222,0.981767180925666,0.992857142857143,0.985117527859868,0.973214285714286,1,0.948484848484848,0.920141700404858,0.921052631578947,0.935704022988506,0.95,0.9475,0.979477611940298,0.970788912579957,0.979519954099197,0.979519954099197,0.977272727272727,0.975815850815851,0.977272727272727,0.974025974025974,0.947368421052632,0.980392156862745,1,1,1.02083333333333,0.973214285714286,1.02083333333333,1,1,0.93984962406015
"Richmond, VA",38,,,,,,,,,,,,,,,,0.877926421404682,0.87815239989153,0.833333333333333,0.923245614035088,0.933333333333333,0.916666666666667,0.897849462365591,0.87375,0.838709677419355,0.806451612903226,0.775240384615385,0.844017094017094,0.87765413080246,0.911458333333333,0.94,0.982587064676617,0.982587064676617,1.03571428571429,0.982587064676617,1,0.982587064676617,1.03571428571429,1.01998985409218,0.996666666666667,1,0.956439393939394,0.956439393939394,0.948157894736842,0.946315789473684,0.915643872978765,0.953065134099617,0.963804713804714,1.04166666666667,1,0.998333333333333,0.947222222222222,0.942539947974731,0.949011713030747,0.964285714285714,0.916666666666667,0.958333333333333,1,1,1.05380654024522,1,0.976358326541701,0.95,0.995576923076923,1.04761904761905,1,1.07158687943262,1.0875,1.08578389830508,1.07145313295976,1.0875,1.1,1.05371900826446,1.0636972524766,1.02291275458616,1.0875,1.07367549668874,1.08652173913043,1.07721639656816,1.13035714285714,1.16913484021824,1.17647058823529,1.23239436619718,1.2,1.16611111111111,1.08181818181818
"New Orleans, LA",39,,,,,,,,,,,,,,,,,,,,,,,,,,,,,,,,,,,,,,,,,,,,,,,,,,,,,,,,,1.33333333333333,1.33333333333333,1.35,1.3530135301353,1.26566985645933,1.25,1.18294776539457,1.17647058823529,1.15497489014438,1.1914497264667,1.22920833333333,1.16954022988506,1.12745098039216,1.21019144144144,1.15789473684211,1.12,1.2,1.31818181818182,1.18438914027149,1.2,1.28,1.21428571428571,1.33333333333333,1.39130434782609,1.41666666666667,1.38888888888889,1.36602870813397,1.36875,1.3
"Buffalo, NY",40,,,,,,,,,,,,,,,,,,,,,,,,,,,,,,,,,,,,,,,,0.438350680544436,0.383468257349808,0.393553223388306,0.400124069478908,0.404271548436308,0.384059270293133,0.405844155844156,0.39214231193283,0.398506860371267,0.387989203778677,0.391747131355819,0.391061233452538,0.363994097393015,0.363994097393015,0.36628717157778,0.370553359683794,0.36956355150814,0.366427644003777,0.360787172011662,0.375791139240506,0.361197110423117,0.36575123707737,0.361592459584161,0.369318181818182,0.377786226944621,0.379846211298208,0.368485095452687,0.422916666666667,0.412740294006785,0.413135593220339,0.418138987043581,0.427123746891761,0.405844155844156,0.380663856691254,0.389333662167861,0.3808717731697,0.380143112701252,0.388965517241379,0.39589319458466,0.404448938321537,0.425170068027211,0.422855858399715,0.416666666666667,0.416666666666667,0.429799426934097,0.427217928011075
"Raleigh, NC",41,,,,,,,,,,,,,,,,,,,,,,,,,,,0.729545099875156,0.752643603029349,0.70919175911252,0.711734693877551,0.699789686573828,0.642106055142032,0.698016164584864,0.646914662962442,0.70540450928382,0.725245098039216,0.844633774160732,0.850018024513338,0.836372617590488,0.770740410347904,0.749659863945578,0.756314214241044,0.757692307692308,0.778369565217391,0.754287598944591,0.796719858156028,0.863636363636364,0.880148592283629,0.843962203715567,0.82192513368984,0.837924407431134,0.804106526870007,0.857519788918206,0.8328,0.870206896551724,0.895450145208132,0.877106741573034,0.866408518877057,0.871794871794872,0.808189655172414,0.837568818105616,0.795454545454545,0.767317907655271,0.793315972222222,0.758474576271186,0.847400287347108,0.883339085843893,0.885830410465447,0.882055602358888,0.775435303079769,0.868311171422616,0.850988700564972,0.876761429525249,0.802457466918715,0.772222222222222,0.736434108527132,0.828125,0.825,0.875875875875876,0.883333333333333,0.885297184567258,0.885212410263651,0.923076923076923,0.894781864841745,0.877367896311067
"Salt Lake City, UT",42,,,,,,,,,,,,,,,,,,,,,,,,,,0.829070523236919,0.813156121496942,0.82089552238806,0.801282051282051,0.833333333333333,0.84190188172043,0.861329418849744,0.878378378378378,0.890804597701149,0.89622641509434,0.861111111111111,0.856,0.868421052631579,0.888157894736842,0.898357453754081,0.875,0.868421052631579,0.868421052631579,0.883846153846154,0.919540229885057,0.912162162162162,0.907291666666667,0.86875,0.849802371541502,0.873655913978495,0.873655913978495,0.887777777777778,0.887777777777778,0.886524822695035,0.914685494223363,0.928571428571429,0.949683544303797,0.944444444444444,0.925308641975309,0.917317073170732,0.934146341463415,0.943333333333333,0.936,0.836834733893557,0.876627290260366,0.926333333333333,0.941914794007491,0.894736842105263,0.911764705882353,0.972222222222222,0.965128390017226,0.928587962962963,0.978835978835979,0.936268068331143,0.939516129032258,0.983796296296296,1.0408488372093,1.06666666666667,1.07984293193717,1.11875,1.06476745771959,1.04758376949918,1.05555555555556,1.0628591954023,1.03963048498845
"Grand Rapids, MI",43,,,,,,,,,,,,,,0.676470588235294,0.67183257918552,0.624566574202497,0.625,0.638888888888889,0.661111111111111,0.68442054129077,0.695,0.689707104279186,0.704545454545455,0.658947368421053,0.682291666666667,0.7475,0.694722222222222,0.689599802371542,0.700441176470588,0.694722222222222,0.729166666666667,0.75,0.780357142857143,0.772222222222222,0.786190476190476,0.805214285714286,0.852941176470588,0.846153846153846,0.823529411764706,0.85,0.862446488487794,0.857142857142857,0.852941176470588,0.851363636363636,0.871710526315789,0.85,0.8109375,0.818181818181818,0.8984375,0.884615384615385,0.86875,0.852510838150289,0.87719298245614,0.866666666666667,0.903125,0.871428571428571,0.934831460674157,0.977364864864865,0.944444444444444,0.938888888888889,0.958333333333333,0.89247784925355,0.866666666666667,0.91421568627451,0.912132352941176,0.863888888888889,0.905882352941176,0.916666666666667,0.964285714285714,1.04659346846847,1.02460703592814,0.982986111111111,0.855555555555556,0.993340732519423,0.954134129168534,0.99375,0.967540574282147,1,1.02824295587453,1.09154929577465,1.08333333333333,1.1,1.10555555555556,1.0126582278481,1.04166666666667
"Tucson, AZ",44,,,,,,,,,,,,,,0.747126436781609,0.741666666666667,0.74375,0.75,0.79,0.812645348837209,0.826666666666667,0.818841687041565,0.763157894736842,0.761325782811459,0.755455850681981,0.74375,0.75,0.763429800917388,0.78119804400978,0.796465104440096,0.779569892473118,0.775708812260536,0.777777777777778,0.786796536796537,0.775555555555556,0.778644986449865,0.773809523809524,0.774159663865546,0.78125,0.790005096839959,0.794136333059272,0.793051359516616,0.789736842105263,0.793051359516616,0.833333333333333,0.833333333333333,0.818536585365854,0.790909090909091,0.803212851405622,0.823834196891192,0.807692307692308,0.771523178807947,0.766666666666667,0.775555555555556,0.777363184079602,0.78125,0.79582875960483,0.788751714677641,0.807692307692308,0.822784810126582,0.8,0.800300601202405,0.787878787878788,0.778752853881278,0.766650594664095,0.769230769230769,0.769230769230769,0.79582875960483,0.846153846153846,0.853441127694859,0.796850550015181,0.815926892950392,0.849001259157509,0.82010582010582,0.821287779237845,0.866141732283465,0.798994974874372,0.835654596100279,0.846153846153846,0.931122448979592,0.979895546427516,0.953126633901495,0.957831325301205,0.918154761904762,0.89367627785059,0.902350427350427
"Honolulu, HI",45,,,,,,,,,,,,,,,,,,1.83946488294314,1.81204710144928,1.76056338028169,1.84049079754601,1.80096221641574,1.81872537431048,2.07979626485569,2,1.98240574923832,2.03723909943391,2.20671936758893,2.21783047870004,2.23364700697209,2.16025641025641,2.16666666666667,2.19005270092227,2.23097112860892,2.18778390835161,2.23171936758893,2.17028985507246,2.14285714285714,2.29771925061091,2.26814516129032,2.164247477867,2.08868472121714,2.08333333333333,2.10843373493976,2.30179028132992,2.26515151515152,2.2,2.36024844720497,2.34375,2.19649122807018,2.3,2.3960113960114,2.5,2.3,2.45970664471825,2.57142857142857,2.55387071029529,2.44852540422697,2.4,2.4,2.38879736408567,2.39735755573906,2.35783881315156,2.34231517509728,2.34037558685446,2.25,2.33055555555556,2.325,2.40740740740741,2.35506993006993,2.65151515151515,2.35864135864136,2.39808153477218,2.33126293995859,2.38219895287958,2.5,2.36440677966102,2.39,2.35109717868339,2.43140243902439,2.44444444444444,2.4,2.49038461538462,2.44618395303327,2.41545893719807
"Fresno, CA",46,,,,,,,,,,,,,,,,,,,,,,,,,0.82739328985727,0.825986005089059,0.821590909090909,0.808452792881859,0.797933409873708,0.807381776239908,0.791172938043453,0.791666666666667,0.833333333333333,0.823529411764706,0.806794055201699,0.825242718446602,0.813636363636364,0.813636363636364,0.833333333333333,0.883333333333333,0.876623376623377,0.875,0.872222222222222,0.873609799291617,0.866666666666667,0.88961038961039,0.875,0.857142857142857,0.85,0.864455592716462,0.870031836461126,0.87396694214876,0.875,0.874125874125874,0.858369098712446,0.875,0.863636363636364,0.858596314062106,0.866336633663366,0.866841786219438,0.86875,0.858369098712446,0.866336633663366,0.882352941176471,0.897368421052632,0.874125874125874,0.863214188391316,0.880681818181818,0.886363636363636,0.910462962962963,0.843439911797133,0.894736842105263,0.86875,0.888063047527075,0.874915881561238,0.875,0.872919891640867,0.875,0.86875,0.888544891640867,0.925,0.975,0.944444444444444,0.958041958041958,0.944444444444444
"Bridgeport, CT",47,,,,,,,,,,,,,,,,,,,,,,,,,,,,,,,,,,,,,,,,,,1.38461538461538,1.36904761904762,1.36825728677621,1.33333333333333,1.33154876418417,1.34920634920635,1.3671875,1.35669913336912,1.41643059490085,1.41666666666667,1.42536297640653,1.38461538461538,1.40625,1.3713682941531,1.30769230769231,1.31428571428571,1.27777777777778,1.37627551020408,1.39444444444444,1.3855320577375,1.36055121349239,1.33333333333333,1.32265041721563,1.35928858722976,1.4367816091954,1.54,1.50925024342746,1.52714932126697,1.55075187969925,1.55127764585986,1.49863760217984,1.36961285609934,1.46520146520147,1.37466063348416,1.45654712350391,1.48183174224344,1.43567769897557,1.53457111941767,1.566,1.53994225216554,1.58730158730159,1.54545454545455,1.5,1.36911281489595
"Albuquerque, NM",48,,,,,,,,,,,,,,,,,,,,,,0.866666666666667,0.84,0.808621933621934,0.780833333333333,0.795880149812734,0.798882681564246,0.827380952380952,0.866666666666667,0.861148197596796,0.86875,0.835576923076923,0.895085339317286,0.891304347826087,0.885793018983466,0.871974616292798,0.880281690140845,0.871889526934646,0.846660395108184,0.902777777777778,0.831202046035806,0.812094155844156,0.786026200873362,0.792857142857143,0.8125,0.8,0.793333333333333,0.810982905982906,0.78196872125115,0.772727272727273,0.773460410557185,0.785714285714286,0.78125,0.792307692307692,0.785714285714286,0.814814814814815,0.78125,0.780625,0.795,0.795,0.785714285714286,0.815740740740741,0.827845719661336,0.8125,0.814783050632107,0.818181818181818,0.846153846153846,0.833333333333333,0.847272727272727,0.846660395108184,0.857012514220705,0.846660395108184,0.833333333333333,0.832409031591949,0.8536935193534,0.886752136752137,0.875,0.856115107913669,0.835385878489327,0.900626535626536,0.924924262302903,0.946427806570437,0.9375,0.916666666666667,0.905505952380952
"Omaha, NE",49,,,,,,,,,,,,,,,,,,,,,,,,,,,,,,,,,,,,,,,,,,,,,,,,,,,,,,,,,,,,,,,,,0.772222222222222,0.825,0.780860805860806,0.793333333333333,0.825,0.805124961431657,0.825,0.775,0.833333333333333,0.85,0.830372807017544,0.792857142857143,0.825,0.847605224963716,1,0.998888888888889,0.87482782369146,0.91304347826087,0.935294117647059,0.879501385041551,0.90188679245283
"New Haven, CT",50,,,,,,,,,,,,,,,,,,,,,,,,,,,,,,,,,,,,,,,,,,,,,,,,1.00020008003201,0.989505494505495,0.975,0.96875,0.941176470588235,0.85989361802015,0.874125874125874,0.869565217391304,0.905292479108635,0.925925925925926,0.909947464595706,0.957446808510638,0.923076923076923,0.87220602526725,0.849382716049383,0.82693673146644,0.76575682382134,0.762466613247863,0.791666666666667,0.820324817036774,0.889005113900511,0.939306358381503,0.953516090584029,0.9279091094355,1,0.933333333333333,0.928571428571429,0.894243117000409,0.905292479108635,0.888888888888889,0.916666666666667,0.966517857142857,0.982142857142857,0.981502453756134,0.882352941176471,0.870967741935484,0.818181818181818,0.828729281767956
"Knoxville, TN",51,,,,,,,,,,,,,,,,,,,,,,,,,,,,,,,,,,,,,,,,,,,,,,,,,,,,,,,,,,,,,,,,,,,,,,,,,,0.641379310344828,0.720651747153514,0.726693802521008,0.75,0.734176305465368,0.680555555555556,0.741990982439487,0.732259530850384,0.751674107142857,0.784438775510204,0.821449481431917,0.783482142857143
"Allentown, PA",52,,,,,,,,,,,,,,,,,,,,0.852701674207622,0.845219228737454,0.895,0.941208871152127,0.911266909137315,0.90625,0.869642857142857,0.870535714285714,0.942857142857143,1,0.890919328419328,0.872747747747748,0.96875,0.944359367023992,0.901400862068966,0.917721518987342,0.881944444444444,0.898148148148148,0.925,0.933333333333333,0.895,0.889444444444444,0.9375,0.94327485380117,0.95,0.991875,0.983446624823241,0.951666666666667,0.875,0.889655172413793,0.908732476635514,0.911764705882353,0.923076923076923,0.925,0.888888888888889,0.928174603174603,0.925925925925926,0.925925925925926,0.915172413793103,0.966517857142857,1,0.935754189944134,0.907821229050279,0.96875,0.945408342096039,0.995,0.981420972644377,0.936397058823529,1.00990853658537,0.992301829268293,1,0.961538461538462,0.961538461538462,0.927643784786642,0.984375,0.9,0.96875,1,1,1.05,1.15625,1.02777777777778,1.05992063492063,1.06339285714286,1.02678571428571,1.06666666666667
"El Paso, TX",53,,,,,,,,,,0.684351276742581,0.711401641046946,0.676818950930626,0.676638176638177,0.665071770334928,0.676767700641941,0.728940217391304,0.710227272727273,0.717821782178218,0.729613733905579,0.714066339066339,0.729166666666667,0.763056491504767,0.736793327154773,0.717592592592593,0.718232044198895,0.730810797225294,0.727334712686918,0.784132841328413,0.778686923918138,0.730868443680138,0.750750750750751,0.753119429590018,0.752971258082336,0.754310344827586,0.758885941644562,0.745596996603153,0.73955792241013,0.728699551569507,0.749583333333333,0.743174924165824,0.725138121546961,0.727272727272727,0.731528895391368,0.74375,0.755555555555556,0.75,0.75,0.753768844221106,0.772432535762751,0.751445086705202,0.761776753712238,0.745738636363636,0.735912531539109,0.762476894639556,0.742698127446215,0.757575757575758,0.776338718341784,0.776674387659553,0.77319587628866,0.774127342232249,0.76735822246872,0.765672375520224,0.766666666666667,0.75683545889195,0.766666666666667,0.751995089011664,0.747679169961963,0.749974040358589,0.723145983850404,0.730698529411765,0.774117626624053,0.744416873449132,0.743647552606205,0.75944170771757,0.754261596413916,0.778301886792453,0.747542041292041,0.73877130960603,0.74036822898883,0.771749298409729,0.758823529411765,0.767520522955306,0.795135640785781,0.782122905027933,0.762869952345122
"Bradenton, FL",54,,,,,,,1.10645933014354,1.02925243770314,1.00431200500112,1.0608598548297,1.07358468931961,1.04018912529551,1.10756192959583,1.20886501007388,1.18149148308817,1.16589906145704,1.09364319890636,1.17656655896539,1.11683168018512,1.03950407604305,1.02605479028014,1.03972504763621,1.04302477183833,1.0423457192525,1.02417605805092,1.02156640181612,1.04688211197087,1.01457155284906,1.00362610797744,1.01674641148325,1.02095475280593,1.02678571428571,1.0220320855615,1.07608715994086,1.25,1.31578947368421,1.33572703556787,1.16487455197133,1.17194674012856,1.19521912350598,1.3,1.12914608327452,1.1,1.12167609682026,1.29097105791983,1.25989920806335,1.22734203843033,1.21633857588914,1.37732730538782,1.36697065820777,1.5317634905769,1.3877874702617,1.33744855967078,1.40041493775934,1.27970460911637,1.21951219512195,1.25,1.28923766816144,1.22555880675216,1.22313505565339,1.2300435413643,1.1875,1.32492113564669,1.27485795454545,1.43137254901961,1.45264381173736,1.38532038365725,1.28600823045267,1.30841121495327,1.23694374931999,1.15125240847784,1.17030201342282,1.14661214953271,1.30372807017544,1.44114849064626,1.24148280337443,1.19632451502402,1.17263893415906,1.17697921193684,1.19907407407407,1.23203285420945,1.28624528266105,1.30378096479791,1.32827698079397,1.3142986777288
"Little Rock, AR",55,,,,,,,,,,,,,,,,,,,,,,,,,,,,,,,,,,,,,,,,,,,,,,,,,,,,,,,,,,,,,,,,,,,,,,,,,0.696969696969697,0.722222222222222,0.686107698607699,0.694883410591375,0.701731601731602,0.681306306306306,0.65625,0.65,0.676301301301301,0.680019668990257,0.677204353674942,0.673131955484897,0.666666666666667
"Colorado Springs, CO",56,,,,,,,,,,,,,0.795053003533569,0.785714285714286,0.825,0.833333333333333,0.833333333333333,0.826388888888889,0.82,0.826388888888889,0.85,0.804328733883819,0.764705882352941,0.857142857142857,0.811120621627126,0.792517006802721,0.838405797101449,0.808423913043478,0.787878787878788,0.790606060606061,0.782268578878748,0.829759490002898,0.821523415977961,0.8,0.782268578878748,0.825,0.843478260869565,0.833333333333333,0.84375,0.822589285714286,0.832051282051282,0.814211695040711,0.817647058823529,0.843478260869565,0.862068965517241,0.853018372703412,0.858024691358025,0.867708333333333,0.853571428571429,0.85,0.86875,0.874057788944724,0.86875,0.9,0.900581395348837,0.933333333333333,0.933333333333333,0.909090909090909,0.933333333333333,0.918635170603675,0.94140642303433,0.96551724137931,0.941176470588235,0.940952380952381,0.95163502654827,1,1.0093896713615,0.9375,0.921538461538462,0.93922619047619,0.940952380952381,0.996875,0.967413441955194,0.985631084116815,1,1,1,1,1.02402464633068,1,1,1,1.02597402597403,1.03225806451613,1.03427300948066
"Springfield, MA",57,,,,,,,,,,,,,,,,,,,,,,,,,,,,,,,,,,,,,,,,,,,,,,,,,,,,,,,,,,,,,,,,,,,,,,,,,,0.825518249699755,0.909577574459801,0.91336545324768,0.892857142857143,0.977991452991453,0.9375,0.994017094017094,1.04090909090909,1,1,0.997222222222222,1
"Fort Myers, FL",58,,,,,,,,,,,,,,,,,,,,,,,,,,,,,,,,,,,,,,,,,,,,,,,,,,,,,,,,,,,,,,,,,,,,,,,,,0.968783638320775,0.982186984987932,1.02272727272727,1.01773811546264,0.992527956888764,1.00120918984281,1.05165525114155,1.06666666666667,1.06060606060606,1.05714285714286,1.06131407533277,1.0625,1.05769230769231
"Boise, ID",59,,,,,,,,,,,,,,,,,0.620025887573964,0.626315789473684,0.631818181818182,0.659090909090909,0.65,0.644329896907217,0.661111111111111,0.66010101010101,0.65,0.644329896907217,0.631126482213439,0.638888888888889,0.65,0.630434782608696,0.65,0.659545454545455,0.666666666666667,0.676073131955485,0.694444444444444,0.694444444444444,0.68361267082381,0.69066091954023,0.695,0.695,0.675337837837838,0.684807692307692,0.694444444444444,0.695,0.725,0.725082781456954,0.75,0.746628006872852,0.740300797155474,0.747422680412371,0.748711340206186,0.75,0.753012048192771,0.775,0.775,0.7864269876465,0.775,0.75,0.77409793814433,0.768849206349206,0.770416666666667,0.775,0.753012048192771,0.764299802761341,0.764705882352941,0.775,0.785714285714286,0.775,0.725,0.806003584229391,0.826312785388128,0.825,0.784023668639053,0.825,0.806003584229391,0.831589958158996,0.825,0.835,0.85,0.861111111111111,0.882352941176471,0.875,0.895,0.895,0.895
"Ogden, UT",60,,,,,,,,,,,,,,,,,,,,,,,,,,,,,,,,,,,,,,,,,,,,,,,,,,,,,,,,,,,,,,,,,,,,,,0.766666666666667,0.767518939393939,0.765647163120567,0.773745819397993,0.864063629790311,0.744425087108014,0.737660944206009,0.833333333333333,0.870647969052224,0.866336633663366,0.863723872387239,0.842222222222222,0.814175407925408,0.866666666666667,0.8,0.837121212121212
"Palm Coast, FL",61,,,,,,,,,,,,,,,,,,,,,,,,,,,,,,,,,,,,0.953389830508475,0.925403225806452,0.92362600536193,0.909138907554958,0.956810198186667,0.91374269005848,0.891472868217054,0.905182072829132,0.95047619047619,0.954861111111111,1,1,0.892160611854685,0.900639163277164,0.944444444444444,1.02941176470588,1.02606951871658,1,0.9875,1.04761904761905,0.980392156862745,0.879058441558442,0.958333333333333,0.979555647161671,0.99520640597831,0.915384615384615,0.966021583901331,1.01043873191398,0.986725663716814,0.981462453977224,1,0.999474237644585,1.01670297748729,0.978952520802741,0.974658869395711,0.968223332758918,1.01020408163265,0.968823807552941,0.89628681177977,0.944444444444444,0.929054054054054,0.981083415597236,1.02205882352941,1.05458537581699,1.07142857142857,1.11727503262611,1.06923076923077,1.06770833333333,1.07317073170732,1.10379704042245
"Harrisburg, PA",62,,,,,,,,,,,,,,,,,,,,,,,,,,,,,0.825,0.849207317073171,0.826656626506024,0.757819001386963,0.71875,0.739450549450549,0.738655124395251,0.718816897388326,0.808088235294118,0.783763440860215,0.774193548387097,0.794444444444444,0.758547008547009,0.799005681818182,0.755555555555556,0.7763671875,0.754672897196262,0.833333333333333,0.852380952380952,0.832835820895522,0.828313253012048,0.800619834710744,0.826446280991736,0.816727827803133,0.74896694214876,0.802777777777778,0.888888888888889,0.808823529411765,0.810866013071895,0.768386388583974,0.784313725490196,0.769230769230769,0.828313253012048,0.829166666666667,0.837784168720898,0.77705033714913,0.825757273017903,0.847339466835867,0.925192445399212,0.958333333333333,0.875,0.916666666666667,0.875,0.833333333333333,0.856469298245614,0.787593984962406,0.86875,0.820610882956879,0.933333333333333,0.929172510518934,0.887977489442204,0.833333333333333,0.966666666666667,0.884645358824749,0.901930977814297,0.892857142857143,0.833333333333333
"Palm Bay, FL",63,0.711373808133878,0.729571984435798,0.733880480406875,0.722727272727273,0.715131791720569,0.676663937036531,0.704225352112676,0.717120428084206,0.666381088264839,0.674790332680593,0.714285714285714,0.711743772241993,0.713399503722084,0.694281045751634,0.681981335247667,0.675675675675676,0.691754288876591,0.702730943381623,0.703720023932343,0.693836357454175,0.709448638755434,0.702388410336727,0.6875,0.677790100904663,0.677790100904663,0.702846975088968,0.676379504504504,0.678004184347006,0.702846975088968,0.722727272727273,0.739583333333333,0.751476113794954,0.795,0.751476113794954,0.77145612343298,0.751476113794954,0.794630462258873,0.798403193612774,0.78740157480315,0.758097863542385,0.750738056897477,0.752314814814815,0.77531343625365,0.801011804384486,0.833995760466349,0.834955821910281,0.827920495683654,0.840115515883434,0.866152566985198,0.838662409104508,0.854020947341717,0.844218324250681,0.856920338228749,0.914790996784566,0.914790996784566,0.914790996784566,0.914790996784566,0.914790996784566,0.912996777658432,0.914790996784566,0.914790996784566,0.914790996784566,0.906976744186046,0.912996777658432,0.914790996784566,0.9125,0.915649278579356,0.912996777658432,0.9125,0.906344410876133,0.899280575539568,0.912748388829216,0.914790996784566,0.9,0.929876033057851,0.917431192660551,0.916953426749043,0.940343781597573,1.00060642813827,1.02742769592073,1.02689486552567,1,1,0.957635529632281,0.935416666666667
"Fayetteville, AR",64,,,,,,,,,,,,,,,,,,,,,,,,,,,,,,,,,,,,,,,,,,,,,,,,,,,,,,,,,,0.797101449275362,0.690056285178236,0.661111111111111,0.629353516958798,0.639285714285714,0.639285714285714,0.643181818181818,0.636363636363636,0.670833333333333,0.699162011173184,0.68125,0.716865079365079,0.706214689265537,0.760489510489511,0.698924731182796,0.753787878787879,0.706214689265537,0.715333822450477,0.713975326046041,0.722137086903305,0.731209150326797,0.730868443680138,0.78125,0.727272727272727,0.78125,0.795593635250918,0.78125,0.766511504369004
"Pensacola, FL",65,,,,,,,,,,,,0.571350847194155,0.608119304059652,0.608670774647887,0.598152323504436,0.596491228070175,0.560636561479869,0.626819604774017,0.640032679738562,0.60182102717314,0.605050505050505,0.599808061420345,0.605882352941176,0.597803237334454,0.595,0.627966093945739,0.603782954135067,0.621052631578947,0.641176470588235,0.647279516358464,0.656213450292398,0.661111111111111,0.691304347826087,0.676470588235294,0.662662853094373,0.705751050420168,0.705751050420168,0.705751050420168,0.710526315789474,0.706994047619048,0.674273858921162,0.666666666666667,0.666666666666667,0.674273858921162,0.703624078624079,0.680985133287765,0.684210526315789,0.717033662363958,0.722222222222222,0.716845878136201,0.720338983050847,0.684210526315789,0.684210526315789,0.717453278428888,0.727777777777778,0.727777777777778,0.742842741935484,0.720486111111111,0.738150738150738,0.71875,0.75,0.739720444390774,0.75,0.726141078838174,0.772727272727273,0.775813609467456,0.773863636363636,0.75,0.761217948717949,0.804856115107914,0.738150738150738,0.78125,0.764705882352941,0.756756756756757,0.792682926829268,0.754411764705882,0.801620733971155,0.776915496427692,0.770509977827051,0.770509977827051,0.782608695652174,0.78125,0.811298076923077,0.806451612903226,0.794117647058823
"Springfield, MO",66,,,,,,,,,,,,,,,,,,,,,,,,,,,,,,,,,,,,,,,,,,,,,,,,,,,,,,,,,,,,,,,,,,,,,,,,,,0.566666666666667,0.635210803689065,0.634057971014493,0.583552631578947,0.609756097560976,0.626315789473684,0.635930047694754,0.613636363636364,0.626785714285714,0.632938076416337,0.61875,0.6
"Reno, NV",67,,,,,0.658204043253409,0.701805863854976,0.697980684811238,0.697980684811238,0.75043630017452,0.744047619047619,0.730140186915888,0.755987380856491,0.761538461538461,0.750980392156863,0.744360902255639,0.777777777777778,0.762411347517731,0.779359430604982,0.762797619047619,0.776143790849673,0.75,0.75,0.795833333333333,0.813609467455621,0.825,0.808035714285714,0.818181818181818,0.828645833333333,0.828645833333333,0.794148606811146,0.825,0.810416666666667,0.813953488372093,0.816086065573771,0.841346153846154,0.88339222614841,0.875,0.863636363636364,0.866666666666667,0.85,0.844695378151261,0.859375,0.857142857142857,0.857738095238095,0.826666666666667,0.854166666666667,0.877777777777778,0.89041095890411,0.892857142857143,0.882687927107061,0.868421052631579,0.890208333333333,0.868055555555556,0.897044836956522,0.912878787878788,0.94375,0.915071770334928,0.925925925925926,0.920526315789474,0.893796992481203,0.942188474377316,0.952380952380952,0.976445578231293,0.959935897435897,0.942028985507246,0.93984962406015,0.95,0.932,0.990019379844961,0.991666666666667,1.0231110815809,1.0125,1.0159165751921,1.00593834231806,0.96921322690992,1.02739726027397,0.954545454545455,1.07291666666667,1.0691297795714,1.03846153846154,1.15008012820513,1.14182692307692,1.14953416149068,1.13333333333333,1.13333333333333
"Port Saint Lucie, FL",68,,,,,,,,,,,,,,,,,,,,,,0.926990169266021,0.818604651162791,0.805555555555556,0.83984375,0.87719298245614,0.875,0.966806316467934,0.935228193166767,0.986382567321961,0.970677451971689,1.00355640415019,1.00208768267223,1.00104384133612,1.00355640415019,1.01278839274495,1.00104384133612,0.966190731701641,1.00208768267223,0.998263888888889,1.00804974104113,0.988782124725664,0.983606557377049,0.991735537190083,1.03806228373702,1.03542234332425,1.04006163328197,1.09485548980547,1.10898661567878,1.02040816326531,1.03571428571429,1.1,1.08837898529837,1.09035326086957,1.08695652173913,1.07255088145885,1.03458942632171,1.04936051159073,1.04563492063492,1.04813664596273,1.02409638554217,1.06976744186047,1.0707635009311,1.12312733204583,1.12406015037594,1.11892583120205,1.07142857142857,1.08695652173913,1.06580829756795,1.15162037037037,1.10558319513543,1.10804222783389,1.10062893081761,1.12676056338028,1.08055009823183,1.12353286384977,1.12244897959184,1.08695652173913,1.11570247933884,1.14668059737264,1.16822429906542,1.14761476147615,1.15932629317211,1.17446129770073,1.15
"Huntsville, AL",69,,,,,,,,,,,,,,,,,,,,,,,,,,,,,,,0.611111111111111,0.617003532182104,0.638297872340426,0.617003532182104,0.618622448979592,0.672357723577236,0.665657556073048,0.698441926345609,0.715555555555556,0.715555555555556,0.638297872340426,0.653266331658292,0.638297872340426,0.658307468797464,0.647014051522248,0.638297872340426,0.638297872340426,0.601932367149759,0.605393505778756,0.611111111111111,0.612726222564497,0.65,0.647058823529412,0.715488215488216,0.715488215488216,0.715488215488216,0.644963144963145,0.675,0.675,0.675,0.691896223146223,0.667708333333333,0.656455142231947,0.702702702702703,0.715488215488216,0.705765198015705,0.657109659590504,0.653266331658292,0.657894736842105,0.636479591836735,0.636363636363636,0.678409090909091,0.714285714285714,0.659299832495812,0.676784249384742,0.633870593692022,0.650682382133995,0.651633165829146,0.654761904761905,0.658536585365854,0.666666666666667,0.679851668726823,0.674603174603175,0.669642857142857,0.649675324675325
"Manchester, NH",70,,,,,,,,,,,,,,1.17342657342657,1.12517605633803,1.125,1.1875,1.19879518072289,1.18138505402161,1.21224358974359,1.25468822843823,1.16608124253286,1.13168724279835,1.13168724279835,1.16760563380282,1.08921161825726,1.07625786163522,1.09950657894737,1.09950657894737,1.07497004377277,1.19927971188475,1.14705882352941,1.16076603135427,1.19927971188475,1.17403314917127,1.19048492636491,1.20192307692308,1.16666666666667,1.11052384308198,1.08921161825726,1.09903314917127,1.12517605633803,1.11434328752643,1.12372448979592,1.20072288843335,1.13405405405405,1.10995850622407,1.13506493506494,1.12244897959184,1.16666666666667,1.16515151515152,1.15270093902879,1.15558867362146,1.23314285714286,1.24,1.22328931572629,1.24,1.21986882716049,1.25113037647284,1.20947368421053,1.22676376770804,1.25,1.16457142857143,1.10822222222222,1.1477380952381,1.12903225806452,1.18373630739543,1.27791116446579,1.2796368547419,1.31034482758621,1.23636363636364,1.15847784200385,1.28750473619399,1.28676470588235,1.23809523809524,1.22714285714286,1.11215409901729,1.125,1.13188244047619,1.13095238095238,1.08333333333333,1.12244897959184,1.18465909090909,1.05994152046784,1
"Salem, OR",71,,,,,,,,,,,,,,,,,,,,,,,,,,,,,,,,,,,,,,,,,,,,,,,,,,,,,,,,,,,,,,,,,,,,,,0.999444444444444,1.00574712643678,0.985294117647059,0.96984126984127,1.00188501413761,0.975846443228454,0.995,1.02577319587629,1.02901350598719,1.04838709677419,1.07139132994155,1.07058823529412,1.0194736184046,1.06818181818182,1.08974358974359,1.10208333333333
"Anchorage, AK",72,,,,,,,,,,,,,,,,,,,,,,,,,,,,,,,,,,,,,,,,,,,,,,,,,,,,,,,,,,,,,,,,,,,,,,,,,,1.06581142568251,0.987068965517241,1.11764705882353,1.095,1,1.04166666666667,1.16682942708333,1.09429569266589,1.1,1.05555555555556,1.03113026819923,1.0262891809909
"Davenport, IA",73,,,,,,,,,,,,,,,,,,,,,,,,,,,,,,,,,,,,,,,,,,,,,,,,,,,0.892857142857143,0.9,0.853354978354978,0.811688311688312,0.895,0.937691482843137,0.85879197761194,0.868876689189189,0.79093799682035,0.834800469483568,0.833333333333333,0.805149711399711,0.821149918300654,0.811688311688312,0.824652777777778,0.824652777777778,0.832407407407407,0.915384615384615,0.817647058823529,0.812669683257919,0.843326885880077,0.831486095730282,0.820049813200498,0.840909090909091,0.901639344262295,0.854321214050433,0.789473684210526,0.78125,0.863636363636364,0.848490712074303,0.80507662835249,0.8125,0.874833823117828,0.802951388888889,0.757352941176471
"Tallahassee, FL",74,,,,,,,,,,,,,,,,,,0.665833333333333,0.769230769230769,0.808423913043478,0.826650215916101,0.782907525687309,0.738406675111527,0.721524616752995,0.721524616752995,0.740397539288668,0.75,0.706214689265537,0.758137796181274,0.793650793650794,0.785310734463277,0.75,0.762666140281616,0.760626398210291,0.733752620545073,0.733752620545073,0.742917586460633,0.72827417380661,0.723684210526316,0.733333333333333,0.770777479892761,0.740131578947368,0.740131578947368,0.737758286698235,0.754716981132076,0.724900421435403,0.740740740740741,0.708333333333333,0.732377738485424,0.761964906562364,0.806451612903226,0.787503676831062,0.804375804375804,0.807886557886558,0.807754442649435,0.811886208368915,0.822368421052632,0.801282051282051,0.804093567251462,0.801282051282051,0.783539377289377,0.794117647058823,0.8,0.800641025641026,0.807692307692308,0.809786354238456,0.808080808080808,0.8,0.804455445544555,0.806073876618431,0.81919589596755,0.813858301941466,0.781893004115226,0.85,0.827991452991453,0.858832465277778,0.790270744059213,0.784749034749035,0.820698362939742,0.874125874125874,0.844642857142857,0.881958517001971,0.899342839213499,0.872093023255814,0.859605911330049
"Fort Collins, CO",75,,,,,,,,,,,,,,,,,,,,,,,,,,,,,,,,,,,,,,,,,,,,,,,,,,,,,,,,,,,,,,,,,,,,,,1.12612612612613,1.16489361702128,1.1547619047619,1.2,1.1155368114131,1.18632420091324,1.08040201005025,1.10356536502547,1.06619769119769,1.09375,1.23631241141123,1.22222222222222,1.18272935779817,1.20526315789474,1.11584084084084,1.09569028487947
"Boulder, CO",76,,,,,,,,,,,,,,,,,,,,,,,,,,,,,,,,,,,,,,,,,,,,,,,,,,,,,1.74157303370787,1.99615384615385,2.08333333333333,2.11041666666667,2.00089106425703,1.99270833333333,1.94072879330944,1.72512594458438,1.88679245283019,1.76199592883101,1.70688699508072,1.8,1.77813706997215,1.74846625766871,1.8011961722488,1.8486334571352,1.90909090909091,1.88394875659382,1.72632129774987,1.72,1.61557577794852,1.84375,1.77404295051354,1.75824175824176,1.83,1.93664423984891,1.99451303155007,2,1.99285714285714,1.90883190883191,1.9375,1.82778195488722,1.67708333333333
"Norwich, CT",77,,,,,,,,,,,,,,,,,,,,,,,,,,,,,,,,,,0.850785340314136,0.877458592132505,0.868421052631579,0.9,0.961538461538462,1.02439024390244,1,1.05519480519481,1.04166666666667,1.02124744376278,1.02,0.969145569620253,1.03333333333333,1.04868421052632,1.02564102564103,0.919377725623356,0.909757653061224,0.943396226415094,0.948529411764706,0.892857142857143,0.925925925925926,0.942559523809524,0.978260869565217,0.99889012208657,0.995824579831933,0.996875,1,1,1,0.932017543859649,0.966666666666667,1,1.00841838881475,1.02040816326531,1,1,0.9375,0.94375,1.02769177846577,0.915064102564103,0.880639097744361,0.875,0.886689189189189,1,0.916079812206573,1.0437091503268,0.916666666666667,0.902777777777778,1,0.974025974025974,0.95,0.90599173553719
"Prescott, AZ",78,,,,,,,,,,,,,,,,,,,,,,0.678571428571429,0.655781718281718,0.66025641025641,0.651236263736264,0.653846153846154,0.661536069651741,0.625,0.659722222222222,0.666666666666667,0.676136363636364,0.6875,0.670758928571429,0.641511867905057,0.651041666666667,0.635964912280702,0.611650485436893,0.663265306122449,0.622171945701357,0.623585972850679,0.707142857142857,0.726744186046512,0.724643769323834,0.707142857142857,0.707317073170732,0.731060606060606,0.75,0.75,0.73270024772915,0.755208333333333,0.752747252747253,0.757147141143543,0.805555555555556,0.805555555555556,0.759803921568627,0.78125,0.743243243243243,0.753787878787879,0.772668935052531,0.804455445544555,0.829437229437229,0.752747252747253,0.75,0.796332046332046,0.713544403573305,0.664772727272727,0.703624078624079,0.712834176300578,0.772727272727273,0.789218243840703,0.78125,0.91375,0.819686411149826,0.875495543831411,0.840336134453782,0.900493421052632,0.819327731092437,0.856158088235294,0.867052023121387,0.856793145654835,0.885840502208789,0.941176470588235,0.921908893709328,0.913793103448276,0.902970452018266
"Billings, MT",79,,,,,,,,,,,,,,,,,,,,,,,,,,,,,,,,,,,,,,,,,,,,,,,,,,,0.821428571428571,0.818609022556391,0.821428571428571,0.808618127786033,0.766666666666667,0.767955801104972,0.837458745874587,0.868990384615385,0.836363636363636,0.856118295019157,0.85,0.85,0.82,0.85,0.85,0.892708333333333,0.9,0.917238229543925,0.863636363636364,0.883967539552646,0.863636363636364,0.817307692307692,0.83452380952381,0.824603174603175,0.80959595959596,0.851136363636364,0.798611111111111,0.846052631578947,0.825,0.819090909090909,0.826666666666667,0.89104609929078,0.84,0.847313854853911,0.845454545454545
