"Date","RegionName","State","SizeRank","Zri","MoM","QoQ","YoY","ZriRecordCnt"
2017-09-30,"United States",,0,1559,0.0019280205655527,0.00645577792123951,0.0143135979180221,15208645
2017-09-30,"New York, NY","NY",1,2335,-0.000428082191780822,0.00300687285223368,0.0043010752688172,1570215
2017-09-30,"Los Angeles-Long Beach-Anaheim, CA","CA",2,2466,0.0016246953696182,0.00776460972619534,0.0378787878787879,851605
2017-09-30,"Chicago, IL","IL",3,1551,0.000645161290322581,0.00845253576072822,-0.00193050193050193,859293
2017-09-30,"Dallas-Fort Worth, TX","TX",4,1376,0.00364697301239971,0.0117647058823529,0.0345864661654135,145332
2017-09-30,"Philadelphia, PA","PA",5,1231,0.000813008130081301,0.00407830342577488,-0.00243111831442464,528251
2017-09-30,"Houston, TX","TX",6,1282,0,-0.00388500388500389,-0.0302571860816944,120980
2017-09-30,"Washington, DC","DC",7,1924,0.00156168662155128,0.00732984293193717,0.0153034300791557,664629
2017-09-30,"Miami-Fort Lauderdale, FL","FL",8,1597,0.0006265664160401,-0.000625782227784731,-0.00869025450031037,1150339
2017-09-30,"Atlanta, GA","GA",9,1347,0.00297840655249442,0.0150715900527506,0.0377503852080123,168957
2017-09-30,"Boston, MA","MA",10,2242,0.000892857142857143,0.00133988387673068,0.0260869565217391,558091
2017-09-30,"San Francisco, CA","CA",11,3002,-0.000333000333000333,0.00100033344448149,-0.0102209033959776,294847
2017-09-30,"Detroit, MI","MI",12,1323,0.00761614623000762,0.0232018561484919,0.0303738317757009,218861
2017-09-30,"Riverside, CA","CA",13,1706,0.00589622641509434,0.0227817745803357,0.0729559748427673,142519
2017-09-30,"Phoenix, AZ","AZ",14,1189,0.00422297297297297,0.0145051194539249,0.0223559759243336,227265
2017-09-30,"Seattle, WA","WA",15,1877,0.00697424892703863,0.0228882833787466,0.0451002227171492,226837
2017-09-30,"Minneapolis-St Paul, MN","MN",16,1389,0.00144196106705119,0.00288808664259928,0.0228276877761414,200802
2017-09-30,"San Diego, CA","CA",17,2242,0.0049305244285074,0.0144796380090498,0.056550424128181,239039
2017-09-30,"St. Louis, MO","MO",18,940,0.00106496272630458,0.00106496272630458,0.010752688172043,113460
2017-09-30,"Tampa, FL","FL",19,1204,0.000831255195344971,0.00333333333333333,0.00837520938023451,251352
2017-09-30,"Baltimore, MD","MD",20,1583,-0.00126182965299685,-0.00126182965299685,-0.00440251572327044,105074
2017-09-30,"Denver, CO","CO",21,1667,0.00361228175797712,0.014607425441266,0.0373366521468575,188872
2017-09-30,"Pittsburgh, PA","PA",22,1075,-0.00370713623725672,-0.0110395584176633,-0.0191605839416058,102171
2017-09-30,"Portland, OR","OR",23,1535,0.000651890482398957,-0.000651041666666667,-0.00839793281653747,89931
2017-09-30,"Charlotte, NC","NC",24,1222,0.00576131687242798,0.0141078838174274,0.032967032967033,79688
2017-09-30,"Sacramento, CA","CA",25,1484,0.010211027910143,0.0255701451278507,0.0879765395894428,68538
2017-09-30,"San Antonio, TX","TX",26,1148,0.00174520069808028,0.00262008733624454,0.0213523131672598,22646
2017-09-30,"Orlando, FL","FL",27,1174,0.00427715996578272,0.0164502164502165,0.0380194518125553,150103
2017-09-30,"Cincinnati, OH","OH",28,1043,0.00675675675675676,0.0235525024533857,0.0336967294350842,87245
2017-09-30,"Cleveland, OH","OH",29,910,0.00220264317180617,0.0111111111111111,-0.00219298245614035,102219
2017-09-30,"Kansas City, MO","MO",30,1029,0.00292397660818713,0.0137931034482759,0.0341708542713568,62730
2017-09-30,"Columbus, OH","OH",31,1117,0.00359389038634322,0.0191605839416058,0.0257116620752984,118473
2017-09-30,"Indianapolis, IN","IN",32,1027,0.00195121951219512,0.0158259149357072,0.0208747514910537,62411
2017-09-30,"San Jose, CA","CA",33,3119,0.00224935732647815,0.00840607824118978,0.00515630035449565,107824
2017-09-30,"Austin, TX","TX",34,1534,-0.000651465798045603,-0.000651465798045603,-0.0032488628979857,74326
2017-09-30,"Virginia Beach, VA","VA",35,1235,0,-0.0024232633279483,-0.00322841000807102,99707
2017-09-30,"Nashville, TN","TN",36,1422,0,0.0049469964664311,0.00779588944011339,63698
2017-09-30,"Providence, RI","RI",37,1335,0.00602863602110023,0.0198624904507257,0.0364906832298137,122785
2017-09-30,"Milwaukee, WI","WI",38,943,0.00425985090521832,-0.00105932203389831,0.00106157112526539,103732
2017-09-30,"Jacksonville, FL","FL",39,1184,0,0.00084530853761623,0.00680272108843537,62307
2017-09-30,"Memphis, TN","TN",40,1131,0,0.00622775800711744,0.00354924578527063,41794
2017-09-30,"Oklahoma City, OK","OK",41,785,0,0.00127551020408163,0.00383631713554987,10739
2017-09-30,"Louisville-Jefferson County, KY","KY",42,1055,0.00860420650095602,0.0252672497570457,0.0571142284569138,50390
2017-09-30,"Hartford, CT","CT",43,1292,0,0,0.0117462803445576,95454
2017-09-30,"Richmond, VA","VA",44,1231,0.0032599837000815,0.00819000819000819,0.00571895424836601,36521
2017-09-30,"New Orleans, LA","LA",45,1400,-0.0140845070422535,-0.024390243902439,-0.0168539325842697,40690
2017-09-30,"Buffalo, NY","NY",46,810,0.00496277915632754,0.0125,0.026615969581749,59899
2017-09-30,"Raleigh, NC","NC",47,1191,0,-0.00584307178631052,0.00761421319796954,23308
2017-09-30,"Birmingham, AL","AL",48,993,-0.00100603621730382,-0.00301204819277108,0.00303030303030303,16338
2017-09-30,"Salt Lake City, UT","UT",49,1391,0.00143988480921526,0.00943396226415094,0.0318991097922849,70987
2017-09-30,"Rochester, NY","NY",50,887,-0.0111482720178372,-0.0316593886462882,0.0172018348623853,24114
2017-09-30,"Grand Rapids, MI","MI",51,1373,0,0.0185459940652819,0.0626934984520124,44681
2017-09-30,"Tucson, AZ","AZ",52,1056,0.000947867298578199,0.0212765957446809,0.0853031860226105,56180
2017-09-30,"Urban Honolulu, HI","HI",53,2010,-0.00099403578528827,-0.000497265042267529,-0.00593471810089021,126145
2017-09-30,"Tulsa, OK","OK",54,846,-0.00118063754427391,0.00118343195266272,-0.0208333333333333,12769
2017-09-30,"Fresno, CA","CA",55,1021,0.0118929633300297,0.0230460921843687,0.1085776330076,17203
2017-09-30,"Worcester, MA","MA",56,1267,0.00475812846946868,0.00956175298804781,-0.0155400155400155,63288
2017-09-30,"Albuquerque, NM","NM",57,986,0.00921187308085977,0.00305188199389624,-0.0247279920870425,6476
2017-09-30,"Albany, NY","NY",58,1060,0.004739336492891,0.00760456273764258,-0.0157845868152275,36909
2017-09-30,"Omaha, NE","NE",59,1109,0.00635208711433757,0.0259019426456984,0.0193014705882353,14810
2017-09-30,"New Haven, CT","CT",60,1282,0,-0.00155763239875389,0,77814
2017-09-30,"Bakersfield, CA","CA",61,949,0.00423280423280423,0.0128068303094984,0.0983796296296296,20444
2017-09-30,"Knoxville, TN","TN",62,1097,0.00827205882352941,0.0300469483568075,0.0650485436893204,25978
2017-09-30,"Greenville, SC","SC",63,1011,0.00497017892644135,0.0181268882175227,0.0150602409638554,11600
2017-09-30,"Ventura, CA","CA",64,2339,0.00257179597085298,0.00602150537634409,0.0451295799821269,48237
2017-09-30,"Allentown, PA","PA",65,1190,0.00762066045723963,0.0162254483347566,0.0127659574468085,25082
2017-09-30,"El Paso, TX","TX",66,895,-0.00222965440356745,-0.00111607142857143,-0.0407288317256163,11985
2017-09-30,"Baton Rouge, LA","LA",67,1154,-0.00602928509905254,-0.0136752136752137,0.0655586334256694,11672
2017-09-30,"Dayton, OH","OH",68,828,0.00485436893203883,0.0197044334975369,0.00363636363636364,27478
2017-09-30,"McAllen, TX","TX",69,848,-0.00702576112412178,0,-0.162882527147088,8167
2017-09-30,"Columbia, SC","SC",70,914,0,-0.00327153762268266,0.0155555555555556,16843
2017-09-30,"Akron, OH","OH",71,1030,0.00782778864970646,0.0198019801980198,0.0137795275590551,29462
2017-09-30,"North Port-Sarasota-Bradenton, FL","FL",72,1736,-0.00287191269385411,-0.0214205186020293,0.00871586287042417,107127
2017-09-30,"Little Rock, AR","AR",73,767,-0.0038961038961039,-0.0179257362355954,-0.0191815856777494,8073
2017-09-30,"Stockton, CA","CA",74,1229,-0.0048582995951417,0,0.114233907524932,15851
2017-09-30,"Charleston, SC","SC",75,1530,0.00130890052356021,0.0099009900990099,0.0213618157543391,34913
2017-09-30,"Syracuse, NY","NY",76,954,-0.00313479623824451,-0.00521376433785193,-0.0809248554913295,17076
2017-09-30,"Colorado Springs, CO","CO",77,1169,0.00602409638554217,0.0147569444444444,0.0446827524575514,15022
2017-09-30,"Winston-Salem, NC","NC",78,837,0.00239520958083832,0.00843373493975904,0.00119617224880383,14934
2017-09-30,"Wichita, KS","KS",79,748,0.00133868808567604,0.00808625336927224,0.0149253731343284,12909
2017-09-30,"Springfield, MA","MA",80,1245,-0.00479616306954436,-0.024294670846395,0.047979797979798,36310
2017-09-30,"Fort Myers, FL","FL",81,1603,-0.00310945273631841,-0.0153562653562654,0.0255918106206014,112408
2017-09-30,"Boise City, ID","ID",82,871,0.00577367205542725,0.0163360560093349,0.0104408352668213,8465
2017-09-30,"Toledo, OH","OH",83,771,0.00260078023407022,0.0144736842105263,0.0012987012987013,19552
2017-09-30,"Madison, WI","WI",84,1291,-0.00154679040989946,-0.0046260601387818,-0.00920951650038373,35328
2017-09-30,"Lakeland, FL","FL",85,893,0.00224466891133558,-0.00223463687150838,0.0335648148148148,15614
2017-09-30,"Ogden, UT","UT",86,1271,0.00394944707740916,0.0176140912730184,0.0618212197159566,18512
2017-09-30,"Daytona Beach, FL","FL",87,1438,-0.00208188757807078,0.0098314606741573,0.0699404761904762,41928
2017-09-30,"Des Moines, IA","IA",88,1126,0.000888888888888889,-0.000887311446317658,-0.0276338514680484,25203
2017-09-30,"Jackson, MS","MS",89,985,0.00101626016260163,0.00510204081632653,-0.00404448938321537,3744
2017-09-30,"Youngstown, OH","OH",90,793,0.0114795918367347,-0.00125944584382872,0.0127713920817369,14304
2017-09-30,"Augusta, GA","GA",91,793,0.00379746835443038,0.00506970849176172,-0.013681592039801,1668
2017-09-30,"Scranton, PA","PA",92,890,0.0194730813287514,0.0800970873786408,0.0761789600967352,23417
2017-09-30,"Harrisburg, PA","PA",93,982,0.00306435137895812,0.00408997955010225,-0.00808080808080808,5980
2017-09-30,"Melbourne, FL","FL",94,1286,0.00704776820673453,0.0222575516693164,0.0628099173553719,54323
2017-09-30,"Chattanooga, TN","TN",95,1002,0.0182926829268293,0.0319258496395469,-0.000997008973080758,13380
2017-09-30,"Spokane, WA","WA",96,932,0.00756756756756757,0.026431718061674,0.0849825378346915,13578
2017-09-30,"Provo, UT","UT",97,1158,0.000864304235090752,0.00520833333333333,0.0367054610564011,28822
2017-09-30,"Lancaster, PA","PA",98,1011,0.00797607178464606,0.0295315682281059,0.082441113490364,12755
2017-09-30,"Modesto, CA","CA",99,1226,0.0123864574731627,0.0268006700167504,0.158790170132325,9235
2017-09-30,"Portland, ME","ME",100,1632,-0.00850546780072904,-0.00244498777506112,0.075098814229249,63789
2017-09-30,"Durham, NC","NC",101,1196,0.0016750418760469,0.00504201680672269,0.0266094420600858,17521
2017-09-30,"Santa Rosa, CA","CA",102,2265,-0.00570676031606672,-0.000882223202470225,0.0457063711911357,23205
2017-09-30,"Lexington, KY","KY",103,999,0.00200601805416249,0.00503018108651911,0.0571428571428571,12924
2017-09-30,"Lafayette, LA","LA",104,992,-0.00700700700700701,-0.0479846449136276,0.0269151138716356,757
2017-09-30,"Lansing, MI","MI",105,847,0.00236686390532544,0.00593824228028504,0.05875,2491
2017-09-30,"Fayetteville, AR","AR",106,1024,0,0.0128585558852621,0.0688935281837161,7185
2017-09-30,"Pensacola, FL","FL",107,1407,0.0122302158273381,0.0659090909090909,0.0756880733944954,15531
2017-09-30,"Visalia, CA","CA",108,884,0.00568828213879408,0.0172612197928654,-0.0122905027932961,7367
2017-09-30,"Shreveport, LA","LA",109,756,0.00398406374501992,-0.00132100396301189,-0.0454545454545455,1315
2017-09-30,"Springfield, MO","MO",110,645,-0.00462962962962963,-0.0122511485451761,-0.0212443095599393,4094
2017-09-30,"York, PA","PA",111,1009,0.00198609731876862,-0.00099009900990099,0.0369989722507708,23933
2017-09-30,"Corpus Christi, TX","TX",112,1342,-0.00371195248700817,-0.00223048327137546,-0.0400572246065808,14673
2017-09-30,"Reno, NV","NV",113,1241,0.0147179067865904,0.0419815281276238,0.125113327289211,28685
2017-09-30,"Asheville, NC","NC",114,1291,0.0046692607003891,0.01573564122738,0.0262321144674086,19913
2017-09-30,"Port St. Lucie, FL","FL",115,1350,0.000741289844329133,0.0104790419161677,0.00371747211895911,40401
2017-09-30,"Huntsville, AL","AL",116,832,-0.00239808153477218,0.00120336943441637,0.0639386189258312,6893
2017-09-30,"Fort Wayne, IN","IN",117,764,0.0119205298013245,0.0581717451523546,0.115328467153285,6274
2017-09-30,"Salinas, CA","CA",118,2107,0,-0.0066006600660066,0.0110364683301344,13856
2017-09-30,"Vallejo, CA","CA",119,1754,0.00746697300402068,0.0251315020455874,0.0695121951219512,13470
2017-09-30,"Mobile, AL","AL",120,868,0.00930232558139535,0.0211764705882353,0.035799522673031,2518
2017-09-30,"Reading, PA","PA",121,869,-0.0125,-0.0191873589164786,0.108418367346939,18673
2017-09-30,"Brownsville, TX","TX",122,1078,0.00841908325537886,0.0445736434108527,0.0266666666666667,12363
2017-09-30,"Killeen, TX","TX",123,735,0,0.00136239782016349,0.0337552742616034,9484
2017-09-30,"Canton, OH","OH",124,714,0.0099009900990099,0.0288184438040346,-0.0580474934036939,12844
2017-09-30,"Beaumont, TX","TX",125,963,0.00103950103950104,0.0168954593453009,0.0490196078431373,5655
2017-09-30,"Manchester, NH","NH",126,1482,0.00474576271186441,0.00816326530612245,0.0102249488752556,46718
2017-09-30,"Salem, OR","OR",127,1356,0.0066815144766147,0.0351145038167939,0.127182044887781,6581
2017-09-30,"Anchorage, AK","AK",128,1525,0,-0.00130975769482646,-0.0522063393412057,29171
2017-09-30,"Davenport, IL","IL",129,899,0,0,-0.03125,6943
2017-09-30,"Peoria, IL","IL",130,887,0.0195402298850575,0.0207134637514384,0.0290023201856148,4354
2017-09-30,"Myrtle Beach, SC","SC",131,1088,0.0149253731343284,0.0471607314725698,0.0772277227722772,90789
2017-09-30,"Montgomery, AL","AL",132,837,0.0120918984280532,0.0371747211895911,0.0282555282555283,2576
2017-09-30,"Salisbury, MD","MD",133,1381,-0.0260930888575458,-0.00718907260963336,0.0329094988780853,42830
2017-09-30,"Gulfport, MS","MS",134,875,0.00574712643678161,0.0186263096623981,-0.00114155251141553,4368
2017-09-30,"Tallahassee, FL","FL",135,886,0.00339750849377123,0.00796359499431172,0.00339750849377123,17242
2017-09-30,"Trenton, NJ","NJ",136,1645,0.00304878048780488,0.0116851168511685,-0.00303030303030303,8665
2017-09-30,"Fayetteville, NC","NC",137,662,0,-0.00301204819277108,0.00914634146341463,8762
2017-09-30,"Hickory, NC","NC",138,822,0.00611995104039168,-0.00844390832328106,0,3987
2017-09-30,"Huntington, WV","WV",139,837,-0.00711743772241993,-0.00475624256837099,0.0371747211895911,2794
2017-09-30,"Eugene, OR","OR",140,1151,0.00964912280701754,0.0285969615728329,0.10566762728146,6907
2017-09-30,"Rockford, IL","IL",141,912,0.00662251655629139,0.00662251655629139,0.0805687203791469,14100
2017-09-30,"Savannah, GA","GA",142,1198,0.00503355704697987,0.0092670598146588,0.0092670598146588,15200
2017-09-30,"Ann Arbor, MI","MI",143,1585,-0.00251730648206419,-0.0124610591900312,0.0407091267235719,26213
2017-09-30,"Ocala, FL","FL",144,897,0.00899887514060742,0.0322209436133487,0.0691299165673421,7761
2017-09-30,"Kalamazoo, MI","MI",145,872,-0.00570125427594071,-0.00342857142857143,0.0430622009569378,1122
2017-09-30,"South Bend, IN","IN",146,847,0.00118203309692671,0.0241837968561064,0.0392638036809816,5775
2017-09-30,"Spartanburg, SC","SC",147,957,0.00842992623814542,0.0668896321070234,0.199248120300752,2427
2017-09-30,"Evansville, IN","IN",148,841,-0.00355450236966825,-0.0175233644859813,0.00839328537170264,5930
2017-09-30,"Kingsport, TN","TN",149,881,0.0103211009174312,0.0513126491646778,0.0576230492196879,4865
2017-09-30,"Roanoke, VA","VA",150,901,0.0112233445566779,0.0285388127853881,0.0816326530612245,8002
2017-09-30,"Lincoln, NE","NE",151,1205,-0.00659521846661171,0,-0.00413223140495868,15551
2017-09-30,"Fort Collins, CO","CO",152,1372,0.00808229243203527,0.0246452576549664,0.0125461254612546,14892
2017-09-30,"Columbus, GA","GA",153,694,0.00289017341040462,-0.00430416068866571,-0.0156028368794326,3421
2017-09-30,"Boulder, CO","CO",154,1656,0.00485436893203883,0.0153280196198651,-0.0148720999405116,19695
2017-09-30,"Lubbock, TX","TX",155,1014,-0.000985221674876847,0.0119760479041916,0.0315361139369278,3933
2017-09-30,"Erie, PA","PA",156,756,-0.0393900889453621,-0.0490566037735849,-0.0869565217391304,9237
2017-09-30,"Fort Smith, AR","AR",157,643,0.0031201248049922,0.0110062893081761,0.00783699059561128,1010
2017-09-30,"Duluth, MN","MN",158,1158,0.000864304235090752,0.0148992112182296,-0.00258397932816538,1982
2017-09-30,"Atlantic City, NJ","NJ",159,1247,-0.00319744204636291,0.000802568218298555,0.00564516129032258,20912
2017-09-30,"New London, CT","CT",160,1158,-0.00172413793103448,-0.000862812769628991,-0.016142735768904,16838
2017-09-30,"San Luis Obispo, CA","CA",161,2057,-0.00483792936623125,0.00146056475170399,0.0696827873114925,13220
2017-09-30,"Gainesville, FL","FL",162,903,0.00893854748603352,0.0191873589164786,0.0308219178082192,10053
2017-09-30,"Santa Cruz, CA","CA",163,2749,0.0091776798825257,0.0132694434205676,0.0338473110191801,14033
2017-09-30,"Clarksville, TN","TN",164,776,-0.0025706940874036,-0.00128700128700129,-0.0164765525982256,4503
2017-09-30,"Cedar Rapids, IA","IA",165,830,0.00120627261761158,-0.00240384615384615,0.0109622411693057,14441
2017-09-30,"Merced, CA","CA",166,1007,0.0151209677419355,0.0212981744421907,0.131460674157303,5297
2017-09-30,"Wilmington, NC","NC",167,1132,0,0.00801424755120214,0.0413983440662374,17093
2017-09-30,"Kennewick, WA","WA",168,1143,-0.00522193211488251,-0.00695047784535187,0.0362647325475975,4717
2017-09-30,"Greeley, CO","CO",169,1359,0.00517751479289941,0.0104089219330855,0.0264350453172205,8641
2017-09-30,"Waco, TX","TX",170,992,0.00608519269776876,0.0420168067226891,0.0689655172413793,4541
2017-09-30,"Lynchburg, VA","VA",171,850,-0.00234741784037559,-0.00117508813160987,0.0167464114832536,3065
2017-09-30,"Olympia, WA","WA",172,1391,0.0138483965014577,0.0311341734618236,0.125404530744337,5312
2017-09-30,"Amarillo, TX","TX",173,879,-0.00453001132502831,-0.0101351351351351,-0.0588865096359743,2226
2017-09-30,"Binghamton, NY","NY",174,874,-0.00794551645856981,-0.0331858407079646,-0.0146561443066516,9047
2017-09-30,"Hagerstown, MD","MD",175,1048,0.000955109837631328,-0.0122525918944392,-0.0178069353327085,6094
2017-09-30,"Bremerton, WA","WA",176,1331,0,0.0090978013646702,0.0900900900900901,6724
2017-09-30,"Laredo, TX","TX",177,969,-0.0112244897959184,-0.016243654822335,0.00414507772020725,2409
2017-09-30,"Yakima, WA","WA",178,1031,-0.00578592092574735,0,0.287141073657928,5020
2017-09-30,"Crestview-Fort Walton Beach-Destin, FL","FL",179,1630,0.00679431747992588,0.0309930423782416,0.0536522301228184,39327
2017-09-30,"Topeka, KS","KS",180,819,-0.00121951219512195,-0.00606796116504854,0.00738007380073801,5463
2017-09-30,"Macon, GA","GA",181,749,0.00807537012113055,0.0246238030095759,0.0149051490514905,1078
2017-09-30,"Champaign-Urbana, IL","IL",182,953,-0.0103842159916926,-0.0215605749486653,-0.0324873096446701,8955
2017-09-30,"Tuscaloosa, AL","AL",183,1073,0.000932835820895522,-0.0110599078341014,0.0529931305201178,4213
2017-09-30,"College Station, TX","TX",184,1184,-0.011686143572621,-0.0141548709408826,0.0487156775907883,9448
2017-09-30,"Sioux Falls, SD","SD",185,980,0.00616016427104723,0.0251046025104603,-0.0239043824701195,1776
2017-09-30,"Charleston, WV","WV",186,921,-0.00754310344827586,-0.0366108786610879,0.0574052812858783,624
2017-09-30,"Chico, CA","CA",187,1169,-0.00848176420695505,-0.0184718723761545,0.0754369825206992,4285
2017-09-30,"Charlottesville, VA","VA",188,1265,0.00396825396825397,0.00957701516360734,0.0259529602595296,4941
2017-09-30,"Claremont, NH","NH",189,1425,-0.00696864111498258,-0.023972602739726,0.000702247191011236,24739
2017-09-30,"Cape Cod, MA","MA",190,1650,0.00364963503649635,0.0242085661080074,0.0563380281690141,25372
2017-09-30,"Burlington, VT","VT",191,1653,0.00608642726719416,0.00669914738124239,0.0311915159076731,16232
2017-09-30,"Prescott, AZ","AZ",192,1098,0.00182481751824818,0.0213953488372093,0.13312693498452,7489
2017-09-30,"Tyler, TX","TX",193,931,0.00323275862068966,-0.0064034151547492,-0.0727091633466136,3002
2017-09-30,"Las Cruces, NM","NM",194,863,-0.00576036866359447,-0.0023121387283237,0.0129107981220657,5127
2017-09-30,"Fargo, ND","ND",195,1194,0.0058972198820556,0.0355594102341717,0.0698924731182796,8247
2017-09-30,"Houma, LA","LA",196,1005,0.00701402805611222,0.0141271442986882,0.0771704180064309,240
2017-09-30,"Rochester, MN","MN",197,1081,-0.00184672206832872,0.0131208997188379,0.0484966052376334,5057
2017-09-30,"Florence, SC","SC",198,924,-0.00108108108108108,-0.0170212765957447,-0.00215982721382289,1123
2017-09-30,"Medford, OR","OR",199,1221,0.00909090909090909,0.0226130653266332,0.136871508379888,4157
2017-09-30,"Lafayette-West Lafayette, IN","IN",200,892,0.0194285714285714,0.0360046457607433,0.0101925254813137,5012
2017-09-30,"Bellingham, WA","WA",201,1332,0.00680272108843537,0.0325581395348837,0.089125102207686,13789
2017-09-30,"Lake Havasu City, AZ","AZ",202,1013,0.00796019900497512,0.0305188199389624,0.159038901601831,6672
2017-09-30,"Johnson City, TN","TN",203,851,0.00948991696322657,0.00591016548463357,0.00948991696322657,6160
2017-09-30,"Elkhart, IN","IN",204,837,0.0269938650306748,0.0841968911917098,0.187234042553191,2668
2017-09-30,"Yuma, AZ","AZ",205,845,0,0,0,3752
2017-09-30,"Racine, WI","WI",206,1079,0.0150517403574788,0.0630541871921182,0.0887991927346115,9378
2017-09-30,"Athens, GA","GA",207,831,-0.00359712230215827,-0.00120192307692308,0.0297397769516729,2460
2017-09-30,"Torrington, CT","CT",208,1179,0.00340425531914894,0.0146299483648881,-0.00253807106598985,12013
2017-09-30,"Hilton Head Island, SC","SC",209,1586,-0.00564263322884012,-0.0173482032218092,0.0672947510094213,25640
2017-09-30,"Panama City, FL","FL",210,1342,-0.0117820324005891,-0.0232896652110626,-0.0414285714285714,21986
2017-09-30,"Kingston, NY","NY",211,1483,0.00610583446404342,0.0255878284923928,0.047316384180791,6196
2017-09-30,"Gainesville, GA","GA",212,1125,0.0144274120829576,0.0378228782287823,0.0378228782287823,2558
2017-09-30,"Warner Robins, GA","GA",213,692,0.00581395348837209,0.00727802037845706,-0.0128388017118402,417
2017-09-30,"Blacksburg, VA","VA",214,1099,0.00365296803652968,0.0166512488436633,0.063891577928364,816
2017-09-30,"Jacksonville, NC","NC",215,822,0.0024390243902439,0.0326633165829146,-0.00484261501210654,2157
2017-09-30,"Redding, CA","CA",216,1144,0.00438981562774363,0.0241718889883617,0.0947368421052632,3042
2017-09-30,"Joplin, MO","MO",217,713,0.00991501416430595,0.0318379160636758,-0.0151933701657459,902
2017-09-30,"El Centro, CA","CA",218,915,0.00770925110132159,0.00219058050383352,0.0144124168514412,1725
2017-09-30,"Terre Haute, IN","IN",219,776,-0.00385109114249037,-0.0275689223057644,0.0929577464788732,1934
2017-09-30,"East Stroudsburg, PA","PA",220,1192,0.000839630562552477,0.00846023688663283,0.0110262934690416,4580
2017-09-30,"Sioux City, IA","IA",221,872,0.00114810562571757,-0.0135746606334842,0.041816009557945,3326
2017-09-30,"Greenville, NC","NC",222,790,0.00253807106598985,0,0.0115236875800256,10584
2017-09-30,"Waterloo, IA","IA",223,750,0.00133511348464619,-0.0170380078636959,-0.0506329113924051,11264
2017-09-30,"Yuba City, CA","CA",224,1156,0.0122591943957968,-0.00516351118760757,0.039568345323741,2937
2017-09-30,"Columbia, MO","MO",225,862,-0.00805523590333717,-0.0182232346241458,0.0360576923076923,10249
2017-09-30,"Dover, DE","DE",226,1189,-0.00335289186923722,-0.00418760469011725,-0.0630417651694247,1421
2017-09-30,"Eau Claire, WI","WI",227,862,-0.00231481481481481,-0.0357941834451902,-0.0046189376443418,5131
2017-09-30,"Punta Gorda, FL","FL",228,1741,-0.00571102227298686,-0.0191549295774648,0.00288018433179724,18762
2017-09-30,"Bloomington, IN","IN",229,1069,0.0103969754253308,0.024928092042186,0.0268972142170989,9083
2017-09-30,"Pueblo, CO","CO",230,898,-0.00222222222222222,0.00335195530726257,0.0884848484848485,3045
2017-09-30,"Billings, MT","MT",231,1052,0.00477554918815664,0.010566762728146,-0.0232126276694522,7685
2017-09-30,"Bowling Green, KY","KY",232,1029,0.000972762645914397,0.00882352941176471,0.0198216055500496,820
2017-09-30,"Bend, OR","OR",233,1315,-0.00978915662650602,-0.0193885160328113,0.0587761674718196,6392
2017-09-30,"Albany, GA","GA",234,725,0.00276625172890733,0.0357142857142857,0.0869565217391304,1609
2017-09-30,"Vineland, NJ","NJ",235,1129,0,0.00713648528099911,0.000886524822695035,253
2017-09-30,"Decatur, AL","AL",236,757,0.00664893617021277,0.0327421555252387,0.0783475783475783,331
2017-09-30,"Hanford, CA","CA",237,972,-0.010183299389002,-0.0171890798786653,0.0125,1135
2017-09-30,"Iowa City, IA","IA",238,1142,-0.00868055555555556,-0.035472972972973,-0.0483333333333333,8683
2017-09-30,"Monroe, MI","MI",239,973,0.00102880658436214,-0.0141843971631206,-0.0662188099808061,3483
2017-09-30,"Wichita Falls, TX","TX",240,579,0.0193661971830986,0.0470162748643761,0.00173010380622837,803
2017-09-30,"Burlington, NC","NC",241,841,0.00598086124401914,0.0132530120481928,0.0591939546599496,3427
2017-09-30,"Madera, CA","CA",242,1070,-0.00834105653382762,-0.00925925925925926,-0.0120036934441367,1985
2017-09-30,"Jefferson City, MO","MO",243,827,0,-0.0143027413587604,0.0122399020807834,1479
2017-09-30,"Chambersburg, PA","PA",244,828,0.0234857849196539,0.037593984962406,0,922
2017-09-30,"Texarkana, TX","TX",245,701,0.00573888091822095,-0.0195804195804196,-0.0423497267759563,299
2017-09-30,"Elizabethtown, KY","KY",246,795,0.00125944584382872,0.00252206809583859,0.0179257362355954,734
2017-09-30,"Wheeling, OH","OH",247,788,-0.00505050505050505,0.00382165605095541,-0.10250569476082,2884
2017-09-30,"Florence, AL","AL",248,885,0.0068259385665529,-0.00449943757030371,-0.0133779264214047,527
2017-09-30,"Grand Junction, CO","CO",249,921,0.00655737704918033,0.0406779661016949,-0.00108459869848156,4866
2017-09-30,"Concord, NH","NH",250,1368,-0.00291545189504373,0.0155902004454343,0.0293453724604966,12056
2017-09-30,"Dothan, AL","AL",251,781,0.00128205128205128,0.00128205128205128,0.0038560411311054,397
2017-09-30,"Santa Fe, NM","NM",252,1497,0.00604838709677419,0.00876010781671159,-0.0360592401802962,7065
2017-09-30,"Traverse City, MI","MI",253,1424,0.00423131170662906,0.026676279740447,0.154906731549067,8011
2017-09-30,"Hattiesburg, MS","MS",254,730,-0.00136798905608755,-0.0135135135135135,0.0296191819464034,838
2017-09-30,"Dalton, GA","GA",255,1115,0.000897666068222621,0.00722673893405601,0.0324074074074074,930
2017-09-30,"Greensboro, NC","NC",256,900,0.00558659217877095,0.0101010101010101,0.0238907849829352,25597
2017-09-30,"Homosassa Springs, FL","FL",257,1039,0.00775945683802134,0.0226377952755906,0.039,5336
2017-09-30,"Auburn, AL","AL",258,1019,0.0220661985957874,0.0737618545837724,0.00196656833824975,2918
2017-09-30,"Valdosta, GA","GA",259,699,0.0115774240231548,0.0204379562043796,0.0249266862170088,747
2017-09-30,"Coeur d'Alene, ID","ID",260,1184,0.00424088210347752,0.0180567497850387,0.0628366247755835,3495
2017-09-30,"Springfield, OH","OH",261,677,-0.00147492625368732,-0.00878477306002928,0.0447530864197531,5457
2017-09-30,"St. George, UT","UT",262,1251,0.0008,0.00240384615384615,0.0459866220735786,17677
2017-09-30,"Vero Beach, FL","FL",263,1417,0.000706214689265537,-0.00978336827393431,0.0194244604316547,14272
2017-09-30,"Napa, CA","CA",264,2370,-0.00753768844221105,-0.0182270091135046,-0.0214698596201486,4068
2017-09-30,"Battle Creek, MI","MI",265,785,0.0129032258064516,0.0142118863049096,0.0565275908479139,281
2017-09-30,"Rapid City, SD","SD",266,958,0.00209205020920502,0.0105485232067511,-0.0876190476190476,657
2017-09-30,"Lumberton, NC","NC",267,815,0,0.00617283950617284,-0.0192539109506619,144
2017-09-30,"Wausau, WI","WI",268,981,0.00204290091930541,0,0.0447284345047923,1190
2017-09-30,"Lebanon, PA","PA",269,936,-0.0053134962805526,0.0297029702970297,-0.0198952879581152,1283
2017-09-30,"Idaho Falls, ID","ID",270,699,0.00575539568345324,0.00575539568345324,0.0115774240231548,2705
2017-09-30,"Sierra Vista, AZ","AZ",271,723,-0.00138121546961326,0,-0.036,1596
2017-09-30,"Lawton, OK","OK",272,564,-0.00353356890459364,-0.00704225352112676,-0.037542662116041,645
2017-09-30,"Farmington, NM","NM",273,786,0.00898587933247754,0,-0.0720188902007084,874
2017-09-30,"Jackson, TN","TN",274,839,0.00599520383693046,0.0244200244200244,0.0120627261761158,1503
2017-09-30,"Morgantown, WV","WV",275,1080,-0.0181818181818182,-0.0450928381962865,0.0179076343072573,3199
2017-09-30,"Winchester, VA","VA",276,989,0.0164439876670093,0.0345188284518828,0.0388655462184874,430
2017-09-30,"New Bern, NC","NC",277,856,-0.00696055684454756,-0.00233100233100233,0.0118203309692671,1269
2017-09-30,"Logan, UT","UT",278,751,-0.00661375661375661,-0.0144356955380577,0.0287671232876712,636
2017-09-30,"Harrisonburg, VA","VA",279,1048,0.00479386385426654,0.0106075216972035,0.0585858585858586,2649
2017-09-30,"Beckley, WV","WV",280,968,-0.0102249488752556,-0.0261569416498994,0.0136125654450262,880
2017-09-30,"Mansfield, OH","OH",281,666,0.0136986301369863,-0.00448430493273543,-0.1,3830
2017-09-30,"Weirton, OH","OH",282,696,0,0.00869565217391304,0.0131004366812227,1691
2017-09-30,"Augusta, ME","ME",283,991,0.0312174817898023,0.0195473251028807,-0.0489443378119002,17913
2017-09-30,"Hammond, LA","LA",284,847,0.00355450236966825,0.0192539109506619,0.0431034482758621,425
2017-09-30,"Jonesboro, AR","AR",285,694,0.00289017341040462,0.00872093023255814,0.0451807228915663,601
2017-09-30,"Sherman, TX","TX",286,910,-0.00546448087431694,-0.0162162162162162,-0.011943539630836,2202
2017-09-30,"Anniston, AL","AL",287,577,0.00173611111111111,0.00347826086956522,-0.0351170568561873,1046
2017-09-30,"Staunton, VA","VA",288,1079,0.00465549348230913,-0.00552995391705069,0.0335249042145594,584
2017-09-30,"Muncie, IN","IN",289,873,0.0127610208816705,0.0492788461538462,0.113520408163265,2898
2017-09-30,"Mount Vernon, WA","WA",290,1616,0.00310366232153942,0.0286441756842775,0.219622641509434,4936
2017-09-30,"Albany, OR","OR",291,936,0.0118918918918919,0.0162866449511401,-0.075098814229249,2286
2017-09-30,"Watertown, NY","NY",292,834,-0.0130177514792899,-0.0257009345794392,-0.108974358974359,2794
2017-09-30,"Williamsport, PA","PA",293,799,0.0204342273307791,0.0417209908735332,-0.0611045828437133,2652
2017-09-30,"Cleveland, TN","TN",294,831,-0.041522491349481,-0.0937840785169029,0.0036231884057971,2371
2017-09-30,"Sheboygan, WI","WI",295,1100,-0.000908265213442325,-0.0054249547920434,0.014760147601476,3401
2017-09-30,"Owensboro, KY","KY",296,891,0.00224971878515186,0.0171232876712329,0.0171232876712329,678
2017-09-30,"Wooster, OH","OH",297,883,0.00227014755959137,0.0208092485549133,0.00799086757990868,2868
2017-09-30,"Morristown, TN","TN",298,937,-0.00212992545260916,0.00428724544480171,0.0206971677559913,1650
2017-09-30,"Kankakee, IL","IL",299,864,-0.00115606936416185,-0.04,0.0372148859543818,295
2017-09-30,"San Angelo, TX","TX",300,1052,0.00285986653956149,0.00766283524904214,-0.0259259259259259,218
2017-09-30,"Michigan City, IN","IN",301,884,-0.00225733634311512,0.0149253731343284,-0.0665258711721225,4619
2017-09-30,"Wenatchee, WA","WA",302,1376,-0.0234208658623137,-0.043115438108484,0.0576479631053036,5280
2017-09-30,"Decatur, IL","IL",303,1053,0.0173913043478261,0.0415430267062315,0.0193610842207164,950
2017-09-30,"Missoula, MT","MT",304,1029,0.00390243902439024,0.016798418972332,0.0157946692991115,5293
2017-09-30,"Salem, OH","OH",305,744,0.00404858299595142,0.0122448979591837,-0.0236220472440945,2018
2017-09-30,"Lewiston, ME","ME",306,1193,0.00760135135135135,0.0446584938704028,0.118088097469541,8165
2017-09-30,"Roseburg, OR","OR",307,755,0.0134228187919463,0.0413793103448276,0.098981077147016,912
2017-09-30,"Show Low, AZ","AZ",308,1122,-0.021795989537925,-0.0491525423728814,-0.00795755968169761,2148
2017-09-30,"Danville, VA","VA",309,1020,0.0139165009940358,0.0159362549800797,0.0691823899371069,1196
2017-09-30,"Lima, OH","OH",310,771,0.0104849279161206,0.0252659574468085,0.00260078023407022,2636
2017-09-30,"Cookeville, TN","TN",311,865,0.00348027842227378,0.0613496932515337,0.226950354609929,1565
2017-09-30,"California-Lexington Park, MD","MD",312,1331,0.00833333333333333,0.016030534351145,0.0588703261734288,3489
2017-09-30,"Gadsden, AL","AL",313,733,0.00136612021857924,-0.00407608695652174,0.0747800586510264,178
2017-09-30,"Cumberland, MD","MD",314,859,-0.00578703703703704,0.00467836257309942,0.0238379022646007,457
2017-09-30,"Longview, WA","WA",315,963,0.00943396226415094,-0.0292338709677419,-0.0213414634146341,1947
2017-09-30,"Whitewater, WI","WI",316,1469,0.0159059474412171,0.0492857142857143,0.156692913385827,9275
2017-09-30,"Ithaca, NY","NY",317,1738,0.00636942675159236,0.0314540059347181,0.0951480781348456,3333
2017-09-30,"Ashtabula, OH","OH",318,819,0.00738007380073801,0.0211970074812968,-0.0421052631578947,2140
2017-09-30,"Gettysburg, PA","PA",319,1007,0,-0.0127450980392157,-0.0454976303317536,408
2017-09-30,"Pine Bluff, AR","AR",320,745,0.00404312668463612,0.00404312668463612,-0.0145502645502645,273
2017-09-30,"Tullahoma, TN","TN",321,896,0.00335946248600224,0.0193401592718999,0.062870699881376,1174
2017-09-30,"Richmond, KY","KY",322,940,0.0129310344827586,0.0151187904967603,-0.0427698574338086,764
2017-09-30,"Adrian, MI","MI",323,1103,0.00638686131386861,0.0147194112235511,0.105210420841683,1572
2017-09-30,"Twin Falls, ID","ID",324,883,0.00569476082004556,0.0231749710312862,0.0412735849056604,228
2017-09-30,"Sebring, FL","FL",325,877,-0.0112739571589628,-0.00791855203619909,0.0656136087484812,2964
2017-09-30,"Truckee, CA","CA",326,1816,0.00165471594043023,0.00331491712707182,0.0900360144057623,4338
2017-09-30,"Paducah, KY","KY",327,1017,0.0119402985074627,0.0430769230769231,0.036697247706422,463
2017-09-30,"Grand Forks, ND","ND",328,925,-0.0211640211640212,-0.0463917525773196,-0.00537634408602151,871
2017-09-30,"Mankato, MN","MN",329,1217,-0.000821018062397373,-0.00734094616639478,-0.0145748987854251,1274
2017-09-30,"Cape Girardeau, MO","MO",330,702,0.0173913043478261,0.0540540540540541,0.0338733431516937,448
2017-09-30,"Greenwood, SC","SC",331,891,0.00677966101694915,0.0253164556962025,-0.00889877641824249,426
2017-09-30,"Clarksburg, WV","WV",332,847,-0.00470035252643948,-0.00586854460093897,0.00474495848161329,300
2017-09-30,"Dubuque, IA","IA",333,1040,0.00386100386100386,-0.00668576886341929,-0.0271281571562208,1320
2017-09-30,"Albertville, AL","AL",334,936,-0.00636942675159236,-0.00952380952380952,-0.0340557275541796,436
2017-09-30,"Manhattan, KS","KS",335,896,0.00223713646532438,-0.013215859030837,-0.0478214665249734,1842
2017-09-30,"Parkersburg, WV","WV",336,810,-0.0157958687727825,-0.0276110444177671,0.0292249047013977,860
2017-09-30,"New Philadelphia, OH","OH",337,842,0,0.0169082125603865,-0.0344036697247706,1929
2017-09-30,"Orangeburg, SC","SC",338,996,0.00100502512562814,-0.00100300902708124,-0.0450623202301055,843
2017-09-30,"Cheyenne, WY","WY",339,1154,-0.0145175064047822,-0.0383333333333333,-0.0351170568561873,4220
2017-09-30,"Brainerd, MN","MN",340,1171,0.00774526678141136,0.0164930555555556,-0.00170502983802217,612
2017-09-30,"Kalispell, MT","MT",341,1440,0.0162314749470713,0.0650887573964497,0.0212765957446809,3753
2017-09-30,"Ames, IA","IA",342,1001,-0.0108695652173913,-0.021505376344086,0.0214285714285714,8192
2017-09-30,"Bozeman, MT","MT",343,1442,-0.00276625172890733,-0.000693000693000693,0.0449275362318841,7818
2017-09-30,"Moses Lake, WA","WA",344,912,-0.00436681222707424,-0.0338983050847458,0.0351872871736663,1734
2017-09-30,"Meadville, PA","PA",345,984,-0.00202839756592292,-0.0130391173520562,-0.0324483775811209,414
2017-09-30,"Hermiston-Pendleton, OR","OR",346,1062,-0.0157553290083411,-0.0345454545454545,0.0401567091087169,1027
2017-09-30,"Zanesville, OH","OH",347,830,0.0196560196560197,0.042713567839196,0.0668380462724936,1321
2017-09-30,"Corvallis, OR","OR",348,1134,-0.00438981562774363,-0.015625,-0.0750407830342577,2606
2017-09-30,"Bloomsburg, PA","PA",349,1022,-0.001953125,-0.00776699029126214,-0.0349386213408876,237
2017-09-30,"Russellville, AR","AR",350,801,0.00250312891113892,0.016497461928934,0.0389105058365759,392
2017-09-30,"Watertown, WI","WI",351,1123,0.00717488789237668,0.0199818346957312,0.0736137667304015,2365
2017-09-30,"Pocatello, ID","ID",352,652,-0.00153139356814701,0.00307692307692308,-0.0411764705882353,1067
2017-09-30,"Grants Pass, OR","OR",353,1174,-0.00844594594594595,0.052914798206278,0.0624434389140271,1206
2017-09-30,"Huntsville, TX","TX",354,914,-0.00109289617486339,-0.045929018789144,-0.0567595459236326,357
2017-09-30,"Plattsburgh, NY","NY",355,1361,-0.00146735143066764,-0.0159074475777296,-0.101650165016502,1775
2017-09-30,"Manitowoc, WI","WI",356,847,-0.00117924528301887,0,0.0929032258064516,1629
2017-09-30,"Great Falls, MT","MT",357,1102,-0.0116591928251121,-0.0273609885260371,-0.0358705161854768,1725
2017-09-30,"Portsmouth, OH","OH",358,833,0.00240673886883273,0.00725513905683192,0.0322180916976456,194
2017-09-30,"Oak Harbor, WA","WA",359,1235,0.0048820179007323,0.0240464344941957,0.149906890130354,2287
2017-09-30,"Hinesville, GA","GA",360,766,-0.00390117035110533,-0.0229591836734694,-0.0279187817258883,925
2017-09-30,"Somerset, PA","PA",361,874,0.00459770114942529,0.0843672456575682,-0.103589743589744,232
2017-09-30,"Stillwater, OK","OK",362,1043,-0.00191387559808612,-0.00571973307912297,-0.00191387559808612,257
2017-09-30,"Keene, NH","NH",363,1300,0,-0.0106544901065449,0.015625,2212
2017-09-30,"Sandusky, OH","OH",364,1140,0,0.00440528634361234,0.0335448776065277,4403
2017-09-30,"Columbus, IN","IN",365,1145,-0.00087260034904014,0.0306030603060306,0.00703605980650836,1448
2017-09-30,"Roanoke Rapids, NC","NC",366,856,0.00587544065804935,0.0130177514792899,0.0154211150652432,163
2017-09-30,"Centralia, WA","WA",367,957,-0.0244648318042813,-0.0264496439471007,0.197747183979975,862
2017-09-30,"Wisconsin Rapids-Marshfield, WI","WI",368,750,-0.00265957446808511,-0.00662251655629139,0.0344827586206897,146
2017-09-30,"Seneca, SC","SC",369,1092,-0.0108695652173913,0.0292177191328935,0.0632911392405063,327
2017-09-30,"Mount Airy, NC","NC",370,1035,0,0.0117302052785924,-0.00956937799043062,701
2017-09-30,"Key West, FL","FL",371,2825,0.00355239786856128,0.00319602272727273,0.00784873349982162,12860
2017-09-30,"Aberdeen, WA","WA",372,744,-0.0053475935828877,0.0150068212824011,0.105497771173848,4549
2017-09-30,"Port Angeles, WA","WA",373,1373,0.00218978102189781,0.0147819660014782,0.10281124497992,1646
2017-09-30,"Greenfield Town, MA","MA",374,1606,0.00187149095446039,0.00563556668753913,-0.00680272108843537,3559
2017-09-30,"Muskogee, OK","OK",375,758,-0.00263157894736842,-0.00785340314136126,-0.0900360144057623,409
2017-09-30,"Frankfort, KY","KY",376,863,0.00817757009345794,0.031063321385902,0.167794316644114,1279
2017-09-30,"Statesboro, GA","GA",377,861,-0.00347222222222222,-0.0114810562571757,0.0816582914572864,801
2017-09-30,"Marion, IN","IN",378,1025,0,0.0168650793650794,0.00985221674876847,833
2017-09-30,"North Wilkesboro, NC","NC",379,780,0.0182767624020888,0.0209424083769634,0.0263157894736842,241
2017-09-30,"Richmond, IN","IN",380,677,0.0104477611940299,0.0399385560675883,0.0561622464898596,827
2017-09-30,"Greeneville, TN","TN",381,996,0.0111675126903553,0.0861504907306434,0.147465437788018,679
2017-09-30,"Forest City, NC","NC",382,1064,0.0094876660341556,0.0211132437619962,0.00757575757575758,632
2017-09-30,"Lake City, FL","FL",383,1151,-0.000868055555555556,0.0231111111111111,0.0549954170485793,378
2017-09-30,"Marquette, MI","MI",384,864,-0.0103092783505155,-0.023728813559322,0.0627306273062731,364
2017-09-30,"LaGrange, GA","GA",385,835,-0.0035799522673031,0,0.0398505603985056,760
2017-09-30,"Marion, OH","OH",386,793,0.00252844500632111,0.0127713920817369,-0.00125944584382872,1515
2017-09-30,"Morehead City, NC","NC",387,1101,0.00824175824175824,0.00547945205479452,-0.023936170212766,9027
2017-09-30,"Klamath Falls, OR","OR",388,702,0.0100719424460432,0.0159189580318379,0.128617363344051,852
2017-09-30,"Marshall, TX","TX",389,984,0.00101729399796541,0.00716479017400205,-0.0947562097516099,284
2017-09-30,"Athens, OH","OH",390,1076,-0.000928505106778087,0.0706467661691542,-0.04014272970562,406
2017-09-30,"Clearlake, CA","CA",391,1286,0.011801730920535,0.0345937248592116,0.0743525480367586,420
2017-09-30,"Hutchinson, KS","KS",392,853,-0.00466744457409568,-0.0240274599542334,0.00117370892018779,1273
2017-09-30,"Faribault, MN","MN",393,1286,0.00783699059561128,0.0312750601443464,0.0601813685078318,2632
2017-09-30,"Elizabeth City, NC","NC",394,931,0.0010752688172043,-0.0168954593453009,0.0185995623632385,446
2017-09-30,"Ionia, MI","MI",395,1065,0.00188146754468485,0.0142857142857143,0.121052631578947,157
2017-09-30,"Red Bluff, CA","CA",396,1083,0.0149953139643861,0.0304471931493815,0.141201264488936,861
2017-09-30,"Hudson, NY","NY",397,1570,0.00255427841634738,-0.00569981000633312,0.172516803584765,1802
2017-09-30,"Walla Walla, WA","WA",398,900,0.00783874580067189,0.0332950631458094,0.122194513715711,684
2017-09-30,"Sayre, PA","PA",399,959,0.00313807531380753,0.00629590766002099,-0.00929752066115703,325
2017-09-30,"Baraboo, WI","WI",400,888,-0.00224719101123596,-0.00782122905027933,0.0113895216400911,465
2017-09-30,"Marietta, OH","OH",401,930,-0.0116896918172157,-0.00641025641025641,0.00867678958785249,611
2017-09-30,"Salina, KS","KS",402,787,0.00127226463104326,-0.0125470514429109,-0.00505689001264223,1626
2017-09-30,"Rutland, VT","VT",403,1414,-0.00980392156862745,-0.0288461538461538,-0.0111888111888112,1035
2017-09-30,"Fremont, OH","OH",404,1001,0.00603015075376884,0.0330237358101135,-0.000998003992015968,874
2017-09-30,"Mount Vernon, OH","OH",405,1019,-0.00585365853658537,-0.00585365853658537,0.0366225839267548,732
2017-09-30,"Lewiston, ID","ID",406,1129,0.00444839857651246,0.0301094890510949,0.0424746075715605,1350
2017-09-30,"Shelton, WA","WA",407,1042,0.00385356454720617,0.00579150579150579,0.160356347438753,869
2017-09-30,"Albemarle, NC","NC",408,833,0.0109223300970874,0.0322180916976456,0.0597964376590331,382
2017-09-30,"Jefferson, GA","GA",409,1020,-0.00195694716242661,-0.0173410404624277,-0.0458372310570627,172
2017-09-30,"Georgetown, SC","SC",410,1287,0.00862068965517241,0.0254980079681275,0.0514705882352941,6523
2017-09-30,"Laconia, NH","NH",411,1127,0.00177777777777778,0.00356188780053428,-0.00617283950617284,10609
2017-09-30,"Oxford, NC","NC",412,955,0.00315126050420168,0.0148777895855473,0.00315126050420168,308
2017-09-30,"Barre, VT","VT",413,1416,-0.0111731843575419,-0.04,-0.0152990264255911,1002
2017-09-30,"Sterling, IL","IL",414,1228,-0.00243704305442729,0.00408830744071954,-0.0269413629160063,610
2017-09-30,"Sanford, NC","NC",415,953,-0.00625651720542232,-0.00209424083769634,0.0138297872340426,297
2017-09-30,"Fergus Falls, MN","MN",416,1123,0.00267857142857143,0.0218380345768881,0.00178412132024978,349
2017-09-30,"Tiffin, OH","OH",417,900,-0.00442477876106195,-0.00110987791342952,-0.0206746463547334,752
2017-09-30,"Fairmont, WV","WV",418,788,-0.00630517023959647,-0.0100502512562814,-0.00880503144654088,589
2017-09-30,"Crossville, TN","TN",419,944,0.00318809776833156,0.0117899249732047,0.0419426048565121,1187
2017-09-30,"Sonora, CA","CA",420,1445,0.00416956219596942,0.00978336827393431,0.0440751445086705,829
2017-09-30,"Carson City, NV","NV",421,1045,0.0155490767735666,0.00191754554170662,0.0751028806584362,1965
2017-09-30,"Calhoun, GA","GA",422,975,0.00308641975308642,0.00723140495867769,0.0506465517241379,467
2017-09-30,"Ontario, OR","OR",423,1110,0.0100090991810737,0.0287303058387396,0.0632183908045977,312
2017-09-30,"Payson, AZ","AZ",424,1199,0.00250836120401338,0.00756302521008403,0.0300687285223368,620
2017-09-30,"Rochelle, IL","IL",425,1221,-0.000818330605564648,0.0124378109452736,-0.0255387071029529,348
2017-09-30,"Danville, KY","KY",426,904,0.00332963374028857,0.0226244343891403,0.0100558659217877,170
2017-09-30,"Greenville, OH","OH",427,757,0.00132275132275132,0.00933333333333333,-0.0143229166666667,461
2017-09-30,"Warrensburg, MO","MO",428,696,0.00143884892086331,-0.0127659574468085,-0.0465753424657534,365
2017-09-30,"Fort Leonard Wood, MO","MO",429,724,0,-0.00957592339261286,-0.0835443037974684,659
2017-09-30,"Athens, TN","TN",430,885,0,0.0125858123569794,0.023121387283237,349
2017-09-30,"Fernley, NV","NV",431,1013,0.014014014014014,0.0607329842931937,0.221954161640531,377
2017-09-30,"Mason City, IA","IA",432,941,-0.0115546218487395,-0.0417515274949083,-0.0899419729206963,1471
2017-09-30,"Winona, MN","MN",433,1343,-0.00370919881305638,0.00599250936329588,0.0299079754601227,248
2017-09-30,"Platteville, WI","WI",434,986,0.01440329218107,0.0292275574112735,0.0907079646017699,140
2017-09-30,"Boone, NC","NC",435,1227,0.00491400491400491,0.0380710659898477,0.151031894934334,4279
2017-09-30,"Elko, NV","NV",436,1138,0.00797165633303809,0.028003613369467,0.0685446009389671,832
2017-09-30,"Rexburg, ID","ID",437,761,0.0106241699867198,0.0160213618157543,0.0453296703296703,838
2017-09-30,"St. Marys, GA","GA",438,936,0.00214132762312634,0.0173913043478261,0.0173913043478261,340
2017-09-30,"Ozark, AL","AL",439,812,0.00995024875621891,0.0213836477987421,-0.0547147846332945,202
2017-09-30,"Amsterdam, NY","NY",440,966,-0.0102459016393443,-0.0132788559754852,-0.0869565217391304,2904
2017-09-30,"Enterprise, AL","AL",441,794,0.00126103404791929,0,0.00633713561470215,1695
2017-09-30,"Kerrville, TX","TX",442,1291,0.0046692607003891,0.0165354330708661,0.01413982717989,279
2017-09-30,"New Castle, IN","IN",443,688,0.00291545189504373,0.0132547864506627,0.0314842578710645,625
2017-09-30,"Sidney, OH","OH",444,878,0.00342857142857143,0.0162037037037037,-0.0101465614430665,400
2017-09-30,"Cortland, NY","NY",445,1070,-0.00925925925925926,-0.0299184043517679,-0.0970464135021097,1471
2017-09-30,"Del Rio, TX","TX",446,1064,0.0142993326978074,0.0201342281879195,-0.0028116213683224,152
2017-09-30,"Corsicana, TX","TX",447,1109,0.0137111517367459,0.0422932330827068,0.0118613138686131,268
2017-09-30,"Burlington, IA","IA",448,882,-0.00675675675675676,0.024390243902439,0.0562874251497006,1027
2017-09-30,"Cadillac, MI","MI",449,971,0.0083073727933541,0.018887722980063,0.0554347826086957,332
2017-09-30,"Ardmore, OK","OK",450,751,0.0203804347826087,0.0301783264746228,-0.0600750938673342,159
2017-09-30,"Kendallville, IN","IN",451,868,0.00579374275782155,0.035799522673031,0.101522842639594,224
2017-09-30,"Nogales, AZ","AZ",452,1103,0.0147194112235511,0.0544933078393881,0.115267947421638,1163
2017-09-30,"Oxford, MS","MS",453,1344,-0.0103092783505155,-0.018978102189781,0.0989370400654129,770
2017-09-30,"Lewistown, PA","PA",454,788,0.00510204081632653,0.00127064803049555,-0.0366748166259169,885
2017-09-30,"Red Wing, MN","MN",455,1251,0.00240384615384615,0.0121359223300971,0.0433694745621351,550
2017-09-30,"Cedar City, UT","UT",456,836,0.0195121951219512,0.0257668711656442,0.0843060959792477,532
2017-09-30,"Bedford, IN","IN",457,875,0.00344036697247706,0.0233918128654971,0.0404280618311534,228
2017-09-30,"Newport, OR","OR",458,1428,0.00210526315789474,0.00563380281690141,0.104408352668213,1575
2017-09-30,"Bellefontaine, OH","OH",459,889,-0.00224466891133558,-0.00336322869955157,0.0253748558246828,813
2017-09-30,"Blackfoot, ID","ID",460,845,0.00715137067938021,0.00356294536817102,0.0254854368932039,172
2017-09-30,"Henderson, NC","NC",461,886,0,0.0137299771167048,-0.00672645739910314,136
2017-09-30,"Rolla, MO","MO",462,589,-0.00169491525423729,-0.00506756756756757,-0.00841750841750842,1092
2017-09-30,"Thomasville, GA","GA",463,899,0.00334821428571429,0.0112485939257593,0.00559284116331096,158
2017-09-30,"Bemidji, MN","MN",464,1212,-0.00492610837438424,0.00414250207125104,-0.0403800475059382,142
2017-09-30,"Pahrump, NV","NV",465,1100,0.00732600732600733,0.0516252390057361,0.170212765957447,1404
2017-09-30,"Menomonie, WI","WI",466,1045,0.00287907869481766,-0.00570884871550904,0.0155490767735666,299
2017-09-30,"Bucyrus, OH","OH",467,719,0.00559440559440559,0.0256776034236805,-0.00964187327823691,225
2017-09-30,"Bardstown, KY","KY",468,950,0.00849256900212314,0.043956043956044,0.104651162790698,138
2017-09-30,"Cornelia, GA","GA",469,1103,0.00730593607305936,0.00730593607305936,0.0504761904761905,253
2017-09-30,"Muscatine, IA","IA",470,995,0.0194672131147541,0.0300207039337474,-0.0487571701720841,469
2017-09-30,"Seymour, IN","IN",471,887,0.010250569476082,0.0325960419091967,0.0183696900114811,388
2017-09-30,"Willmar, MN","MN",472,1144,0.00175131348511384,-0.00780572419774501,-0.0378469301934399,170
2017-09-30,"Auburn, IN","IN",473,881,0.0184971098265896,0.0627261761158022,0.159210526315789,192
2017-09-30,"Paragould, AR","AR",474,878,-0.00790960451977401,-0.015695067264574,-0.00566251415628539,452
2017-09-30,"Mountain Home, AR","AR",475,818,-0.00365408038976857,0.0174129353233831,-0.0144578313253012,149
2017-09-30,"Cedartown, GA","GA",476,1163,0.00518582541054451,0.0255731922398589,0.0563124432334242,159
2017-09-30,"Port Clinton, OH","OH",477,1057,-0.000945179584120983,0.00284629981024668,0.0262135922330097,5881
2017-09-30,"Montrose, CO","CO",478,983,0.030398322851153,0.0849889624724062,0.147024504084014,372
2017-09-30,"Ellensburg, WA","WA",479,1175,0.0164359861591695,-0.0175585284280936,0.0334212840809147,1678
2017-09-30,"Sandpoint, ID","ID",480,1243,-0.0150554675118859,-0.0134920634920635,-0.00400641025641026,2716
2017-09-30,"Celina, OH","OH",481,1042,-0.00382409177820268,0.00288739172281039,0.0276134122287968,283
2017-09-30,"Garden City, KS","KS",482,955,-0.0195071868583162,-0.0411646586345382,-0.0553907022749753,524
2017-09-30,"Riverton, WY","WY",483,935,-0.00106837606837607,0.00107066381156317,-0.0240083507306889,211
2017-09-30,"Urbana, OH","OH",484,1017,0.00197044334975369,0.0190380761523046,0.0099304865938431,676
2017-09-30,"Okeechobee, FL","FL",485,1154,0.00435161009573542,0.0113935144609991,0.0294380017841213,368
2017-09-30,"Berlin, NH","NH",486,1115,-0.0017905102954342,-0.0158870255957635,-0.0927583401139137,2897
2017-09-30,"Lock Haven, PA","PA",487,851,-0.00931315483119907,-0.0395033860045147,-0.0274285714285714,356
2017-09-30,"Clewiston, FL","FL",488,1245,0.000803858520900322,0.00403225806451613,0.00565428109854604,455
2017-09-30,"Logansport, IN","IN",489,645,0,-0.00154798761609907,-0.0061633281972265,762
2017-09-30,"Pontiac, IL","IL",490,1090,-0.00274473924977127,-0.00999091734786558,-0.0267857142857143,280
2017-09-30,"Dyersburg, TN","TN",491,783,0.0182054616384915,0.0302631578947368,0.184568835098336,379
2017-09-30,"Crawfordsville, IN","IN",492,1070,0.00375234521575985,0.0161443494776828,0.0469667318982387,1243
2017-09-30,"Stephenville, TX","TX",493,1162,-0.000859845227858985,-0.00853242320819113,-0.0177514792899408,133
2017-09-30,"Easton, MD","MD",494,1538,0.00918635170603675,0.0212483399734396,0.0740223463687151,548
2017-09-30,"Ada, OK","OK",495,787,-0.010062893081761,-0.00253485424588086,-0.00253485424588086,138
2017-09-30,"Moscow, ID","ID",496,879,0.00113895216400911,-0.00677966101694915,0.0439429928741093,475
2017-09-30,"Safford, AZ","AZ",497,1161,0.0130890052356021,0.0468890892696123,0.151785714285714,156
2017-09-30,"Bennington, VT","VT",498,1432,-0.0124137931034483,-0.0510271703114645,-0.0103662750518314,507
2017-09-30,"Huntington, IN","IN",499,711,0.00708215297450425,0.0304347826086957,0.0740181268882175,161
2017-09-30,"Escanaba, MI","MI",500,832,-0.00239808153477218,-0.00239808153477218,0.0196078431372549,148
2017-09-30,"Astoria, OR","OR",501,1441,0.0198159943382873,0.0155038759689922,0.0777860882572924,1343
2017-09-30,"Peru, IN","IN",502,680,-0.00146842878120411,0.00591715976331361,0.0256410256410256,334
2017-09-30,"Coshocton, OH","OH",503,695,0.00288600288600289,0.0145985401459854,-0.0155807365439093,169
2017-09-30,"Fremont, NE","NE",504,1069,-0.0092678405931418,0.00187441424554827,0.0647410358565737,248
2017-09-30,"Hutchinson, MN","MN",505,1188,0.00253164556962025,0.011063829787234,0.0303555941023417,752
2017-09-30,"Owatonna, MN","MN",506,1184,0.00254022015241321,0.0224525043177893,0.0295652173913043,206
2017-09-30,"Summit Park, UT","UT",507,2254,-0.00879507475813544,-0.0537363560033585,0.00625,9220
2017-09-30,"Laramie, WY","WY",508,945,0.00746268656716418,0.0172228202368138,0.0249457700650759,744
2017-09-30,"Big Spring, TX","TX",509,860,0,0.00702576112412178,0,181
2017-09-30,"Alexandria, MN","MN",510,1225,-0.00970088924818108,-0.00244299674267101,-0.0215654952076677,256
2017-09-30,"Coffeyville, KS","KS",511,655,-0.00606980273141123,-0.0223880597014925,0.0155038759689922,180
2017-09-30,"Seneca Falls, NY","NY",512,1034,0,-0.0105263157894737,-0.0743061772605192,707
2017-09-30,"Sulphur Springs, TX","TX",513,1210,0.0033167495854063,0.0125523012552301,-0.016260162601626,116
2017-09-30,"Martin, TN","TN",514,818,0.00987654320987654,0.0174129353233831,0.00368098159509202,382
2017-09-30,"Susanville, CA","CA",515,1334,0.00984102952308857,0.0381322957198444,0.0916530278232406,540
2017-09-30,"Arcadia, FL","FL",516,1247,0,-0.0111022997620936,-0.0196540880503145,849
2017-09-30,"Junction City, KS","KS",517,816,-0.0180505415162455,-0.0444964871194379,-0.0262529832935561,744
2017-09-30,"Butte, MT","MT",518,776,-0.0127226463104326,-0.0384138785625774,-0.0805687203791469,665
2017-09-30,"Angola, IN","IN",519,1116,0.000896860986547085,0.0229147571035747,0.00631199278629396,385
2017-09-30,"Dodge City, KS","KS",520,767,-0.00647668393782383,-0.0103225806451613,0.0199468085106383,208
2017-09-30,"Emporia, KS","KS",521,615,-0.016,-0.0667678300455235,-0.13623595505618,322
2017-09-30,"Frankfort, IN","IN",522,760,-0.00131406044678055,0.0133333333333333,0.0903873744619799,681
2017-09-30,"Taos, NM","NM",523,1217,0.00912106135986733,0.0124792013311148,-0.00490596892886345,1569
2017-09-30,"Cambridge, MD","MD",524,1447,-0.00138026224982747,0,0.0133053221288515,554
2017-09-30,"Madison, IN","IN",525,908,0.0156599552572707,0.0472895040369089,0.079667063020214,244
2017-09-30,"Brookings, SD","SD",526,779,0.0038659793814433,0.0103761348897536,-0.020125786163522,139
2017-09-30,"Albert Lea, MN","MN",527,1039,-0.0104761904761905,-0.0104761904761905,0.0116845180136319,836
2017-09-30,"Silver City, NM","NM",528,626,-0.0157232704402516,-0.0807635829662261,-0.193298969072165,143
2017-09-30,"McPherson, KS","KS",529,1014,-0.0126582278481013,-0.0278044103547459,-0.0523364485981308,376
2017-09-30,"Washington Court House, OH","OH",530,1201,-0.00414593698175788,-0.0033195020746888,-0.0227827502034174,138
2017-09-30,"Van Wert, OH","OH",531,882,0.0103092783505155,0.0327868852459016,0.0327868852459016,115
2017-09-30,"Great Bend, KS","KS",532,684,-0.00291545189504373,-0.00581395348837209,0.0839936608557845,254
2017-09-30,"Thomaston, GA","GA",533,1044,0.00384615384615385,0.000958772770853308,0.00288184438040346,380
2017-09-30,"Boone, IA","IA",534,828,0.00607533414337789,0.00852618757612668,-0.0654627539503386,137
2017-09-30,"Ottawa, KS","KS",535,934,-0.00426439232409382,-0.00849256900212314,0.00538213132400431,204
2017-09-30,"Marshall, MN","MN",536,1208,0.0024896265560166,0.00582847626977519,0.0228619813717189,107
2017-09-30,"La Grande, OR","OR",537,1182,-0.00838926174496644,-0.015,0.0706521739130435,332
2017-09-30,"Greensburg, IN","IN",538,923,0.00984682713347921,0.0347533632286996,-0.0345188284518828,120
2017-09-30,"The Dalles, OR","OR",539,1425,0.00920679886685552,0.0356104651162791,0.0953112990007687,245
2017-09-30,"Fallon, NV","NV",540,1147,0.00614035087719298,0.026857654431513,0.139026812313803,543
2017-09-30,"Connersville, IN","IN",541,650,0.00154083204930663,0.00619195046439629,0.0333863275039746,167
2017-09-30,"Spearfish, SD","SD",542,945,0.00746268656716418,0,-0.0762463343108504,243
2017-09-30,"Steamboat Springs, CO","CO",543,1772,0.00169587337478802,0.00567536889897843,0.00396600566572238,8186
2017-09-30,"Sterling, CO","CO",544,1361,0.0156716417910448,0.0542215336948102,0.104707792207792,401
2017-09-30,"Brookings, OR","OR",545,1305,0.0046189376443418,0.0211267605633803,0.026750590086546,718
2017-09-30,"Hood River, OR","OR",546,1578,0.00126903553299492,0.0134874759152216,0.0965948575399583,445
2017-09-30,"Dumas, TX","TX",547,1107,0.00453720508166969,0.00727934485896269,0.0128087831655993,124
2017-09-30,"Prineville, OR","OR",548,1154,0.0158450704225352,0.0462375339981868,0.066543438077634,201
2017-09-30,"Los Alamos, NM","NM",549,1081,0.0102803738317757,0.0275665399239544,0.0484966052376334,938
2017-09-30,"Fairfield, IA","IA",550,903,0.00333333333333333,0.0111982082866741,-0.0728952772073922,272
2017-09-30,"Craig, CO","CO",551,1288,0.00625,0.0141732283464567,0.0173775671406003,152
