"RegionID","RegionName","City","County","State","Metro","SizeRank","2010-09","2010-10","2010-11","2010-12","2011-01","2011-02","2011-03","2011-04","2011-05","2011-06","2011-07","2011-08","2011-09","2011-10","2011-11","2011-12","2012-01","2012-02","2012-03","2012-04","2012-05","2012-06","2012-07","2012-08","2012-09","2012-10","2012-11","2012-12","2013-01","2013-02","2013-03","2013-04","2013-05","2013-06","2013-07","2013-08","2013-09","2013-10","2013-11","2013-12","2014-01","2014-02","2014-03","2014-04","2014-05","2014-06","2014-07","2014-08","2014-09","2014-10","2014-11","2014-12","2015-01","2015-02","2015-03","2015-04","2015-05","2015-06","2015-07","2015-08","2015-09","2015-10","2015-11","2015-12","2016-01","2016-02","2016-03","2016-04","2016-05","2016-06","2016-07","2016-08","2016-09","2016-10","2016-11","2016-12","2017-01","2017-02","2017-03","2017-04","2017-05","2017-06","2017-07","2017-08","2017-09"
274772,"Northeast Dallas","Dallas","Dallas","TX","Dallas-Fort Worth",1,4005,3000,3950,3900,4000,4700,5000,5675,5000,4497.5,5250,3000,4050,4100,3900,4100,5000,5000,3500,5000,5050,4750,5000,5000,3600,4050.5,4900,2000,4550,4100,4700,3000,3000,5000,5500,3000,4450,5000,5000,3000,4994,8550,2345,4000,1900,2000,2637.5,5000,4250,5000,6000,6000,4300,4000,3500,4000,1000,5250,2600,5100,5000,3600,10000,4495.5,5550,3000,4050,5050,4875,4000,1125,9000,3500,4000,10000,7000,5000,4450,5000,10500,5000,5000,5100,5500,5000
192689,"Paradise","Las Vegas","Clark","NV","Las Vegas",2,5500,6700,5000,5000,5000,5100,5000,4200,4679,5000,4000,5000,5100,4900,5000,5200,5000,5100,5000,5050.5,3750,10000,6716.5,10000,3000,6200,5100,5000,5100,7000,5050,5000,4975,8100,4500,4950,4500.5,4010,5000,5100,5305.5,5000,5000,5005,5000,7200,5700,5000,5052.5,5000,5000,5000,4100,4100,5000,5000,5000,5000,5000,6949.5,5800,6000,8919,6000,6000,5000,4050,5000,9850,5000,5000,5000,5200.5,5550,5000,4900,5000,5090,5000.5,4100,5020,5000,5001,5994,6000
270958,"Upper West Side","New York","New York","NY","New York",4,50500,30000,30000,31000,40000,30000,40000,40000,50000,49500,45000,50000,44500,45000,51000,39000,50000,50000,50000,54000,55000,36000,50000,28000,42500,50000,51000,50000,82500,50000,42000,52000,55000,50000,50000,50000,47500,44500,50000,51000,60002,50000,62000,95500,72500,50000,50000,50000,55000,1e+05,58000,90000,1e+05,55000,95000,92000,55000,1e+05,1e+05,55000,1e+05,120000,1e+05,100112,1e+05,1e+05,85000,1e+05,1e+05,1e+05,1e+05,78000,1e+05,55000,75000,55000,1e+05,75500,75000,96000,96000,1e+05,60000,95000,100500
27080,"Sherman Oaks","Los Angeles","Los Angeles","CA","Los Angeles-Long Beach-Anaheim",5,15000,20045,15000,15000,14500,20000,14950,14900,11000,15000,15000,17250,16900,16000,10000,15000,15250,10000,10025,24000,17475,35100,16000,16000,15000.5,12500,20000,15000,8000,24500,32000,15000,30500,21500.5,20020,10450,7500,11500,15000,16000,15450,9100,10000,10050,10000,15000,10000,10999,10450,14000,15000,18000,14000,6500,9000.5,10000,16100,14000,12950,14000,10000,14050,20000,25500,18500,15050,12000,10500,10000,14900,14000,10000,10000,10000,10001,11000,22500.5,10000,17556,20000,15000,15000,15400,15000,20000
270957,"Upper East Side","New York","New York","NY","New York",7,30000,30000,34000,35000,26000,30000,30000,39000.5,35500,49000,40000,50000,40000,50000,50000,35000,70000,49000,49250,50000,50000,50000,45000,45000,47550,46000,50000,35500,49000,54000,50000,55000,1e+05,70000,77000,70000,55000,75000,50000,30000,50000,65000,93000,1e+05,1e+05,50000,65000,45500,1e+05,1e+05,140000,55000,1e+05,120000,1e+05,1e+05,1e+05,150000,110000,70000,1e+05,1e+05,155000,1e+05,149500,141944,1e+05,105000,1e+05,1e+05,81000,55000,1e+05,112500,55000,70000,150000,103000,1e+05,1e+05,104000,1e+05,95000,54000,75000
192796,"Spring Valley","Las Vegas","Clark","NV","Las Vegas",10,4000,5000,5000,5000,5000,4950,5000,4860,4900,5000,4995,5000,5000,4883.5,3000,5900,5002.5,6000,7000,7061.5,5000,4000,6450,7524,5050,4871,5000,4844,5500,5100,4500,5000,5000,5000,5000,5000,4950,4950,5000,5000,5810,5000,2900,5000,5000,5000,5000,5000,4100,5000,5000,4100,5000,4000,4000,4055,4025,4000,5000,4000,4250,4112,3000,4740,3001,3900,4100,5000,4250.5,3000,5000,5000,5000,5000,5000,4500.5,2500,5225,4000,4800,3000,7000,5000,5000,5000
112547,"Paradise Valley","Phoenix","Maricopa","AZ","Phoenix",12,9000,5000,5000,5000,7000,7000,7000,5400,5000,5700,9700,5000,8900,11050,10000,5000,10000,7100,4900,5100,6250,5000,5000,5000,5000,3800,5000,5000,7750,5000,5500,5300,4250,5000,5000,5000,3550,6400,5000,5050,5450,5000,5000,6400,5000,5049.5,3000,4250,4900,5000,3000,5000,4950,5000,3000,4450,3000,3950,5000,5000,4500,4900,5000,5000,4940.5,5000,5050,5000,5000,2900,5000,4500,5050,3900,4000,2000,3950,5000,4995,5000,4500,4075,5000,5050,5938.5
267955,"North Mountain","Phoenix","Maricopa","AZ","Phoenix",17,6099,5000,5000,5000,6272.5,4000,5000,5000,5500,5000,2000,2000,4000,4950,5900,1250,2700,2750,5000,5000,3750,5100,5000,4000,5000,5000,5250,5100,6050,1900,4100,5300,2250,8000,5000,5000,4900,5050,3500,5000,3000,5100,4600,4050,3900,4300,3863,3700,3000,4500,4400,3500,5000,5000,4990,3100,2900,5000,5000,4300,3000,3000,2900,2625,5000,5000,2750,5000,4050,4000,3300,5000,4650,3750,5000,3500,4900,4950,3000,2250,5100,4500,4050,2000,3000
273698,"Far North","Dallas","Dallas","TX","Dallas-Fort Worth",18,5450.5,3900,5000,5000,4250,4000,2800,3000,3500,4902.5,5000,5000,4500,3000,5000,6890.5,4900,4800,4100,3099,5000,3500,4250,4850,3000,5000,5000,2900,10000,5000,5100,3000,4600,4500,5000,4500,4100,3050,5000,5750,4800,7400,5000,2500,5000.5,4850,6099.5,4500,4500,4000,6000,3600,7550,7250,3750,10000,6000,5000,4000,5000,5000,5001,6549.5,11000,4950,8000,7000,6000,5950.5,17200,20950.5,19900,10000,12250,3500,2749.5,5950,7800,4000,7500,11000,9000,4997.5,10000,7100
267908,"Camelback East","Phoenix","Maricopa","AZ","Phoenix",23,7650,5000,5100,6000,7700,5400,7000,5000,5000,5000,4900,4950,6000,6000,5000,5000,5000,5100,5050,6925,5000,5000,5000,5000,5000,5000,5900,5000,4600,4950,10000,5000,5500,5000,5500,4950,5400,5000,5000,4250,5000,5000,5000,5050,5000,5400,5000,5000,6000,5000,5000,5900,5100,5000,5000,5000,5000,4250,5000,5052.5,5450,5000,5000,5050,5000,5500,5000,5000,5000,5000,5000,4900,5000,5000,6250,5000,5000,7100,5500,5000,5000,5000,5000,5000,4300
272734,"Alhambra","Phoenix","Maricopa","AZ","Phoenix",24,4900,4000,4950,4100,5000,5550,5000,5000,5500,8000,5000,4500,2400,3500,4950,3500.5,5100,5550,1200,1000,3000,3500,2750,2750,4500,4400,5000,2000,4000,3000,3500,3500,5000,2450,3000,2000,2200,3000,1500,2250,5000,4250,3000,2950,3000,750,2100,2250,2500,2950,4000,5100,5000,3250,3900,2600,3000,3000,4900,3000,3000,3000,4950,3000,4900,5800,5000,2100,3500,5500,5000,2000,2500,3005,1050,2300,3995,3550,6100,5000,4100,5000,5000,3000,6500
195267,"Harlem","New York","New York","NY","New York",29,26000,22500,18000,24000,16500,27500,30000,40500,30000,54500,47500,23000,23000,15000,26000,25000,27000,25000,20000,20000,24950,27750,26000,25000,21000,21000,10000,15500,30487.5,19000,191100,23000,40500,25000,12500,48200,30500,12000,25000,37500,15000,30000,23000,24000,26000,50000,39950,77050,24500,35000,37500,68500,20000,45001,15897.5,51000,45500,50000,35000,15000,46000,28000,28000,22500,51000,39000,42500,50000,27525,71000,27500,26000,39550,34000,30000,5000,40000,17500,34000,62000,25000,55000,25000,25500,49500
270828,"East Harlem","New York","New York","NY","New York",32,25000,10000,28020,57850,49000,24500,25000,35000,18000,27450,74000,18000,24500,37250,25500,122200,16000,20000,20000,20000,22000,12000,31788,20000,11500,1e+05,15000,47000,1e+05,1e+05,145000,25000,137500,46000,66800,70300,2500000,61000,20000,26000,124500,17500,30000,20000,24999,20000,15000,15000,51000,149500,25500,97500,92500,1e+05,45000,140100,55000,76000.5,132500,100500,110000,39000,90000,122500,45000,62500,140500,29000,38000,75000,66000,82000,110000,20000,37000,204999.5,50000,24000,52750,45000,51000,45000,20000,30000,25000
274742,"North Scottsdale","Scottsdale","Maricopa","AZ","Phoenix",34,10000,6000,10000,10000,10000,10000,10000,9900,10000,8900,6600,9495,10000,10000,9500,9900,10000,10000,8500,7000,10000,9000,10000,10000,10000,7000,5000,5000,9875,10000,7600,10000,5050,5000,5000,5000,5000,5000,5000,5000,5100,6000,6200,6000,5100,5000,5000,5000,5000,5000,5000,6000,6000,7000,5038.5,6500,5000,5000,5000,5000,4100,5000,6100,6750,7500,5400,6950,5000,5000,5000,5000,5000,5000,5000,5000,5045,6550,9100,6000,5000,5000.5,5295,5000,5000,5000
269592,"Logan Square","Chicago","Cook","IL","Chicago",61,10000,11000,10000,10000,10000,10000,11000,10000,10000,10000,10000,10000,10000,10000,10000,6000,10000,10000,10000,10000,10000,8550,10000,10000,11000,16000,16500,10000,5000,12500,13000,9000,8750,10500,10450,9900,6000,10000,12549.5,17500,15000,10000,5200,10000,10000,10000,10000,7100,10000,9100,10000,10000,10050,10000,10000,10000,8100,8250,10000,9800,10000,10000,10000,10000,7500,8450,10450,10000,6000,6500,12450,10000,10000,10000,8050,4000,9100,10000,6000,15000,10000,10000,10000,10000,10000
275454,"South Scottsdale","Scottsdale","Maricopa","AZ","Phoenix",63,9500,8600,5450,7165,9000,10000,7900,8450,9300,5000,9400,5100,6000,5000,5500,7300,8000,11000,9300,10000,6500,7500,5000,5000,5000,10000,7000,5000,6000,10000,10000,10549.5,5000,10000,5000,5000,4450,5300,5000,5650,5000,5000,5000,5100,5000,5000,5000,5000,5550,6500,5500,6000,7000,5100,8500,5000,5000,4100,4000,4000,4950,5010,5000,5000,6150,5500,5000,6000,6000,4000,5000,5000,5100,5800,5890,5000,5000,7000,5050.5,9350,5000,5000,4900,5000,3100
403131,"Sheepshead Bay","New York","Kings","NY","New York",74,20000,18045,9500,20000,10499.5,10000,10000,8499,10000,10000,10000,10000,10050,14000,10000,10000,10500,10000,10000,15000,10000,10000,8999.5,10000,10000,10050,10000,10000,10000,10000,10000,15000,9500,10000,10400,10000,10000,9000,6450,14900,10000,10000,13888,10000,8450,10000,10000,10000,8750,12500,7750,20000,10000,10500,10000,12250,10000,18000,10000,14250,6000,10000,12000,14000,10000,20000,10000,10000,10000,18000,13500,14000,14000,10000,11000,12000.5,12499,10000,14000,20000,17000,8000,15000,12556,14000
54300,"San Pedro","Los Angeles","Los Angeles","CA","Los Angeles-Long Beach-Anaheim",81,16250,10000,18000,14900,20500,14000,12000,15000,15000,10500,15000,11999.5,15000,13000,11000,10900,12450,10200,10000,10800,10000,10000,15000,15050,13800,25000,11450,7700,23000,23000,15000,10000,15050,10000,11000,10500,20250,14400,10000,5000,9550,10000,5000,12450,10500,10000,16000,14000,20500,10900,14750,14900,8800,10000,9000,10001,10000,9550,10000,10000,15000,10999.5,10000,15000,11200,10000,12950,10000,10300,12000,10000,14050,10000,10000,13000,11000,10000,15500,10000,17160,10500,8000,10000,20000,10000
273757,"Forest Hills","New York","Queens","NY","New York",83,10000,10450,10300,14000,20250,16000,22999.5,20000,20000,19500,20000,20000,16250,12888,14000,11750,10000,10899,10000,10000,10000,10000,10000,10000,10000,10000,10000,10000,10000,10000,10000,10000,10000,10000,10500,10000,9500,10000,9112,10000,10000,10000,10000,10000,10000,10000,10000,12500,10000,12000,16000,9500,10000,10000,10000,16000,14000,10000,5000,10000,10000,11000,10444,10888,14000,10000,11000,10000,10000,12500,24901,11500,10000,11000,21500,16500,23500,14112,10000,10000,19000,20000,17556,20000,22000
403169,"West Rogers Park","Chicago","Cook","IL","Chicago",89,8300,10000,10000,9500,10000,6000,9000,9500,10000,9900,7000,5250,5500,9075,10000,10000,8950,10000,9400,5000,7300,10000,10000,7750,10000,6001,5000,10000,5500,10000,10000,7000,5000,5000,5000,8000,9000,6095,5650,10000,9100,7500,5000,6000,10000,7500,6000,9770,7600,7000,5000,6000,5000,9500,6195,6000,5000,5900,5910,5000,5950,10000,8000,9000,7000,5000,9300,5000,5000,6000,8935,9902.5,5000,5050,5400,7100,9500,5000,5050,5000,5400,5000,6000,5000,5000
246678,"Princess Anne","Virginia Beach","Virginia Beach City","VA","Virginia Beach",102,10000,21000,12450,20000,19950,11000,19900,10000,23550,15100,14050,7000,9625,7000,12325,13000,6000,20900,14900,6700,8500,10250,11350,14000,12950,9750.5,17500,5000,5100,10000,39000,8000,10000,10000,10450,5050,6000,5000,4950,5000,5750,5000,5000,9700,5000,9500,7850,5500,5000,5000,5000,3500,4950.5,5100,5050,3400,8000,7600,5000,3250,4500,5400,6000,14500,5750,5450,4550,7250,8500,7525,7991,4950,4800,4950,4450,2500,4900,7550,4900,15900,5000,9000,3500,5100,5000
274117,"Jackson Heights","New York","Queens","NY","New York",103,11000,15000,10000,10000,20000,19951,20000,14000.5,15000,15000,30000,15200,15000,10556,13500,18000,20000,16000,10000,10000,10000,10000,10000,10000,10000,10606,10000,12450,14275,10000,10000,11500,10000,11500,10000,10000,9450.5,6000,10000,10000,10000,6950,10000,15000,8888,11000,3000,14182.5,8500,10500,8000,13000,6999.5,9450,9550,39000,46000,23500,10000,10000,10000,20000,146000,10000,14000,10000,38500,17500.5,28950,10000,16650,6000,10000,20000,19250,6000,20500,11000,25000,18000,17000,22000,5000,20000,12500
269566,"Albany Park","Chicago","Cook","IL","Chicago",124,9928,5900,10000,8100,9900,10000,10000,10000,10000,10000,9250,9000,10000,8750,10000,8300,5100,10000,9550,5000,9994,10000,10000,10000,10400,12500,5000,10000,9900,7700,8000,9300,6000,10000,7900,10000,6000,7100,6150,14500,8700,9600,8500,5550,5750,10000,6000,10000,8000,10000,10000,10000,10000,6500,10000,6500,9500,10000,5400,7006.5,8000,6755,8000,10050,6050,7000,10000,5050,10000,6000,6750,7000,5000,5100,4100,7950,7000,8500,5000,8960,5000,5100,7900,5000,9000
118920,"Westwood","Los Angeles","Los Angeles","CA","Los Angeles-Long Beach-Anaheim",126,24000,30000,21000,23500,30000,25000,35000,30000,31000,27500,35000,27000,30000,30000,29600,27550,20000,17594,30000,40000,29000,42000,22500,30000,25000,25000,16000,15050,25000,50000,35100,47500,30550,25000,20000,15000,21450,23900,40000,24000,46000,40000,41000,48000,34750,44500,50000,45000,39000,30500,49999,20000,62800,40000,26000,46000,40000,55000,26000,50000,25000,70000,78000,50000,25000,33750,46000,50000,48000,50000,37000,29000,14000,46000,51500,45000,34000,50000,70000,90000,55500,50000,36000,26000,50000
273860,"Gramercy","New York","New York","NY","New York",128,30000,20000,30000,20000,26000,30500,20000,39000,24500,23500,18000,102500,49000,25000,30000,96000,16000,30000,20500,15000,15000,25000,16000,10000,50002,29500,25000,43000,9000,20000,42500,38000,40000,24500,40000,30000,45000,1e+05,60000,80000,25000,23750,22000,12500,17500,22500,24500,25000,15500,46000,40000,90000,35000.5,50000,30000,45000,1e+05,28000,65000,25250,50000,30000,35000,46000,30000,102000,52000,52500,55000,52750,75000,49001,46000,47500,55000,40000,50000,25000,49000,50000,50000,50000,25000,50000,45000
269605,"Rogers Park","Chicago","Cook","IL","Chicago",132,10000,10000,10000,10000,10100,10000,10000,10000,10000,10000,10000,10000,10000,9500,7000,9000,10000,8000,7500,10000,10000,10000,10000,10000,10000,10000,5500,5000,10000,10000,8400,10000,10000,8250,6793,9000,10000,9000,7900,7800,10000,10000,10000,8000,8050.5,5500,8000,10000,10000,9100,10000,5100,10000,9000,10000,5900,6000,6500,7250,6000,6000,7194,5250,5100,7000,8099,6000,5900,5000,5900,9000,5000,6099,5100,5800,5000,5000,5000,5000,5100,4900,8700,5901,5100,5000
244707,"Kempsville","Virginia Beach","Virginia Beach City","VA","Virginia Beach",140,7500,5050,5550,4000,7500,7050,10000,7000,5000,7000,7500,5000,7000,5001,5000,4950.5,4050,9999,8950,9400,5000,5000,5000,5000,4950,10000,9100,5100,6550,7500,4000,10000,5000,8000,5000,8850,5550,5000,9750,6250,10000,10000,10000,5001,8025,5000,5500,4950,3000,10000,5000,5250,8300,5005,6300,9950.5,9900,3250,6500,7550,4100,7000,6150,5000,5000,9100,5700,5000,5100,5000,3900,5000,5000,5000,5000,5000,5000,5000,3250,5000,5000,6000,5000,5099,5000
111617,"Casas Adobes","Tucson","Pima","AZ","Tucson",149,10550,6000,9950.5,13250,10000,10000,7560,10000,6300,8000,5500,3750,6000,11175,10700,6850,5050,5500,5850,6500,5900,4600,5499.5,10450,8000,10000,9800,5000,10000,8000,8000,9000,10000,10000,3450,7500,5000,3000,5000,5100,5000,5000,7625,5000,5900,3000,5000,7450,7200,9000,5250,5000,9000,6000,6400,5000,5050,4950,5950,3000,3950,9100,5395,4600,5500,7500,5000,4250,5000,5000,5000,5500,5800,5000,3500,4950,4250,7450,5000,5300,5100,5000,5000,5100,5000
273496,"Downtown","Memphis","Shelby","TN","Memphis",157,10000,10000,6950,7550,15000,10000,7150,9050,10000,10000,10000,9250,10000,10000,5950,9600,9500,9500,10000,10000,10000,10000,6100,10000,6000,8800,10000,7000,5000,10000,5000,5100,5400,6750,6450,6000,5100,7900,9500,5000,5050,10000,6400,8400,6000,7500,5500,5000,4050,5000,4550,2300,5100,7299.5,5100,4500,8900,7000,7400,7300,6000,9550,10000,8949.5,14900,3500,4000,4000,5700,4000,11100,6000,12100,10000,5000,12000,9900,7050,8100,7500,10000,6000,10000,10000,10000
403528,"Woodlake - Briarmeadow","Houston","Harris","TX","Houston",165,4100,3100,3500,4900,5000,4050,5000,3000,4000,3900,5050,5000,4000,4000,5000,5000,3500,4000,4000,4526,3000,4000,4000,5000,4000,3500,5100,3000,3000,2500,4650.5,8050,3001,3500,4000,5000,4000,5000,2300,2750,7100,5000,2950,2250,10000,6000,3000,4250,4725,7000,9500,4200,5750,4500,4900,8000,5000,4300,5250,6500,3500.5,5000,8000,5000,5000,5000,5050,4495,2500,4300,5000,4500,2750,4300,3000,2550,4900,5000,5000,2550.5,3900,5000,4000,4974.5,3000
276254,"Chelsea","New York","New York","NY","New York",168,26000,30000,30000,20000,25500,42000,32500,20000,47000,34000,42500,20000,62500,50000,87500,50000,50000,88000,25000,70000,110000,80000,402500,42000,55000,22500,1e+05,78000,62500,104500,118000,1e+05,1e+05,20000,25000,26000,35000,27500,40000,75000,10000,26000,105000,32500,85000,25000,79500,45000,1e+05,145000,150000,320000,230000,2e+05,97502.5,150500,1e+05,205250,1e+05,1e+05,1e+05,155000,2e+05,1e+05,1e+05,1e+05,1e+05,110000,150000,105000,152500,1e+05,1e+05,80000,145000,95000,1e+05,1e+05,1e+05,1e+05,145000,1e+05,80000,1e+05,1e+05
269589,"Lake View","Chicago","Cook","IL","Chicago",170,10000,10100,10000,10000,10000,10000,10000,10100,10900,10000,11000,10000,10900,10000,10000,11000,14900,10000,10000,10000,10000,10000,10000,10000,10000,10000,10000,10000,10000,10050,10000,10000,9950.5,11000,10000,10000,11000,10000,10000,13500,10000,10000,10000,10000,10000,10000,10000,10000,10000,10000,14000,9995,8100,10000,10000,10000,10000,10000,10000,10000,10000,10000,10000,7500,10000,10000,10000,10000,12250,10000,10000,10000,10000,10000,10000,10000,10000,10000,12450,10100,10000,10000,10000,10000,10000
274835,"Oak Lawn","Dallas","Dallas","TX","Dallas-Fort Worth",175,10000,10000,9100,10000,10000,10000,10000,10000,10000,9000,7475,6750,7250,5400,5450,9100,9925,9000,10000,10000,7750,7900,8600,7000,9500,10000,8250,5000,6000,5000,5000,6500,5000,6000,5000,6000,5000,6475,7900,5000,8950,7455,7900,5000,5000,5500,5900,6000,5000,7160,9000,10000,6000,10000,6000,9000,10000,6000,10000,10000,10000,13500,11000,10000,16750.5,16000,14000,14550,12000,10500,10000,10000,10000,10000,10000,9550,10000,10000,10000,10900,15000,10000,10000,10000,9100
271411,"Greater Uptown","Houston","Harris","TX","Houston",177,6000,5750,6072.5,7950,9100,6500,6000,6500,5100,6100,9500,6000,10000,7900,6450,9100,7500,5050,5000,5100,5100,5000,5000,5500,7507.5,5000,5000,5901,8050,10000,9550,6450,5900,3900,10500,5000,5100,8000,10000,4100,13000,10000,10000,12500,10100,10000,9900,9900,10000,11000,14900,12500,10000,10090,11900,10520,10000,10000,10000,6000,10000,10000,10000,10000,10000,11000,11725,10000,10000,10000,10000,10000,10000,10000,10000,10000,10000,8850,9050,10000,10000,8100,10000,9000,5100
48200,"Valencia","Santa Clarita","Los Angeles","CA","Los Angeles-Long Beach-Anaheim",183,10000,10000,10000,10000,10300,15000,12100,10000,10550,10949.5,10000,10000,10000,10000,10000,11400,18600,14000,10000,16000,10000,10050,10499.5,13050,10000,12999,20000,10000,16500,15001,10050,15500,6550,14000,10000,14000,10000,10000,9901,11500,5000.5,7375,8000,9000,9000,10000,9000,10000,10000,10000,6000,6000,7400,5450,5200,10000,10000,10000,10000,10000,5000,6000,10000,10000,10000,6351.5,6000,7000,9950,10000,9075,10000,10000,10100,10000,5387.5,10000,10050,10000,10000,10000,11000,8000,12500,9100
195133,"Greenwich Village","New York","New York","NY","New York",186,50000,45000,42000,26000,22000,28000,24000,21000,33000,60000,26000,25000,26000,40000,20000,35000,42450,56000,46000,57000,40500,1e+05,120000,24000,87500,22500,1e+05,32500,2e+05,25500.5,25000,250000,50000,55000,50000,64500,1e+05,89000,35000,101000,2e+05,50000,1e+05,105000,250000,49999.5,30000,69250,150000,105000,147500,150000,150000,127500,43500,102500,102000,55000,1e+05,45000,1e+05,150000,105000,130000,220000,73000,249000,87500,1e+05,65500,147500,49995,85250,1e+05,52500,2e+05,1e+05,180000,150000,203000,187500,1e+05,1e+05,197500,120000
275127,"Rancho Bernardo","San Diego","San Diego","CA","San Diego",187,12000,12000,10000,11500,10000,10000,10000,10000,10000,10000,10000,10000,10000,8700,10000,9944,11025,10000,10000,10000,10100,10000,14500,5000,10000,15400,18000,10000,11000,13500,14000,4000,10000,7650,10000,10000,10000,5450,10000,10000,9050,10000,10000,9100,9500,10000,8499.5,10000,9000,9600,10000,8500,10000,10000,11000,10100,9000,10000,10900,10000,10000,14000,11000,8450,14000,20000,7000,10000,14500,10050,10450,9950,8450,10000,12750,20000,10900,10000,10000,12500,10000,10000,10000,9000,6000
6719,"Rego Park","New York","Queens","NY","New York",202,19000,8500,20500,21000,24000,15888,19000,20000,19056,10000,25999.5,16000,17500,20000,16000,16000,13000,20000,10000,9001,10000,10000,10050,10100,10000,10000,10000,10000,6888,7000,10000,10000,10000,10000,10000,11550,10999,8000,10000,10000,6000,7556,10000,7500,11000,10000,10000,10500,9944,7495,10750,10000,10250,70000,10000,11000,12000,10000,15500,9500,22000,14944,20000,10000,10000,19000,19500,9000,11000,10000,10000,15000,21000,9500,20000,8056,11000,25000,11000,10000,10000,10500,7550,10000,21944
268938,"Coral Way","Miami","Miami-Dade","FL","Miami-Fort Lauderdale",207,10950,10000,10550,10000,10000,15000,17500,10000,8000,15000,15500,5000,35300,10000,9000,33250,17000,10000,40000,30000,14900,15000,10000,6000,9300,10000,10000,10000,10000,5750,12500,20000,5400,11000,17000,15000,13000,10000,15000,15900,10758,5900,10000,10000,5450,7000,9500,10550,7775,10000,10000,7750,10000,10000,6400,10000,15000,15000,12750,10000,7300,10000,10000,15000,10000,15000,8906.5,7000,11000,10000,10000,11500,10000,5000,10000,11000,10500,10000,10649,6250,10000,10000,7950,13450,5500
269608,"South Shore","Chicago","Cook","IL","Chicago",219,5000,8050,7000,5000,5000,10000,5000,4900,5000,5000,4997.5,3000,5450,5000,5000,10000,6000,5000,4900,7500,6000,5000,5000,5900,5000,5000,5000,5000,2200,4000,5000,5000,4000,2800,5000,5000,3000,3650,3000,5000,3500,6200,9800,2550,2600,5000,5000,4900,3650,5950.5,3000,3000,2000,3500,2000,5000,2600,2800,4100,5000,3000,2875,5000,5000,7500,5000,5000,5000,6550,5000,5450,5000,5000,6750,4500,5050,5000,5000,4999.5,4900,5500,3000,5000,4000,2000
241514,"Bayside","Virginia Beach","Virginia Beach City","VA","Virginia Beach",239,8450.5,9900,7600,3550,6000,7900,6050,5450,10000,10000,10000,5000,6700,6400,6050,9750,9000,5900,10000,8000,9450,8505,6900,7500,7000,6600,8750,9900,9000,5600,6400,5900,5000,6700,10000,5000,8000,6500,5100,10000,10000,9000,4950,5000,6500,5000,5999,7000,6550,7000,4950,10000,5600,5000,5500,5000,7100,8250,5100,6000,5000,6000,5000,9500,9000,5000,3000,5000,5000,5000,6750,5000,5900,4900,5250,4950,4500,4950,4000,6050,5000,5000,5050,5050,5000
269585,"Humboldt Park","Chicago","Cook","IL","Chicago",247,19550,18500,8500,16500,10000,9000,8600,11055,10000,10000,17000,11000,10000,14100,10000,14950,13750,12500,14000,15000,14100,12450,10000,5004,10000,10000,15500,17700,15550,10000,10000,15010,10000,10100,10000,10000,10000,10450,9100,10000,10500,10000,11175,10000,10000,10500,12950,10000,10000,10000,10050,10100,10000,5500,9500,10000,9955,10000,5700,9050,8049.5,10000,9000,9500,10000,7050,300,7000,10000,10000,7250,10000,9250.5,10000,10000,10000,10000,10000,10450,10000,14000,8500,10000,10000,10000
403295,"Lake View East","Chicago","Cook","IL","Chicago",252,11500,10000,9900,10050,10050,10000,10000,10000,10000,10900,10000,10000,10000,10100,10000,15000,10000,10000,10100,15000,15000,10000,10000,10000,10000,10000,10450,7000,10000,14900,10000,14000,11000,10000,10000,10999,10000,10000,10000,10500,10000,10000,10000,10000,10000,10000,10000,10000,10000,9600,9050,7250,10000,10000,10000,10000,9100,10000,10000,7550,10000,10000,10000,10000,5900,10000,9950,10000,7500,10000,6950,10000,10000,10000,10000,5999.5,8750,10000,10000,10500,10000,10000,16000,10000,10000
269600,"North Center","Chicago","Cook","IL","Chicago",257,14900,9100,12250,10000,14900,5100,15000,10000,8000,10000,10000,10050,9000,10050,14900,11000,10000,10000,7500,10000,9500,10000,16050,10000,10000,10001,10050,10000,5000,9100,7980,9100,10000,9950.5,10100,10000,10000,10000,16450,7500,10000,18500,10000,12750,7500,10000,10000,10000,10000,10000,7550,15300.5,10000,8200,8050,9500,10000,6550,9000,5000,7750,10000,12750,12050,14500,4550,10000,10900,8000,9550,9750,8950,9100,9000,5650,7500,5500,10000,10000,10000,10000,9100,11000,10247.5,10000
269607,"South Loop","Chicago","Cook","IL","Chicago",261,11000,10000,10000,10000,15000,13300,10000,14000,11999,14450,15000,10000,10000,10000,15000,10000,10000,10000,10950,10000,14000,14900,14500,10000,10500,10000,10000,10000,17450,17000,10000,13000,14000,22900,12450,10000,14000,10000,13000,13000,10000,15000,10000,10000,10000,10000,11900,10000,10050,10000,10200,10750,10000,12450,10900,10000,10050,10000,10000,10000,10000,10000,10000,10900,10000,10000,8300,10000,10000,10000,10000,10000,10050,10000,10000,9750,7700,10000,14000,10100,10000,10000,10000,10000,10000
155633,"South Boston","Boston","Suffolk","MA","Boston",262,15000,10000,10000,10000,10000,10000,9100,10000,10000,10000,10000,10000,10000,10000,10000,10000,10000,10000,10000,10000,10000,10000,10000,15000,14100,10000,10000,10000,12000,10000,20000,12000,12000,10000,10000,7550,20000,10000,20000,12500,12000,15000,20000,15000,14000,18000,11250,17500,10500,14000,23000,14000,20000,20000,18000,20000,10000,20000,14000,20000,20100,20000,10499.5,10000,20000,35000,25050,30000,25000,30000,26000,27050,30000,24999,20000,20000,20000,10000,30000,26000,25001,20900,30001,19100,30000
276060,"Whitestone","New York","Queens","NY","New York",269,10000,15500,10000,13500,15000,20000,12105.5,10000,10000,16000,16000,10000,19100,10000,10000,12000,10000,10000,10000,10000,10000,7250,10000,10000,10000,10000,10000,10000,18000,12000,10000,10000,7000,10000,7000,10000,10000,10000,10000,11500,10000,10000,7000,9112,6444,10000,8000,6500,11000,5450,10000,17500,10500,7500,14556,11000,16500,19000,8000,10000,17056,15000,10000,19000,21000,10000,11600,14000,20000,10000,10000,10888,11000,10000,5000,8000,10500,10000,12500,10000,15000,11000,10500,10000,20000
121697,"Columbia Heights","Washington","District of Columbia","DC","Washington",276,12000,19000,15400,13000,14000,15250,14950,10000,10000,10500,10000,14960.5,10000,14300,15000,20000,10100,10000,20000,17500,14100,9800,10000,14400,17500,10000,14050,17950,28000,12500,26000,24001,20000,15500,16020.5,9750,5550,10000,18000,10000,25000,12500,15000,14100,12250,5000,10000,10000,10000,15000,14050,20000,14900,12500,15050,25050,20000,20499.5,19503,22000,16000,10300,11000,200,15000,15450,22450,20000,10834,10499.5,10050,15000,15500,20000,9750,10000,15000,15000,12500,24000,10001,20000,15500,14000,20000
403145,"Bronzeville","Chicago","Cook","IL","Chicago",312,8500,15050,11000,10100,10000,10200,12550,20000,10000,9250,15000,12000,10000,17000,7200.5,10950,8000,10000,10000,10000,15000,10000,6000,4749.5,17500,10100,5500,6450,9000,10000,8000,10000,7000,5000,8250,7000,5000,10000,5000,5200,5000,7000,5000,7550,5000,8000,6150,9500,8000,8019,5000,10000,10000,10000,10000,9550,10000,9050,10000,10000,10000,9100,10000,9300.5,11600,9000,10000,12550,10050,6900,6350,12500,10000,8100,8499.5,9000,9950.5,9010,9000.5,6000,8300,9500,10000,10000,6000
275429,"South End","Boston","Suffolk","MA","Boston",327,17950,16000,20000,20000,23000,15000,20000,16000,20000,19000,14000,16000,20000,20000,18000,12050,15000,16000,10000,35000,24000,20000,14000,15000,13000,10050,20000,20000,25000,20500,29100,20000,22500,13000,22500,20000,30000,20000,24000,35200,25000,27500,50000,40000,20000,36000,14000,20000,20000,25250,27500,15000,22000,32500,25000,20500,32500,40000,30000,20000,29901,42000,25000,21000,33000,16000,26000,15000,24000,49500,24100,34900,46000,40000,40000,20000,50000,50000,27050,37500,49500,30000,52500,30000,54500
133141,"Hawaii Kai","Honolulu","Honolulu","HI","Urban Honolulu",328,10000,14000,10000,10000,17400,12000,12000,13500,10000,15000,10000,20000,13000,20000,14500,17500,6750,12600,10000,11000,11000,10500,11800,7000,15450,17500,20000,62550,20000,20000,20200,7000,6000,10000,17500,14000,35000,27000,22000,27000,15000,20000,20100,9000,18100,20000,40000,25500,32000,28500,27500,16000,20000,15500,21000,13000,22000,21500,12550,19500,16000,10000,20000,15000,18000,19949.5,10524.5,20000,20000,14000,15000,17000,24999.5,25556,25000,26000,38500,15000,20000,19501,10500,17500,10000,26000,19000
403557,"Neartown - Montrose","Houston","Harris","TX","Houston",335,7000,10000,10000,7000,9144,7900,9900,10000,9000,6300,9950,11750,10500,10000,19100,5000,5250,9500,6450,6000,10000,5000,9010,6000,4900,5950,5000,5000,5750,10000,9228,7400,5000,12550,10500,3500.5,4999,5800,5000,8800,13000,13400,8000,7900,12000,10000,16000,14100,77000.5,10700,17450,24000,14700,10000,8000,18000,11000.5,5550,10000,10000,10000,10000,10000,6000.5,5500,10000,6500,9100,5000,5500,11000,7750,6000,5900,5400,10050,7000,6500,9100,5000,10000,7000,7700,6749.5,10000
270835,"Financial District","New York","New York","NY","New York",347,74000,36500,49000,71500,26000,228000.5,35500,47500,52000,25000,35000,55000,30000,101000,26000,1e+05,60000,65500,48000,25000,47999.5,55000,30000,57500,52500,26000,20000,87000,51000,61999,60000,80000,40000,95000,80000,80000,50500,42000,180000,10000,70000,51000,15000,29100,39000.5,25500,27000,32500,26000,80000,24000,29502.5,58000,51000,22500,28000,37500,21000,25000,30000,26000,28056,26000,37500,40000,30000,52500,26000,50000,50000,30000,51000,45000,40500,47000,37000,45000,30000,50500,59100,52000,65000,45000,25500,50000
44302,"Briarwood","New York","Queens","NY","New York",352,5000,11000,13950,14950,8000,15000,36950,15050,10000,15040,11000,10500,10000,10000,10000,10000,15000,10000,10000,9000,7000,4800,7350,10000,10000,10000,6000,6000,10000,7000,10000,10000,10000,10000,7000,10000,7999,7000,12400,10000,7600,8002,7500,6000.5,6955,7000,6000,6900,6500,10000,13444,4500,10045,10000,10000,6000,5050.5,6000,10000,10000,5000,5000,8277,5000,8888,2000,5000,7000,7000,10000,22056,9112,12500,21000,83000,9500,11000,17500,10000,6500,14500,15000,18720.5,5600,10000
46087,"La Jolla","San Diego","San Diego","CA","San Diego",354,26000,19000,24900,17550,24100,18000,22500,20100,24000,20000,19952.5,25000,18000,19550,16000,24000,25000,22500,25000,20000,20500,25000,29525,30000,38750,32000,15000,20000,17000,21000,24000,16600,29450,25000,20000,24550,20000,16000,16000,23100,12450,20000,25100,20000,21055.5,20000,20500,25000,16000,20000,24000,10000,16000,30000,30876,40000,30899,15100,27000,20000,50000,25500,27000,25000,30000,20450,25500,23000,26000,40000,20000,25000,17950,22500,30000,19500.5,50000,50000,47500,50000,25000,35500,28000,49000,20000
403206,"Flatiron District","New York","New York","NY","New York",362,50000,60000,51000,20000,26000,50000,60000,55000,50000,50000,50000,46000,49000,75000,177500,1e+05,22550,75000,125000,145000,105000,255000,20000,25000,65000,96000,47000,50000,75000,67500,62500,150000,105000,75000,87500,75000,48000,80000,50000,95500,165000,1e+05,50000,72500,175000,75000,96000,50000,140000,60000,50000,50000,30000,40000,51000,2e+05,1e+05,50000,97500,90000,1e+05,1e+05,2e+05,222500,1e+05,87500,137500,125000,1e+05,115000,1e+05,127000,120000,145000,150000.5,76000,165000,2e+05,1e+05,1e+05,1e+05,1e+05,1e+05,90500,100500
117156,"Pacific Beach","San Diego","San Diego","CA","San Diego",364,15000,10000,10000,11333.5,13200,15000,16000,14000,14000,10750,12000,10000,10000,10000,16000,16000,5000,13750,17500,13500,10000,24000,20000,10000,16938,19500,5038,4000,17500.5,3500,22000,21000,21300,20000,12600,17050,10000,10000,10000,8750,20000,10000,10200,9950,10000,21000,10000,10000,15000,12600,9000,9000,16875,25000,20000,15777,17500,20000,17000,17250,19000,20000,19950,25900,19550,14000,14750,22475,17500,15000,20900,20000,15000,24995,25000,11000,19550,34000,10050,15000,23050,20000,19100,15450,10000
267847,"Northeast","Anchorage","Anchorage","AK","Anchorage",366,5000,5000,4000,5000,4000,4450,5777,10000,5000,5000,3000,5000,4900,5500,6000,10000,5000,3000,5000,7500,4950,3550,5050,5000,5000,4500,5700,1200,1750,2500,3000,5000,3900,4000,4450,5000,3900,4250,1500,5000,5000,3750,2500,3500,6250,4500,5000,5000,5500.5,5000,4100,4638.5,2000,2400,5922,5250,5000,4000.5,4750,5000,4000,4250,3000,9500,9900,4600,4100,4200,5000,5000,5000,5000,3950,5000,6000,5000,6000,9100,5000,5000,5000,3000,3000,4400,5000
33597,"Ravenswood","Chicago","Cook","IL","Chicago",379,10000,10000,10000,9450,10000,9550,9100,10000,10000,10000,10000,10000,10000,10000,10000,10000,10450,10000,10000,10000,11750,10000,7400,10000,5250,10000,10100,8500,5950,10000,10000,10000,10000,10050,8000,5950,6500,9500.5,5000,27000,10000,10000,9900,9100,10000,10000,10000,10000,9550,10000,7500,15000,10000,7550,6000,8988,5000,10000,9500,9800,10000,9050,8000,12450,10000,16900,8750.5,9100,10000,5900,6000,6550,7400,10000,10000,10000,6500,5000,5800,5050,5000,5000,10000,10000,10000
273478,"Douglaston-Little Neck","New York","Queens","NY","New York",408,10000,9000,9000,10000,10000,10000,10000,10000,9900,10000,18500,10000,10000,10000,10000,10000,10000,14000,10000,9802,9100,10000,9000,10000,10000,10000,10000,10000,10000,10000,8000,10000,8750,9223,9111.5,6000,6000,8020,9100,6561.5,6000,31000,10000,16000,8000,6000,10000,11500,6000,10000,9000,20000,22500,7000,10250,16000,5000,10000,11000,8000,10000,10000,9000,12999.5,6000,9000,7000,5750,17444,12500,8000,7050,19500,20000,13900,13333,9056,4750,51000,9100,10056,10000,20000,12450,14000
269615,"West Town","Chicago","Cook","IL","Chicago",412,14000,10000,10000,15000,17800,16000,10400,10000,14500,12100,10450,10000.5,10800,14100,12950,13250,14010,10950,11000,10050,10000,10000,11150,18600,10000,12000,5000,2000,5250,10050,10000,10945,10000,10000,10100,8000,10000,14900,10000,17000,14800,10000,10450,14100,10000,10900,10000,10000,10000,14100,10450,10000,10000,15000,9050,10000,10000,6994,10000,10000,15100,10000,10000,10000,10000,15000,10000,10000,10000,12700,7600,10000,10000,10000,10000,10000,13000,10000,11500,14000,15000,10000,10000,10100,10000
623416,"Flamingo Lummus","Miami Beach","Miami-Dade","FL","Miami-Fort Lauderdale",424,10100,10000,12000,14600,10000,14100,10050,15000,12450,19000,15000,14100,15000,20000,17000,11000,19639,13000,15000,10100,10000,14000,15000,11000,14000,14484.5,10000,15000,10000,10000,12500,12250,12450,10300,16000,13000,15000,10000,13000,15000,14000,10999,11200,14100,10000,10000,10000,10500,14000,10000,10000,10900,12000,12500,11000,17750,10000,14400,12350,10000,10000,10299.5,10000,10000,10900,15000,15000,10000,10000,10000,10000,10000,10000,10000,10900,10000,10950,10000,10000,10000,10000,10000,10000,10000,10000
192895,"Winchester","Las Vegas","Clark","NV","Las Vegas",427,15000,8000,6450,10000,5500,6000,4000.5,5000,5800,13200,5550,23175,20000,17500,10000,8450,10000,5000,6000,2700,10000,3500,8000,8100,10000,5000.5,4250,8000,4901,10000,5000,4000,4299.5,7500,7550,5090,5000,8187,6600,10000,5000,10000,7550,5000,10000,10000,9050,4000,5000,7000,5000,2000,3000,4000,9000,8000,6000,10500,8600,10000,10000,4600,11000,10000,10000,5000,16000,9000,8550,10000,10500,10000,3500,4500,5000,9000,10000,17300,15000,2950,18000,10000,19525,5000,15000
403257,"Edgewater Beach","Chicago","Cook","IL","Chicago",429,10000,10500,10000,10000,10000,9100,9001,10000,10000,10000,6100,10000,10000,10000,9900,9300,10000,9500,8000,10000,10000,9550,10000,9800,7000,6500,10000,7000,6050,10000,10900,7000,9500,10000,10000,5900,10000,7400,10000,10000,10000,10000,7000,8500,5900,10000,9000,6000,6200,8525,9100,10000,10000,9000,9950,9100,9500,10000,5900,6500,7925,5575,9100,9500,5000,5000,8550,8900,6000,6000,5850,7455,7750,6800,5000,9897,5000,6000,5000,5750,5300,5700,6000,8100,5100
274676,"Kew Gardens","New York","Queens","NY","New York",437,13000,10000,12001,20000,20250,25750,31755,9950,20900,10000,15100,12000,15800.5,14901,14000,13112,10500,10050,10000,10000,10000,10000,10000,7000,10000,9001,6000,8556,8550,6000,10000,6000,9000,5500,7500,11250,4500,10000,5000,7500,4750,10000,8000,10000,10000,10000,10000,10000,7000,8200,10000,10000,7500,10500,17190,14000,15000,10111,10000,10000,8944.5,6000,12000,11444,7500,10000,5000,10000,28600,20000,20000,9750,17500,33000,24449,10000,3500,10112,12500,10500,20500,20000,15000,10000,14500
55477,"Brickell","Miami","Miami-Dade","FL","Miami-Fort Lauderdale",445,20000,19000,21000,20000,16000,18000,15000,16000,20000,20000,20000,20000,19250.5,18000,17900,15650,20000,20000,19000,22000,15000,20000,20950,21000,20000,19000,10500,24000,22600,20050,20000,15000,15000,14950,20000,15000,15100,20000,20000,14950,16000,19000,20000,15000,15000,15100,14000,13000,20000,15000,19050,15600,19990,19000,19000,16000,15000,16230,16000,16000,16000,15000,20000,20000,20000,20000,20000,16000,15000,16000,15000,15000,15000,20000,16000,20000,19943.5,19000,20000,18500,20000,19000,15000,15000,15050
133535,"Waikiki","Honolulu","Honolulu","HI","Urban Honolulu",465,11000,12000,10000,9000,10997,10000,10100,10000,10500,10000,10000,15000,11000,10000,10000,7501,10000,10000,16250,14000,10000,14000,11450,10000,10000,11388,15000,10000,10000,19000,15000,12000,10000,15000,14900,12000,20000,10000,15000,15000,10000,12000,10000,14000,10000,14550,15000,10000,10250,10000,15000,10112,11800,18500,10000,11000,14000,15000,11000,14000,15500,12000,13000,10000,13000,16000,10250,15000,15000,10000,13000,13000,11000,14000,16000,18000,14000,15000,15000,10000,10000,15000,10000,10000,13000
272836,"Back Bay","Boston","Suffolk","MA","Boston",473,34000,37000,16000,20000,38250,33000,20000,15000,20000,25000,20000,10000,25000,20000,20000,11000,25000,10000,30000,16000,20000,19000,12500,22500,68000,50000,50500,25000,1e+05,26000,23950,25005,26000,26500,74000,50000,50000,50000,75000,33000,25000,24500,205000,30000,50250,40000,24000,20000,25000,42500,57000,26000,16000,192500,37750,1e+05,31000,50000,25000,34500,39000,53000,80000,116000,1e+05,50500,50000,62500,50000,50001,96000,62550,120000,1e+05,1e+05,222500,150000,65500,81500,49500,80000.5,1e+05,55000,32500,64500
269597,"Near North","Chicago","Cook","IL","Chicago",478,12000,15000,81500,15000,16000,16000,10000,10000,19000,10100,14100,12000,15000,10000,15000,20000,19100,25000,12500,15000,12500,19714,24438.5,17000,14100,9500,20000,13300,14000,9550,14600,10500,11250,10000,20000,21000,10000,12000,20000,13000,10500,10050,15050,24100,10100,10000,12500,10000,13000,10000,10000,20000,20000,10000,10000,15000,10000,9000,9900,10000,10900,10900,14000,19000,11000,10900,14950,15500,15000,14975,15000,10000,10500,15000,10000,10000,20000,20000,20000,14950,15000,13000,20000,25000,15000
269609,"Uptown","Chicago","Cook","IL","Chicago",486,9900,11720,10050,10000,15000,10000,10000,10000.5,10000,10000,10000,10000,6300,10000,9950,10000,14250,13000,8325,10000,10000,9500.5,10000,6000,14000,4250,10000,7100,5000,10000,6000,10000,10000,10000,9100,10000,10000,10000,5550,10000,9999.5,10000,6500,9750,9000,10000,8550,8700,10000,5099.5,10000,10000,5000,10000,5300,6050,10000,10000,10000,9950,10000,10000,10450,6000,5000,9750,10000,10000,10000,9999,9500,5900,9550,5550,7450,10500,10000,10000,7250,6050,9100,9901,10000,5900,9050
270946,"Sutton Place","New York","New York","NY","New York",486,26000,26000,32500,50000,50000,50000,52000,28000,50000,50000,122500,24000,51000,1e+05,25000,51000,27500,55000,25500,30000,50000,35000,29999,66000,1e+05,55000,32500,37000,45250,50000,52000,30500,25000,30000,40250,28750,1e+05,30000,50000,59500,60500,46000,46500,47500,46000,74000,70000,50000,50500,99000,57500,275000,60000,21000,95000,75000,80000,45000,50000,65000,72500,70000,54000,45000,1e+05,145000,73000,55000,65000,72500,32950,50000,1e+05,80500,1e+05,80000,75000,115000,90500,99000,67500,77500,75000,60000,55000
26061,"Nanuet","Clarkstown","Rockland","NY","New York",491,17500,9050,5500,9500,10000,10000,6000,12000.5,5000,8549.5,10000,10000,5900,9000,8600,14950,9050,7500,9950,10000,10000,9050,5000,7250,10000,8000,12400,12200,8000,10000,10000,9600,14900,9975,7600,5128,10000,5100,10000,10000,5000,8950,10000,8000,9000,6000,10000,10900,5000,9889,6100,9325.5,5100,16500,6000,6000,9050,9050,6000,8300,7900,10000,6500,4950,10000,6000,10000,10000,9000,9500,5500,6000,10000,5900,4900,7500,5300,5900,4900,5000,3049.5,7050,5800,5250,10000
269586,"Hyde Park","Chicago","Cook","IL","Chicago",524,10000,15900,8000,10000,8750,10000,5550,10000,8500,10000,10000,10000,15000,8800,6000,7000,15000,5000,6100,10000,6500,5700,8250,10000,10000,5341.5,14900,5000,10000,10000,5000,9000,10000,10000,8900,10000,5000,10000,14700,7600,10000,5400,7250,6200,8000,5100,5950,10000,4750,10000,10500,10000,10000,12300,6000,10000,9949.5,10000,7000,10000,4550,10000,5000,9964,7500,4100,11900,10000,14000,9901,5000,5100,5000,9400,7500,3000,8404.5,5000,5050,4950,11750,10000,10000,10000,17000
276353,"Greenbrier West","Chesapeake","Chesapeake City","VA","Virginia Beach",525,10000,7700,7032.5,9500,12500,5000,9900,7625,5000,7750,5050,5550,10900,10000,9550,9900,11900,10000,10000,5000,9600,5050,5000,8500,6650,5000,5000,4500,4500.5,5000,5000,5000,3750,5049.5,4500,8450,3000,5900,5000,6700,6000,2500,3000,9000,5250,4550,5000,4900,5000,5000,2000,1500,5000,5000,4950,4040,5000,9300,5000,5000,3100,4750,3749.5,5000,5000,5000,5000,5000,3550,5000,5000,5000,5000,5099,4165,4800,2150,5000,4300,5550,5000,2900,5000,3050,5000
137603,"Bucktown","Chicago","Cook","IL","Chicago",530,15000,10100,10000,10870,18100,17450,15000,10549.5,10099,10500,14000,15999.5,11000,14100,10000,12750,10000,10000,15025,14250,12500,10000,10000,11000,10000,12500,15000,15000,14955,12000,15400,14000,10000,14100,10000,10000,10000,10000,10999.5,15500,9000,10000,10750,10100,10100,10000,10650,15000,10900,13000,10000,10000,10100,8995,10000,14500,10000,10000,10000,17000,10000,15000,10000,15000,8000,14000,14000,10000,10000,20000,10900,10000,14000,10000,10000,10000,15000,19000,9050,10100,10100,16000,10000,10000,15100
403299,"Streeterville","Chicago","Cook","IL","Chicago",538,20000,16800,14950,18526.5,20000,15900,12500,18000,20000,19000,24000,16000,19900,25500,20000,24000,25000,20000,19000,20000,20100,30000,25000,14250,17650,20000,25000,20000,20000,24000,20000,22000,25000.5,26000,20000,23100,14500,20000,19900,24900,15450,15500,12000,10000,14100,10000,10000,10000,10000,14000,15000,12000,16000,20000,10100,15001,15500,12350,10250,10900,19725,15000,15000,14900,10000,19999,15000,15000,15450,15000,15000,15000,15000,10000,16000,15050,10900,20000,15000,10999,15500,16000,12100,16000,15000
273494,"Downtown","Stamford","Fairfield","CT","Stamford",561,13800,10000,16500,6000,10000,10000,10700,9550,10000,10000,10250,13825,10000,12250,9500,15000,10000,10550,10000,12500,5020,10500,15700,15250,10000,10000,10000,10000,10000,12500,13800,10900,10000,10000,2950,10450,10000,10000,10000,6500,11000,22500,10000,14000,10000,10000,11000,11000,10000,6000,9550,10000,10300,7000,10250,13000,10000,10000,10000,10750,10000,10000,10749.5,10000,16450,10000,11900,9000.5,20000,10000,10000,10000,10000,8800,7100,7500,10000,8000,10000,10000,10000,11000,10000,8250,9500
270953,"Turtle Bay","New York","New York","NY","New York",566,55000,49900,35000,63000,20000,67000,125000,99000,50000,36000,30450,30000,69500,50000,75000,52000,49500,1e+05,40000,38500,97500,50000,25000,30000,55000,38000,19000,227500,83000,40000,28000,45500,35000,122500,35000,75000,35000,50000,45000,35000,20500,26000,24000,30500,87550,45000,60000,27500,85000,61000,30000,2e+05,72999.5,115000,90000,52500,1e+05,85500,75500,55000,50000,97500,55000,2e+05,73000,85000,65925,95500,50100,50000,45000,42500,58000,50000,67500,125000,50000,50000,85000,52250.5,1e+05,55000,55000,55000,55000
270885,"Midtown","New York","New York","NY","New York",569,40000,40500,75000,97000,55000,42500,35000,97500,50000,50500,35000,37500,92500,87000,1e+05,197500,1e+05,49500,61000,70000,150000,75000,45000,61500,62500,42500,95000,52500,68750,54000,52000,1e+05,150000,180000,150000,34000,1e+05,80000,70500,100000.5,301000,60000,1e+05,55000,70000,95000,76000,50000,113000,2e+05,150000,1e+05,205000,217500,51000,1e+05,70000,155000,75000,55000,80000,1e+05,125001,1e+05,100500,1e+05,1e+05,80000,101000,60000,1e+05,97500,170000,70000,1e+05,250500,1e+05,52500,105000,100000.5,80500,95000,2e+05,99000,69500
269087,"Metro West","Orlando","Orange","FL","Orlando",604,5000,5000,9950,5100,6100,5000,6006,4500,4100,5400,18925,2400,4000,5000,5000,5000,3750,5000,5100,10000,5000,5270,5000,10000,8100,4000,3950,5000,8000,5050,4550,10000,5000,5250,5050,5717.5,5050,4999,5250,5000,5045,5000,5000,5000,6150,5000,5000,5000,5500,9200,5400,5750,5000,5000,5000,5000,5000,4900,5000,4000,5000,5000,5000,5000,5100,4955,5547.5,5000,5000,4000,4000,4000.5,5000,5000,5000,5000,4000,5000,4050,5000,4500,3000,3600,5000,3000
121668,"Adams Morgan","Washington","District of Columbia","DC","Washington",606,20000,12300,15000,20000,25000,14000,10000,12000,14900,10000,14100,10900,12950.5,15000,14700,10250,17550,11495,20000,20000,12500,10500,14000,14600,10000,15000,16000,17500,13500,22450.5,16000,12500,25000,10000,10400,10000,10000,15050,16750,17000,5500,12000,12000,14000,14950,8000,10000,10000,11000,15500,22250,10000,10900,18500,22500,16000,11500,20000,10000,15500,10825,18500,15400,15000,10050,12500,14910,14500,12250,20000,12500,15000,14000,13000,15000,57500,17900.5,10000,10000,20000,14500,10000,15000,15000,20000
269381,"Midtown","Atlanta","Fulton","GA","Atlanta",614,10000,10000,10000,10000,11700,10000,9100,10050,9000,10000,10000,8000,10000,10000,10000,7000,10100,10000,6999,4900,7900,10500,10000,10000,5500,7500,10000,10000,6070,15000,10000,11500,9500,5500,10000,10000,9900,9500,10000,7550,9950,9500,10000,8400,10000,5000,8500,5100,5000,6000,6700,9100,7000,7500,15000,10000,10100,9100,6000,6000,9000,10000,6000,5000,10000,6195,10000,10000,10000,6500,6500,7000,5100,5900,10000,9550,10000,10000,6500,10100,9950,9000,9100,7150,8000
247231,"Seatack","Virginia Beach","Virginia Beach City","VA","Virginia Beach",617,9100,10000,4100,20000,8000,11500,10500,10000,10000,10450,9300,6950,6000,10000,10000,15500,9400,6000,16500,6250,10000,12600,9001,7900,9500,10000,9500,5000,15050,7000,7500,5400,4000,5125,5100,10000,15000,9500,5900,18500,15000,10116,8500,7000,6500,9250,7600,10000,10000,8000,8700,12500,15000,15000,10000,10000,6000,5000,8500,10000,7300,10200,4750,3950,10000,7450.5,7000,14900,10000,9500,10000,8250,6100,7000,4544,4900,6300,5000,6000,5000,3100,5050,6700,7300,10000
272733,"Ala Moana-Kakaako","Honolulu","Honolulu","HI","Urban Honolulu",635,30000,22000,19500,10000,10000,10000,8000,11000,24000,15500,17500,13800,10000,11750,10000,25000,25000,12000,10000,7000.5,25000,25000,10000,10000,14000,20000,30500,20000,16500,20000,70000,27500,19800,16000,20600,20000,28000,35000,28050,20000,10000,20000,11000,10000,25000,25500,24994,29000,20000,20000,20000,15000,21000,25000,18500,13250,19000,20000,19000,15000,12000,25000,20000,40000,23500,20000,28000,26000,35000,20000,30000,28000,30000,41200,37500,39000,30444,31500,19000,30000,31000,31000,31000,16000,20000
343218,"Spuyten Duyvil","New York","Bronx","NY","New York",644,18000,25000,11000,10000,16000,15000,26000,20000,20000,14000,25550,14000,17000,17950,25000,20000,20000,11000,15000,15000,20500,9500,9000,11750.5,10500,10000,10000,12550,10000,24250,10000,10425,10000,10000,11000,10500,10000,10000.5,15000,15000,15000,14550,10000,14000,11000,15000,15050,16000,10000,10900,13250,17400,12000,16000,10000,15000,14000,10125,10000,10000,10000,10000,12500,10000,10500,10500,16000,5500,11000,20000,11000,20000,19000,16000,15000.5,12000,10000,7500,9000,10000,15450,10000,21000,19250,10000
276165,"Wynwood - Edgewater","Miami","Miami-Dade","FL","Miami-Fort Lauderdale",645,14900,10000,20000,15000,10000,10000,27050,10000,10500,15000,23900,40000,22500,18900,15000,13400,17750,20000,18650,16000,20000,10000,10900,29000,11500,15000,14050,54097,10000,20000,16000,16000,15000,14000,10000,16000,15000,21000,20000,20000,14995,14000,13000,10900,14000,14900,15000,10100,10000,10550,12000,11800,10050,15050,11000,10250,10250.5,11000,14990,12450,15000,20000,20000,16500,20100,24950,20000,13750,16000,13000,15000,20000,15000,10000,18000,15000,16000,15000,11000,15000,18000,14000,14950,15000,15000
403141,"University Village - Little Italy","Chicago","Cook","IL","Chicago",646,10000,9000,10000,10000,17850,10000,10000,10000,11250,13000,15000,5000,10000,12500,9000,15000,12450,10100,14100,10000,9100,10000,9000,10000,10000,9500,17750,10000,10400,8000,20000,10000,7500,15000,9100,6000,9100,10000,13050,12500,10000,8000,11000,8350,10000,10000,15000,15000,11000,14900,12500,19100,12700,11000,7300,14900,5550,10000,10000,12950,10900,12950,15500,50000,20000,5550,5450,10000,12450,10000,10000,13000,10000,10000,9950,8000,10100,10000,10000,8000,9950,7000,10000,8000,9500
403303,"Gold Coast","Chicago","Cook","IL","Chicago",651,15000,10000,10000,5200,6000,13450,14500,14950,10700,20000,15000,17500,15000,20000,10000,10000,25450,17000,25000,20000,15000,15000,24450,14100,15000,17749.5,10000,10000,10500,14000,15000,11500,24000,15250,10048.5,33000,20000,12999,25000,14500,11200,20000,15400,12000,12498.5,14900,15000,12500,10000,18100,14100,10450,15000,20000,10000,15000,19050,15500,14950,10000,10000,15500,11000,12499.5,34000,13125,15000,15000,20000,14500,13750,10100,15000,24000,16000,20000,14950,20000,13950,15000,15750,12000,17779,17000,10000
269599,"Near West Side","Chicago","Cook","IL","Chicago",699,18050,10000,10000,14450,20000,14900,11100,10027.5,10000,10000,10000,10000,10000,8999,10000,10000,15000,10000,9950.5,10900,10000,10000,14000,10450.5,12950,10000,14300,15000,6000,14900,7479,10000,10000,7000,8950,9500,14900,10499.5,10950,19000,12950,10000,12000,10000,10000,10000,9500,10000,14900,11789,11000,14850,10000,9700.5,11500,16500,21000,10000,20000,15000,10000,10000,11500,11000,24000,10000,10000,10000,10000,15000,10100,10000,5000,11000,9500,11900,30500,11913,13200,15100,15000,10100,14050,16500,12700
416302,"Alamitos Beach","Long Beach","Los Angeles","CA","Los Angeles-Long Beach-Anaheim",704,15000,20000,15075,18200,11500,20000,14000,14500,15000,15000,10900,12725,16275.5,20000,12400,15000,16250,15000,20699.5,21000,15000,29500,20000,22799.5,29750,13400,10000,15000,25000,17000,15000,10500,15450,10000,20000,17000,10000,20000,10000,10000,11250,20000,10000,12000,4000,10000,15950,10112,15000,9500,10000,10000,15000,12952.5,10900,9750,15000,10100,10000,10000,14750,5100,10000,4000,15000,19900,10100,15000,25000,16000,10000,10000,10002,5000,14300,5005,14500,15050,13550,22556,25000,15106,9500,20025,19500
115622,"Hillcrest","San Diego","San Diego","CA","San Diego",705,15000,16000,18500,7900,11745,20000,15000,18884,10750,11000,13401.5,10000,14000,10000,10000,10000,15000,10000,15000,11950,10000,6500,37000,3250,16250,5000,15000,10000,11000,15500,5050,6000,20450,15250,18500,15900,15000,7000,10100,14500,24100,10000,10000,10000,10000,8000,15000.5,20000,10000,14500,18500,15500,22250,15750,10500,10000,14000,9050,13056,13006,10000,17000,37999.5,15000,24000,17500,17500,15450,18000,14000,20000,15000,18000,15000,29982,10918,20000,2500.5,11250,11000,20000,10000,15000,28500,13000
269590,"Lincoln Park","Chicago","Cook","IL","Chicago",726,10000,8550,10000,11200,10000,10000,20500,20000,12000,10100,12800,14550,10450,17050.5,13900,25000,15000,24000,20000,13700,20000,10900,22000,10500,9100,10300,7500,10000,11000,20000,20000,8000,16750,10000,10900,10000,10000,10000,20000,10500,10400,12000,15000,10000,9100,12400,14750,13950,14050,14000,10400,27500,10950,13050,13000,18000,10000,10000,10000,11000,10000,10001,10000,9450,12000,10100,16000,9750,14900,17500,10000,16000,15000,10900,20000,6000,15000,10000,10000,12000,10900,12100,12050,15000,14550
407493,"North Shore","Miami Beach","Miami-Dade","FL","Miami-Fort Lauderdale",729,20000,10000,10000,20000,11000,10000,15000,15000,20000,22500,30000,25900,10000,19000,17000,20000,11950,20000,25000,21000,15000,14000,10450,20000,10000,10045,15000,10000,15000,14000,17000,10000,10000,10000,10100,10000,10200,12000,15000,20900,10300,10000,10000,10000,10050,10000,19000,10000,10000,9200,11800,14900,15000,12000,17000,15000,10900,10000,10000,12500,10000,10500,10900,17600,15000,20000,15000,23000,25500,15000,14000,15500,15000,24500,20000,22500,15050,12500,11500,15000,20900,15000,13000,10000,10000
343219,"Riverdale","New York","Bronx","NY","New York",751,15000.5,21705,17000,15500,20000,20000,15000,30000,10000,20000,15000,22500,11500,25000,24000,24000,26000,20450,26000,15000,16000,12000,15000,19500,15000,14000,10000,10000,10000,6000,10000,22600,17000,15000,14000,11000,15000,10000,10000,10000,20000,6000,15000,10000,17000,11000,10000,15000,15000,11500,14500,11000,14500,10000,12500,9000.5,12750,9000,10000,12500,15000,10000,20000,8500,24500,9550,19900,10000,10000,10000,16000,10000,24000,15000,10950,11000,10500,24000,25000,17500,30000,25000,20000,14550,6000
270800,"Bay Terrace","New York","Queens","NY","New York",757,16000,17056,15000,10000,15000,19556,20000,20500,16000,10000,14000,15000,15888,20000,20000,17000,14000.5,15000,16000,10000,10000,13000,10000,15000,14000,11000,10100,14000,12050,23640,13500,15000,11000,10000,14000,12500,12000,11000,25000,10050,19000,10000,17500.5,16000,17000,10050,10000,11919,14000,12944,23100,14584,15500,5000.5,17000,18555.5,10000,14000,11000,19112,11750,20000,16000,20000,20000,10000,11000,15000,20000,30000,20000,10000,22500,10000,10000,10000,17000,10000,8500,20000,10000,10000,20000,10500,7000
269306,"Downtown","Atlanta","Fulton","GA","Atlanta",782,15000,11800,8000,13000,10000,10000,10000,10000,5700,10000,9000,6000,10000,9000,8429.5,9900,8000,7200,7550,6000,5000,13000,5388.5,8500,12450,5000,2010,2850,10000,17050,5500,10500,10000,5800,8500,15000,4000,10000,5000,5000,7500,5000,5000,8400,5000,6000,8000,5200,10000,4322,10000,5100,7400,10000,7750,9495,10500,10000,10000,5000,5000,5000,6000,5000,8500,7600,5000,5000,5000,5900,4000,10000,3500,5000,20100,5200,5500,4500,6500,10000,10000,5000,5000,5000,6900
268962,"Downtown","Miami","Miami-Dade","FL","Miami-Fort Lauderdale",796,16000,15000,10000,10000,10000,10000,19540,15000,23000,20000,15000,20000,15500,30000,13500,11050,15550,20000,25500,20000,25000,11000,11500,20000,17250,20000,19000,20000,19000,18000,19200,19000,24000,15000,15000,20000,15000,15000,25550,15000,17500,14000,15000,16000,17000,12000,10050,15000,16000,14050,15000,10900,12001,15450,15000,19950,15000,10000,20000,15004,15000,14000,15550,14900,19000,20000,19999.5,20000,15000,15000,15000,15000,14625,19100,15000,19000,20000,20000,15000,13450,15750,10990,12750,15101,20000
403308,"Park West","Chicago","Cook","IL","Chicago",818,17750,10000,11950,21000,10000,10900,10000,11750,10950,10000,10500,14800,15000,20000,15000,9050,10050,10000,10000,10000,10000,10000,10000,15000,10400,10000,9900,20000,19550,11000,8000,20000,9000,10000,7000,5000,10000,10000,10450,10000,17550,9000,5000,10000,10000,10000,10000,7900,10050,10001,10000,10050,10000,14900,10000,10000,10000,10750,10000,7500,10000,15000,7550,24500,24500,9100,9000.5,10000,10000,10100,9950,19000,15000,10450,10000,17450,10000,10000,8700,11250,10000,10000,9000,18500,20000
272160,"Lower East Side","Milwaukee","Milwaukee","WI","Milwaukee",844,10000,10000,5000,7500,6500,6000,5000,6000,10000,20000,10000,5000,5000,6647.5,3500,9900,5000,5000,5000,6000,10000,10000,9000,3450,5000,7500,10100,5000,10000,10000,6500,10000,10000,5000,5000,5000,5000,10000,10000,3500,8100,4800,8000,10000,5100,5400,8200,6000,5000,9950,5000,5000,10000,3600,5000,5000,5500,4700,5000,6000,6000,6750,7000,4579,10000,3500,5000,5000,2500,5800,6450,6200,5000,10000,4000,5000,5100,5000,7050,5050,6000,8800,5000,5000,5500
403264,"Buena Park","Chicago","Cook","IL","Chicago",847,10000,9826,10000,9500,9500,5049.5,5550,10000,10000,10000,10000,5000,9100,6000,6000,8500,9000,10000,5300,7550,10000,10000,9900,8500,8000,10000,15000,5000,11400,14100,10450,7550,10000,10000,10000,10000,8300,10000,10000,3950,7500,10000,10000,7500,10000,10000,10000,12050,5950,10000,10025,10000,8500.5,9900,10000,9000,10000,5306,9900,5000,5050,5400,7400,4900,100,5000,6500,6800,7502.5,5000,6750,6000,5000,6750,5950,10000,5000,5000,10000,7500,10000,8450,10000,5900,6900
403301,"Old Town","Chicago","Cook","IL","Chicago",860,7750,10000,15499.5,8000,10300,10000,15000,10800,10000,10000,10000,10000,10000,10000,10000,5000,8000,10000,10900,19000,10000,8000,7450,10000,5000,6900,1,7600,14000,9600,10000,8000,10000,10000,10000,10000,10000,10000,7300,7950,10000,10000,12500,13250,15000,10000,10000,10000,10000,10000,5000,5000,8000,10000,15000,10000,14000,7000,10050,5100,12750,15000,10000,10000,16650,10000,12000,10000,12000,4901,10100,6000,10000,10000,10000,8001,6000,7500,10500,10000,10000,10099.5,10000,10900,10000
269105,"North-East Coconut Grove","Miami","Miami-Dade","FL","Miami-Fort Lauderdale",873,30000,25000,20000,10000,20000,21000,19950,19500,10550,21500,22000,15000,25000,14950,15000,10125,30000,20000,12250,30000,35500,17500.5,30000,19000,39000,43000,37500,48000,14000,17500,23000,30000,15050,10000,10000,40000,16000,10000,2500,29000,14000,15000,15500,15000,14500.5,10000,10000,20000,17500,21000,10000,12450,12950,10000,10000,20000,28625,24000,15500,51000,10000,16000,22500,18000,21000,15000,30000,26000,28000,15000,20000,27499.5,25500,10550,12500,1e+05,18800,40000,50000,40500,25001,21750,14500,20000,12000
124944,"Kings Point","Delray Beach","Palm Beach","FL","Miami-Fort Lauderdale",879,6250,5000,6205,4000,3000,2800,4900,4000,3000,3000,4050,5000,3050,3000,3150,3000,3350,4000,3490,3900,3450,4300,3000,4000,3450,5000,3000,4000,4001,3000,3000,3000,5000,4450,5000,4500,4001,3800,3800,3000,3075,4000,3000,5000,3500,3000,4999,4250,5000,3500,3800,4955,4000,4000,4550,5000,4500,4500,4510,6000,5000,4000,4600,5000,5000,4600,4100,3100,4500,4000,5000,5000,5000,5000,4900,5000,5000,4950,4600,4170,5000,5000,4500.5,3550,5000
125623,"Palm Aire","Pompano Beach","Broward","FL","Miami-Fort Lauderdale",891,8050,10000,7200,9901,8250,7500,8000,9100,8300,5000,8700,8050,10000,10000,9550,9000,8000,5500,8950,6000,6000,10000,10000,7500,5250,6450,5500,6000,7500,6000,5658,7000,10000,6000,7479,6750,7500,6700,8600,8950,6000,6000,7100,6000,5000,5250,6550,5050,5950,5500,7600,6350,7000,7001,5000,5750,5388,5000,6600,5100,5000,5000,5750,9000,9900,8000,6049.5,5600,7500,7000,6500,5500,5300,5001,6000,5000,6500,9000,7500,8000,5000,6000,5100,5000,6950
403307,"Wrightwood Neighbors","Chicago","Cook","IL","Chicago",904,12000,10050,12050,10000,12500,24500,14900,10000,10000,10000,10000,10900,15100,14000,10000,15000,10000,10000,15000,19000,15000,19500,15500,15000,6000,14000,6000,15100,10000,19100,7500,10000,14999.5,17500,17550,10000,13000,17050.5,10000,15000,22500,15000,14900,10000,10499.5,10000,13000,10900,10050,10000,14950,20000,12500,20000,10900,20000,12500.5,15050.5,10000,13950,14000,10000,13000,5000,6000,20450,20000,14950,20000,19100,20000,15000,14000,14000,15500,10000,15500,12450,24450,12500,19000,12450,10450,10000,10000
269593,"The Loop","Chicago","Cook","IL","Chicago",906,13900,10000,10000,10000,6250,9100,10000,10500,10000,12000,19550,20000,25000,10000,11000,22550,15000,20000,10000,39100,10000,20000,17050,1e+05,11500,1e+05,25000,5000,10000,74000,16000,15000,50000,19000,20000,11000,10000,19550,15500,10100,10000,27450,9550,21000,10000,10000,17550.5,14500,10000,10100,16250,5550,10000,24000,6550,12600,10000,10100,10000,10000,14500,10000,10500,10000,9900,20000,10500,13000,15000,10000,10000,10000,12050,10000,10000,10000,10000,9500,10000,8050,9000,15000,10000,10000,10800
623406,"Oceanfront","Miami Beach","Miami-Dade","FL","Miami-Fort Lauderdale",911,20000,16000,17800,20000,20000,20000,15100,20000,21000,17500,20000,20950,19450,20000,20000,20900,24450,24000,25000,20000,15000,20000,17500,13000,15000,20999.5,20000,20900,19100,30000,20000,20000,27550,15500,15100,15000,15000,16000,20000,10800,20000,17500,14000,25100,20001,20000,20000,17283,20000,19000,18000,14500,18699.5,14625,20000,20000,15100,15500.5,16000,20000,15550,24000,25000,15795,27500.5,30000,21000,30000,24500,24000,20000,24000,25000,20000,20000,19000,24500,20100,19000,20000,20000,20000,23750,20000,20000
403300,"River North","Chicago","Cook","IL","Chicago",980,14500,10000,17500,14550,10000,20000,11000,10000,10100,10000,10000,10475,10049.5,15000,10000,10050,11000,15050,10450,12500,20000,22500,10050,15000,20000,24000,24699.5,10500,12500,10000,15500,14700,10000,10500,13600,15650,12000,12650,16000,10000,10000,15500,11500,10000,10000,12000,10549.5,11500,10000,10000,11500,10050,12000,11000,10000,16800,20000,10500,16000,14000,11050,10949.5,10000,24950,20050,8500,13750,10000,10000,10000,10000,10000,10000,10000,10000,5550,10000,14000,16000,14700,10100,15000,14550,15000,20000
273571,"East Village","San Diego","San Diego","CA","San Diego",1005,15000,12607.5,11000,10000,16500,20000,10500,11450,12500,18250,16000,15050,10400,15100,16000,12000,12100,10000,5100,10000,11000,10000,16000,19000,20000,24500,15000,17650,15000,10900,24999,19300,17050,10000,12500,20000,10000,10000,12500,20000,10000,11000,20000,20000,10000,7500,10000,11000,9550,10000,9700,10000,10000,10450,14500,15000,10000,16500,10000,8600,8000,10500,6000,17500,14000,10000,10000,10000,10000,20000,14000,13550,13000,10000,20000,10000,13056,12000,12000,9250,10000,18000,15000,10000.5,10000
623394,"Old City","Philadelphia","Philadelphia","PA","Philadelphia",1026,15000,17928.5,13000,27950,15000,8150.5,14000,10000,15000,10000,10000,10000,10000,10450,7500,3837.5,4900,12050,10000,16250,17550,15000,15000,10000,10000,15000,20000,10000,10450,10000,10000,15000,10000,9900,10500,6450,10000,9900,14900,10000,14100,19000,14000,7500,10000,10000,19100,15000,10000,8000,4950,9500,5900,9100,10000,10000,10050,8050,9550,35000,9100,9900,10000,6500,10000,10000,13500,15000,10000,10000,17500,12950.5,9100,12325,9050.5,9975,10000,10000,16450,10000,10050,10000,11999.5,10000,10000
274178,"Kenwood","Chicago","Cook","IL","Chicago",1034,25950,13750,6500,10000,10000,10000,12475,18050,7500,30000,13500,25000,14050,10000,7500,10000,8650,7000,10000,10000,10000,9000,10000,5000,5000,5000,10000,30000,10002.5,6950,7500,12500,10000,12500,10100,6000,10500,10000,5000,6000,5000,9750,14556,10000,10000,10000,10500,9000,11950,10000,9750,9050,9000,10050,7500,5250,8947.5,10050,10000,10750,7500,10000,4000,6287.5,10000,6000,12450,10000,19950,14025,12450,10000,10000,10000,5000,9000,10050,12500,10000,6900,10000,10000,5000,10050,10000
269391,"North Buckhead","Atlanta","Fulton","GA","Atlanta",1042,17950,20000,10000,15050,16000,10450,14500,13950,14500,10000,30000,11000,21950,20900,23750,19750,20100,12000,19050,15000,4100,117450,15000,10000,60000,17550,49750,20000,10000,18000,17000,6000,4000,10000,10000,14100,7000,10300,10000,7000,17450,7500,7500,7500,10000,8800,6500,5000,6000,6000,5000,10000,10550,9100,6000,8700,8000,9550,6000,5750,5000,9900,10000,7700,13875,12850,5000,5000,15000,9099,10000,10000,10000,9550,8400,7000,5100,5000,10000,30000,10900,12000,14000,10000,5000
268946,"Deerwood","Jacksonville","Duval","FL","Jacksonville",1044,10000,5000,5000,5001,8000,3500,5900,10000,5000,10050,1100,9100,5000,5000,5000,5000,10000,3550,10000,5000,5000,7900,4500,4100,6000,9500,5550,10000,7000,5000,9000,5000,13000,5000,3500,2000,10500,8000,10000,5000,7250,7300,8100,6800,5000,5000,5000,4500,5000,5000,5000,9100,5000,5000,8500,6250,4550,5000,5000,4550,3000,4450,3750,4000,14000,4700,5000,5000,2450,5025,5000,4100,5000,4500,3750,4450,3250,3000,5000,4900,6700,5000,5000,4900,3000
403311,"East Ukrainian Village","Chicago","Cook","IL","Chicago",1063,14900,17500,12000,17000,10000,10000,14000,10000,10000,12000,10000,10000,14000,14950,14000,16000,25000,10000,11250,10900,10000,10293,12388.5,11000,10000,13000,12950,10000,7705,20000,20650,10000,20000,13000,15000,14000,10000,10050,10000,10700,10500,10000,10000,10000,10000,19100,10000,5500,10000,9950,10000,14100,7050,10000,15000,10000,11000,10000,10000,10000,12550,10000,12550,10000,12500,20000,22500,14900,10000,15900,12000,20000,10000,10000,12550,6500,10000,15100,9900,12050,18000,12250,10000,10450,10050
403266,"Margate Park","Chicago","Cook","IL","Chicago",1080,10000,5950,4000,3700,5050,7000,3700,9900,6275,7525,6500,9000,6000,10000,5999.5,3000,10000,17450,7500,7500.5,10000,7500,14750,12000,10000,16000,8000,5000,5000,7100,5000,4000,9950,5000,7500,7500,5000,6000,5000,5000,6850,5100,5000,10001,6250,10000,6000,5900,5000,7000,10000,10000,10000,7200,4777,9600,7500,10000,10000,5900,6000,6750,4600,4000,8000,16000,8500,6550,5000,5000,10000,5100,5000,9900,4995.5,5400,8000,5000,5000,6000,5475,5600,5000,5000,6500
623405,"South Central Beach","Hollywood","Broward","FL","Miami-Fort Lauderdale",1117,11000,10000,11000,18600,10950,15500,11050,13989,10000,13000,10000,13000,10000,10000,10950,18000,15000,14100,14000,8500,10000,10900,14750,16000,10000,10000,10000,14000,10000,10000,10000,10000,16000,10000,15000,15400,10000.5,10700,10000,6500,10000,10000,10450,10000,10000,10000,10000,10000,10001,10000,10000,10000,10000,10000,16400,15000,10000,14550,12180,10000,20000,15000,12950,10100,15000,18000,11000,14000,14300,14801,10000,14000,10000,10000,10950,10000,10000,10000,10000,10000,10000,10000,10000,16000,10450
396701,"Great Neck Plaza","Great Neck","Nassau","NY","New York",1124,19000,20000,14000,14999,24000,40000,24000,20000,21000,14900,26500,22556,17200,26750,19000,12000,20056,30000,10000,10000,13000,10700,9350,10000.5,10999,10000,10000,15000,10000,6120,10000,5000,7000,10000,16112,9000,9120,11000,10384,10000,9500,12500,15001,10000,25000,12444,20000,11000,10000,11000.5,17000,11000,9000,10000,10000,18000,14000,10000,13500,18750,15000.5,8600,5500,10500,15000,12444,13000,20000,20000,19000,20000,11050,11000,13000,10000,15100,16806,10000,10450,15000,10000,12944,20000,19167.5,20000
273484,"Downtown","Columbus","Franklin","OH","Columbus",1127,7000,5000,4500,500,5400,13000,10000,10000,5500,9600,9800,5000,10000,5500,4000,500,6950,5000,39100,5007.5,10000,11000,10300,5750,5000,2450,14087.5,12500,7765,1200,5500,8500,7500,6300,6250,10000,5000,3450,5050,3000,5000,8500,5550,3600,3400,4950,3000,9600,10000,4000,500,3400,5950,5000,1000,5000,4500,9975,11000,10900,5000,5000,5500,20000,11950,6925,5000,9500,5000,7300,10000,12450,8000,8000,12500,2000,10000.5,9000,8000,5000,15000,8000,7600,5550,9600
245278,"Lynnhaven Shores","Virginia Beach","Virginia Beach City","VA","Virginia Beach",1179,14000,12450,20500,24000,10600,10000,15100,15000,15500,14250,13250,19000,10900,10000,13700,30100,10000,25500,10000,10000,10000,8000,5000,10000,15000,13000,9300,21541.5,10000,7750,7400,7000,10000,10000,9950.5,5760,10000,10000,5000,9000,12100,9950,10000,10000,12000,10050,8000,10000,10050,10000,10000,12500,8500,8500,6500,7550,10000,10050,14000,7000,10000,10000,10000,15000,9500.5,5000,10000,9500,10000,10000,10000,9900,5400,10000,5100,5000,8000,5000,9900,5750,10000,5000,6000,6000,5550
276439,"Marina","San Diego","San Diego","CA","San Diego",1186,20000,20000,21000,20000,20000,28000,17050,24050,20000,25000,14900,19500,24062,17000,14000,15000,45550,25500,26000,45000,26000,30000,24000,22000,13500,16550,13800,32100,30000,10000,17050,21500,25550,19025,26000,10000,15000,10500,55100,65500,10000,30000,12750,10888,20000,30000,19500,21000,14050,9955,26450,12400,20000,15000,20000,18000,25000,20000,47500,12500,25000,25000,15000,34950,13000,25000,29000,18000,25100,40000,29912,10000,10000,44000,24100,19100,19000,26100,20000,37000,20000,24050,28500,27500,20050
403352,"East Hyde Park","Chicago","Cook","IL","Chicago",1189,13550,17000,31500,20000,20000,21750,11000,14000,9900,15000,6750,10000,7499.5,5000,4750,16550,20000,12900,10000,5005.5,10500,10500,15000,15000,15000,10000,17500,16500,10450,10000,15499.5,17250,12750,15000,15000,11000,10100,17000,5000,7100,5500,10000,15000,10000,10000,10549.5,10000,10000,11000,9900,10000,35000,23500,10900,10000,9700,10000,10900,8750,10010,10000,10000,10050,7550,5000,7500,12500,10000,10000,10000,15000,13000,10205,5750,30000,3600,12549.5,9200,10150,9250,10000,16500,10050,10000,5500
273096,"Business District","Irvine","Orange","CA","Los Angeles-Long Beach-Anaheim",1191,15000,20000,20000,15000,25000,25000,25000,42500,15500,15000,13000,7000,9000,14000,6000,20000,10000,12550,10000,42500,16600,55000,75000,34500,5000,30000,76000,38000,18500,67000,84000,47000,15000,9888,15000,10000,10000,15000,10000,10000,10000,27500,10000,20000,11000,5800,9000,10500,20000,11500,15100,10000,30000,14900,10000,20000,10000,17447.5,11000,14900,11000,19500,20500,15000,10000,10000,10000,10000,11000,17000,15749.5,15900,17050,16000,21500,5400,18000,25000,22000,10000,17500,15100,19800,17502.5,15850
125698,"Pelican Bay","Naples","Collier","FL","Naples",1202,45500,49000,30450,30500,51000,50000,35000,40000,44000,40000,30400,23000,40000,40000,30000,30000,27750,30000,26500,30000,20000,26000,40250,13000,20000,24500,41000,51000,25550,21000,14500,20550,15100,15000,22500,30000,25000,30050,25000,72500,50000,25000,30000,26000,26000,46000,54000,16000,10000,15000,30900,30000,40000,30000,37550,24000,31000,30000,20000,30000,26000,30000,24000,30000,48500,38000,26000,25500,25000,30000,69000,40000,32550,40500,25100,45100,35900,30000,35000,32500,25000,23000,33450,20000,29500
418157,"The North End","Virginia Beach","Virginia Beach City","VA","Virginia Beach",1205,21400.5,28025,17000,34100,19550,39100,19999.5,20000.5,42900,30000,19000,45000,23000,17000,49986,35000,40000,46000,24050,24000,10000,25000,20000,40000,25000,17500,22000,27450,10000,6500,20000,46300,22750,20500,15000,32500,24600,20000,22500,19500,32500,19900,26000,26000,11050,17400,20000,24100,10100,20000,6500,15500,22000,5100,16200,12500,11000,21500,17599.5,26000,23500,17500,20000,5000,10000,20000,24901,21550,16750,22500,18000,19550,10000,18050,20000,18100,26000,18950,25900,20000,20000,20000,20000,10000,20000
265170,"Beach","Pompano Beach","Broward","FL","Miami-Fort Lauderdale",1206,17901,14500,14000,16500,15000,11200,14949.5,15000,10900,15000,14550,12950,15000,15000,10000,13000,10000,10000,15000,10000,9000,10000,10900,10000,10000,13900,10000,10000,10900,11000,13000,14500,15000,8550,10000,10050,10000,10000,10500,10000,10000,10000,11000,10000,9300,10000,10000,14450,15000,8000,10000,10000,10000,10000,10800,11000,14000,15100,15000,12299.5,10000.5,15000,10000,10000,14000,10000,10000,9550,10000,10000,13100,10000,10499.5,10000,11250,10000,10000,10000,10000,10000,9000.5,10000,10000,10000,10000
268936,"Coral Ridge Country Club","Fort Lauderdale","Broward","FL","Miami-Fort Lauderdale",1210,25450.5,15500,10000,5900,15000,10000,32500,28000,10000,10945,17500,22450,17500,15750,11000,13237.5,14000,12900,10000,10000,10000,9550,12950,10000,10000,9500,7000,19500,19000,9100,22600,17550,7500,14700,11500,3950,10250,7700,12450,10000,10050,12200,10500,5500,8900,14900,14050,10000,12500,9000,13044,19300,10000,7000,10000,8500,11000,8000,10000,4550,5250,9300,7450.5,4550,4900,13050,15000,6000,5500,10000,10000,15000,18000,10049.5,10000,14900,20000,8950,10000,9999,4250,4500,4000,1,1000
125591,"Ormond-by-the-Sea","Ormond Beach","Volusia","FL","Daytona Beach",1212,10050,32450,19400,20000,6900,19600,10000,7800,5500,10000,9500,6500,10000,8550,10000,10000,5000,5000,5987,10000,7500,5400,4100,5000,7100,5550,4950,9900,4847.5,5550,4237,7012.5,12250,3500,4500,5000,4800,2500,8850,8150,10000,5000,3500,2000,3500,10000,5000,15850,6000,5100,8000,5900,11500,7400,5500,8900,5000,5000,20000,7000,10000,4550,5000,4000,10200,6500,5000,6450,10000,7500,15100,12000,5000,6000,17500,3550,10000,5000,6000,5100,5000,10000,7500,5000,14000
403342,"New Eastside","Chicago","Cook","IL","Chicago",1222,15050,14000,17000,20050,9950,10000,10000,9550,12000,11250,20000,22550,23450,20100,14550,20950,20000,20000,18000,6000,16000,23000,10000,15000,19100,10900,15000,45000,5000,12500,24000,25000,17500,12500,39500,25000,15100,15450,10000,15000,19100,9900,42000,10900,13000,15000,16000,24998,10000,10000,15000,17000,20000,16500,20000,16000,15000,10000,10000,10000,24000,12500,34050,19900,15000,10500,15000,30000,20000,20000,24500,10888,10000,14000,15000,46000,25000,19000,14000,19050,25000,12500,15000,14000,20500
268759,"Union Station","Denver","Denver","CO","Denver",1235,26000,19000,19500,34000,25000,46000,17750,13500,13000,14000,12500,24000,25000,22050,28200,15000,14000,18000,20000,19999.5,15000,22500,25000,20000,13000,20000,10200,25000,20000,27500,10000,10000,19500,19000,10000,10000,11000,13000,10000,10000,15500,15000,20000,15000,15000,15000,10000,20000,15000,32000,18000,25000,7500,27500,20000,14000,15000,20900,12450,16000,10000,10000,12050,10000,15450,42500,10700,15100,14250,17000,16000,24625,20000,11750,20100,23500,25000,25500,25249.5,40000,10000,21000,13000,19000,15500
417151,"Downtown","Saint Petersburg","Pinellas","FL","Tampa",1246,10000,10000,10000,20000,10000,25000,12000,10000,5000,17000,46500,25000,30000,19500,15000,20505,5500,30000.5,17550,35000,14000,10000,7050,5400,10100,8600,9200,20900,19750,10000,27500,17050,85000,10000,19100,15000,12800,10000,10000,10100,13500,10000,11000,10000,11000,11000,10000,6500,15000,7500,14901,19000,10449.5,8047.5,8750,10000,9300,7750,10000,10000,15100,9500,10000,5000,15000,15500,10000,5000,24000,7100,18500,5000,12000,10000,5300,11500,16000,22500,11000,14050,16900,10500,7500,19100,12400
623410,"South Pointe","Miami Beach","Miami-Dade","FL","Miami-Fort Lauderdale",1249,30000,26750,20000,18000,26000,30000,26000,16000,30001,20000,70000,28000,35000,30000,45000,30000,10500,49550,50000,39500,16500,45450,20000,36000,50000,50000,45000.5,37500,22500,20000,21950,22150,12500,40000,15000,30000,39500,20000,30000,28000,30000,35000,35000,75000,24000,36660.5,50000,31000,50000,34000,40000,50000,51000,29975.5,43000,25000,20000,20000,36000,68000,39000,30000,140000,1e+05,46000,1e+05,42500,40000,50000,50000,45000,30000,50000,60000,40000,45000,47000,40000,49000,32500,32000,23500,24000,30000,15400
126511,"Villages of Oriole","Delray Beach","Palm Beach","FL","Miami-Fort Lauderdale",1256,4450,5000,6000,5000,5550,7950,4000,4050,6050,4500,4500,4900,5000,5950,5000,3000,4550,5400,3000,5000,4900,4000,3000,3000,3300,4500,5000,3000,4000,5000,4450,3000,4100,9910,2000,5000,7600,5000,7500,4950,8000,5100,3000,4000,3000,5000,5200,9100,3000,4500,3500,9600,4550,5000,7600,4650,3750,5250,2750,10000,5200,5000,3400,5000,5250,5000,8550,4700,8000,5001,5150,5000,5000,7000,5000,5700,5100,5000,3675,5000,5000,5000,4900,3000,2700.5
269406,"Peachtree Heights West","Atlanta","Fulton","GA","Atlanta",1281,38000,22000,27500,19900,10100,28900,25000,14300,20000,10700,12500,10000,1500,10000,10250,5000,25000,15000,18000,27000,41154,32682,19950,27350,16200,10000,20000,22500,18900,16025,10500,11000,19300,20000,25000,20900,12550,10400,20000,10150,5400,10000,10000,10625,10000,15000,10000,10000,10000,5000,6000,7000,10000,18050,10000,14901,8100,10000,13800,10000,9900,2500,6000,6000,6000,6450,5100,7000,5000,5000,6000,10000,5700,9300.5,4600,10000,10000,6000,10000,5000,11750,7400,5900,15000,7000
276507,"Park Shore","Naples","Collier","FL","Naples",1289,24000,50000,45000,55000,49500.5,30000,48850,50000,25099,54000,37950,40000,35000,54000,30950,25000,32450,20000,34000,49000,39100,24000,22000,30000,32000,49000,29000,28000,44950,25000,27999.5,20000,10000,15200,20000,25000,7550.5,10000,20000,27950,30000,25950,24000,20000,25550,8300,14900,17550,19950.5,30000,39100,92500,48000,33000,54000,30000,45000,24500,65500,10000,14500,17500,25450,110000,75000,55100,40000,26000,50000,50000,47500,50000,50000,16000,45000,35000,49000,36000,40000,45000,34550,39500,37000,26000,45000
273498,"Downtown","Fort Lauderdale","Broward","FL","Miami-Fort Lauderdale",1302,37100,28200.5,19550,19900,23500,20000,37000,25500,36500.5,20000,10000,11000,20000,40000,10000,20000,24000,20000,22500,12000,14550,37000,27050,252500,10050,15000,20000,36500,30000,37450,45500,15000,20000,140100,49250,82550,20500,16300,30000,10000,20000,20000,15000,10000,14050,10500,24500,19999.5,10000,14950,20000,19999,15650,20000,20000,17500.5,12000,11505,16000.5,10000,10000,7500,9999.5,5000,13550,20000,20000,14500,20000,20000,10450,16000,15000,27749.5,20000,19500,16750,20000,10000,13600,22000,10050,10250,10000,10250
125152,"Lower Grand Lagoon","Panama City","Bay","FL","Panama City",1316,19500,10000,101500,8400,15000,25900,46250,54500,10500,26250,13250,15450,27500,10000,12600,10000,10000,25000,10000,9900,4902,25500,11550,27000,10450,15000,14800,5500,20100,4000,29100,7600,9050,5050,8123,9997.5,7500,9500,6000,5500,10000,7500,4900,10000,11250,9200,5700,3000,7750,5654.5,12000,6700,4500,9500,1339.5,6000,1900,5000,5000,5550,8300,5000,5000,7110,11500,9000,5250,5000,10000,5000,5000,10000,10000,1100,800,9950,9500,7000,6000,10000,4900,2250,5100,4050,4400
270315,"Fourth Ward","Charlotte","Mecklenburg","NC","Charlotte",1322,16000,10000,21450,9000,10050,10237.5,10100,10000,10000,9500,7100,10000,4900,6000,17000,5000,15000,18500,4900,10000,9850,10000,7250,5000,5000,8800,10000,15000,16250,10000,4050,10000,5495,5400,10000,4500,5050,7500,10000,12050,9900,10000,8500,14900,5000,6500,4100,9000,8900,9900,5100,15000,17000,78900,5000,5750,9450,5250,7250,9000,4000,5500,9000,12500,10606,4300,5000,10000,9100,10000,4049,35000,5000,5000,9000,10100,8000,5000,7500,7000,10000,8000,12425,12400,6000
25125,"Hillcrest","Hollywood","Broward","FL","Miami-Fort Lauderdale",1330,5700,4550,10000,5000,5300,6000,9500,10900,2700,3000,9900,10000,7500,5000,6000,5000,2500,5000,8260,5000,5000,4500,7000,5000,5000,5000,10000,5000,5000,5000,10000,6000,5000,5000,7900,4250,7500,4100,5050,4525,9900,7475,7050,5000,4100,5000,5000,5700,3550,5000,6550,5000,6500,5000,5000,5500,5000,6949.5,6450,6400,6500,5000,4100,5900,5500,5000,4950,4900,5000,4500,5100,3000,4000,6000,5000,7000,5000,4997.5,5000,8000,5001,5000,5750,5100,5000
270767,"The Strip","Las Vegas","Clark","NV","Las Vegas",1331,23750,10450.5,13000,16500,8900,14050,30499.5,24550,17450,15000,6550,19100,10000,10000,8950,10000,10000,9100,15500.5,15100,20000,14888,13900,25000,12950,13800,10000,14000,28300,10000,15000,24000,11050,11556,7000,24000,14000,10000,10000,20000,10000,13000,10000,10000,17850,20000,15000,16750,20000,29000,25000,20000,17400,9050,13000,13950,20000,14000,10000,10000,10750,15000,15600,10000,13988,15500,11000,8000,11000,20250,10000,15000,20000,12510,20000,22900,25549.5,20000,16000,25000,18005,19550,14600,25000,17500
274885,"Old Naples","Naples","Collier","FL","Naples",1333,20000,17500,15000,20000,26000,19000,15000,27500,37000,30000,15000,21500,34900,35000,30000,17500,20000,15500,20000,21750,26000,10000,49901,87000,10000,25000,53000,55450,29500,17000,10000,20000,16750,20000,7500,14500.5,6000,25000,9450,26000,15000,15000,10000,30000,10000,50000,6400,58000,7750,22000,19400,39050,20000,19100,24500,12025,15000,35000,32500,60500,150000,36000,20050,37250,46000,25000,20100,34000,30000,20000,75000,26000,7000,19100,25000,20250.5,23500,22250,25100,22000,15000.5,20000,11000,10000,20500
268915,"Central Beach Alliance","Fort Lauderdale","Broward","FL","Miami-Fort Lauderdale",1336,30000,49999.5,14500,26000,30000,30000,20499.5,29300,20000,20000,20000,25000,23000,25000,19500,20000,24900,24100,14000,17500,10000,15000,20000,11000,20900,15400,15200,15950,14450,18750,10450.5,10700,25500,11900,6938.5,7550,50000,13500,13000,10450,10000,20000,10000,20000,15000,10250,10550,10000,10000,10000,16500,20000,20000,13000,15000,14999.5,14200,14200,10000,10000,10000,10000,17050,15100,16000,20050,10000,19800,10250,14450,10000,22000,15000,23450,24000,20950,25000,19550,10000.5,20000,14900,12000,10049.5,10000,25100
273801,"Galt Mile","Fort Lauderdale","Broward","FL","Miami-Fort Lauderdale",1350,25900,14500,25100,34750,15500,20000,21550,18850,20000,16000,17040.5,18000,15000,25000,17800,15000,20000,15000,20500,39500,25550,14500,20450,24000,20000,19100,8000,20000,10000,14000,10250,15000,10000,10000,10000,12500,17500.5,14500,14900,15000,10000,12450,11000,15950,10050,10000,11500,10000,10500,10000,10000,10000,14500,10000,10000,15000,13561,10900,10000,12000,20050,10000,17500,9756,14000,14500,19000,10050,13250,15000,10050,15000,10000.5,10000,14000,10000,10500,10000,7450,11000,10000,13500,7250,15000,10000
343271,"Clearwater Beach Association","Clearwater","Pinellas","FL","Tampa",1372,30000,18000,20000,25000,16000,25000,22000,25000,29500,18800,15000,12173,22500,17000,24000,15000,49000,12000,37000,20000,20950,13637,51000,25000,25000,14000,17500,35000,22000,22500,12500,23001,36000,11000,16450,17500,20000,3052.5,15000,4500,10000,25000,20000,20000,11000,24550,10000,10000,25000,10200,19100,5150,15900,17050,20000,10900,17000,22000,37250,15000,10000,29800,20000,34500,25000,25000,20000,20000,10000,17500,15000,10000,9900,10000,18000,14050,20900,16000,20000,24900,15000,13700,10450,26000,19100
56772,"Singer Island","Riviera Beach","Palm Beach","FL","Miami-Fort Lauderdale",1375,34500,23500,21000,31000,11000,15000,25500,10000,15000,16950,26000,27050,17550,19500,20000,13825,10000,13450,17000,20000,45150,24000,15900,11500,23600,21000,41000,20000,22000,10000,20000,10000,18500,19000,50900,35000,10000,15000,12250,10000,11000,10500,20000,14450,10000,23450,16000,18500,13250,10000,7500,10000,7950,15000,24000,14500,17450,23500,24497.5,14900,25000,14000,20550,13000,20000,20000,11000,19999,10100,18000,12000,8000,10000,10000,9950,24950,12000,10000,10000,15100,11000,20000,22500,10000,5001
416182,"Isla Del Sol","Saint Petersburg","Pinellas","FL","Tampa",1378,17550,15000,10000,7000,10000,9800,10000,10000,6400,11100,6750,10000,7500,10000,11000,6050,5900,10000,10000,15000,7700,10050,5400,10000,5000,9900,5700,6000,7400,9100,6000,10000,10000,10000,6000,10000,10000,10000,10100,9100,10000,9050,5200,10000,10000,12000,10000,11300,9000,5000,6000,5900,5000,5100,5000,5000,5000,6500,3950,5050,9750,11500,7000,10000,8450,10000,9000,8750,10000,5100,5000,6000,8500,5000,5100,7556,10000,8000,9100,10000,9000,9550,7000,10000,4450
343306,"Island Estate Civic Association","Clearwater","Pinellas","FL","Tampa",1380,10000,12700,20000,5000,11500,20000,10000,10000,13950,14600,10000,10000,10000,10000,10100,7500,10622.5,14450.5,10000,16750,5000,5000,7500,10000,7900,5000,7500,10000,9100,12500,10250,10000,7950,9000,9100,12500,6900,5000,10000,10000,9000,10000,8187.5,6000,5100,12000,13250,5500,5000,20000,14950,7500.5,10000,5100,10900,10000,8500,25000,5100,5500,5100,7500,6600,9001,6000,10000,10000,10000,5000,10000,6000,10000,7000,6000,10250,10000,10000,10000,10450,10100,10000,8450,10000,9500,5000
343331,"Sand Key Civic Association","Clearwater","Pinellas","FL","Tampa",1381,25000,24800,15000,24000,25600,16000,20000,10000,20000,15005,20000,20000,17950,16000,14750,20400,14000,25000,14600,11000,14550,22000,14500,19550,12250,10000,19050,15100,10000,16550,10500,10650,10000,22400,23000,14000,20777,16000,22500,20000,15000,10000,17500,20500,19550,14000,10000,18500,17500,17500,19250,20450,12750,10000,19100,11000,20000,14000,25050,10000,2050,14550,17050,20900,10000,10000,10000,11000,14550,10000,10000,12000,10000,7900.5,14950,9500,10000,10000,16000,10000,15000,10999,4175,24000,10000
6230,"North Ocean City","Ocean City","Worcester","MD","Salisbury",NA,20000,16000,15000,15000,20000,19500,10000,11700,10100,14250,10900,10000,10000,10900,10000,16000,14550,15000,10000,10000,10000,6000,10050,6549.5,10000,10000,10000,10900,10000,10000,10000,10000,10000,10000,10000,10000,10000,10000,12050,9000,10000,9000,10000,9500,6995,5500,8600,9100,10000,9584,8900,7900,10000,9950.5,10000,10000,7400,10000,10000,8300,6500,9450.5,5000.5,7000,7900,5099,5000,5600,9100,5950,5100,7900,6045,7500,5450,5100,5099,7795,7000,6000,8000,8995,10000,10000,5550
124244,"Eastern Shores","North Miami Beach","Miami-Dade","FL","Miami-Fort Lauderdale",NA,7000,10000,15000,5000,10200,10000,20450,10000,10000,21950,19900,15000,11500,16000,6050,10000,8350,9000,24500,10000,12500,15000,11800,10000,14999,5000,17500,17050,10000,8700,14000,10000,10000,4750,5100,4000,7500,6000,13500,5000,5100,9500,7900,6000,10000,9050,12000,10000,10000,8000,9550,10000,8600,12000,10000,12450,10000,10000,7000,11000,5000,9000,6000,6550,9000,10000,10000,6000,15100,7950,10000,6000,6000,5000,6500,6500,9000,4000,8000,10000,6700,10000,10000,100,10000
267922,"Downtown","Indianapolis","Marion","IN","Indianapolis",NA,14900,9900,7400,7000,10000,7500,9600,10000,5672,5400,7550,10400,13750,5100,5000,15450,10000,20000,9600,13950,20000,10000,6700,17500,10000,14900,5550,7500,5123,5000,7050,10000,9900,5000,6000,9950,7901,7902.5,15050,5000,5000,5000,6000,4000,9200,15000,10000,9750,10000,10000,15200,15000,9100,5000,5000,9950,17400,10000,10000,10000,11000,10100,14900,8000,8950,10995,20000,12500,14950,14901,9950,10050,9950,10100,10000,6500,22950,15000,10000,12450.5,10000,20000,10050,10000,10000
753808,"Rittenhouse","Philadelphia","Philadelphia","PA","Philadelphia",NA,15550,17900,16000,25000,25000,16250,14900,15000,14900,39500,18000,16950,24000,28000,25550,20000,28450,28000,14750,37750,18500,17500,10000,11000,10000,13500,20000,17000,10500,17999.5,13000,13000,12500,20000,14000,25000,24100,20900,25000,19500,10000,30000,22500,17500,10000,19000,19500.5,10650.5,10000,15000,12500,11300,20000,10000,10000,9500,20000,15000,15100,15000,20000,21900,19000,30000,21450,16550,10000,15000,16950,17500,15500,16000,14900,17451,20900,10000,25000,12950,15000,15000,15100,14900,10125,14000,14950
753815,"Washington Square","Philadelphia","Philadelphia","PA","Philadelphia",NA,11900,14750,10950,28500.5,27070,25000,10000,10000,8000,10049.5,7500,8450,10000,15900,10000,7500,9900,9900,15050,15000,16000,15000,20000,12500,16500.5,19000,32500,22500,13050,8050,13000,10000,10000,12550,10000,10000,20000,5100,14000,7405,5000,19500,5550,10000,19950,17600,10000,14500,10000,17450.5,10000,7550,10000,5100,11000,19100,10000,10000,20000,10000,15000,10000,10000,11000,15450,3750,10000,10000,10000,10099,15000,10000,9950,10000,13000,3499.5,15000,5050,12000,7000,11250,10100,8450,12500,8100
762156,"The Island","Venice","Sarasota","FL","North Port-Sarasota-Bradenton",NA,17250,15500,30000,12000,16000,19500,12000,10000,11500,12000,20000,10000,10000,10501,10900,9000,10950,10000,10000,9950,9500,5000,11000,5000,4800,10100,8650,11500,8950,8913,6500,9900,6888.5,7325,5000,24275,10000,10000,5000,5050,10000,14050,9100,9900,10000,11000,10100,15000,9901,12450,14100,7500,10100,10000,10500,10000,8000,5000,10000,7502.5,10750,6000,3500,14501,10000,10000,10950,5500,8000,7000,7950,12000,5100,10000,10500,10900,9100,10000,10000,10000,10000,16000,7450,8000.5,3600
762209,"Midtown","Ocean City","Worcester","MD","Salisbury",NA,19800,15000,19550,17550,20000,16250,15000,14950,10000,14000,15000,15000,12000,15000,10000,10100,15000,11562.5,10000,10000,10000,10100,10000,13100,14575,10000,10049.5,10000,10000,10000,10000,9100,10000,9901,10000,10000,10000,10000,11950,10000,10000,10000,10000,6000,9100,8000,10000,9001,8090,10000,10100,8450,9500.5,6000,5700,9900,10000,8000,10000,10000,10000,8000,10000,10000,10000,5000,5550,10000,10000,10000,5900,9950.5,5100,10000,10000,8950,6800,10000,9950.5,10000,5750,9100,5000,10000,10000
763106,"Coronado Beach","New Smyrna Beach","Volusia","FL","Daytona Beach",NA,21500,14000,10000,13500,16950,10000,19900,11100,10000,7050,10000,5000,11000,9000,4600,10000,10000,10000,16000,13500,12500,5100,18450,10050,5000,10000,4950,7100,2550,4900,5000,6049,5000,5000,40000,4025,4000,5000,2000,8100,4000,5750,10000,5000,8000,7000,8000,5000,7000,10000,4900,8000,8550,3000,5500,11000,3500,6000,5750,5000,15000,10000,19000,8000,9550,5000,5000,5000,6450,5050,9000,5000,7500.5,5050,3000,200,15000,5000,12500,3100,10000,10000,5000,8500,4000
764288,"Rancho La Costa","Carlsbad","San Diego","CA","San Diego",NA,17100,10100,22000,11700,15000,16000,16000,11000,11000,11000,16000,11000,10000,18000,10050,14100,10000,10000,12500,10000,11250,16550,15000,12500,10000,5500,13000,10500,11950,13450,10000,10000,8000,10000,17550,10000,10000,14999.5,10000,14500,15000,10250,18112,14000,10000,10000,10000,10000,10000,10000,22000,23100,15000,14500,10000,10000,15500.5,12000,10000,7000,9500,10000,9900,4850,10000,14150,14500,13000,17500,10000,9550,6000,10050,28499.5,14000,11050,5000,20000,20000,16000,10000,12000,10000,14000,10000
