"RegionName","City","State","Metro","CountyName","SizeRank","2010-01","2010-02","2010-03","2010-04","2010-05","2010-06","2010-07","2010-08","2010-09","2010-10","2010-11","2010-12","2011-01","2011-02","2011-03","2011-04","2011-05","2011-06","2011-07","2011-08","2011-09","2011-10","2011-11","2011-12","2012-01","2012-02","2012-03","2012-04","2012-05","2012-06","2012-07","2012-08","2012-09","2012-10","2012-11","2012-12","2013-01","2013-02","2013-03","2013-04","2013-05","2013-06","2013-07","2013-08","2013-09","2013-10","2013-11","2013-12","2014-01","2014-02","2014-03","2014-04","2014-05","2014-06","2014-07","2014-08","2014-09","2014-10","2014-11","2014-12","2015-01","2015-02","2015-03","2015-04","2015-05","2015-06","2015-07","2015-08","2015-09","2015-10","2015-11","2015-12","2016-01","2016-02","2016-03","2016-04","2016-05","2016-06","2016-07","2016-08","2016-09","2016-10","2016-11","2016-12","2017-01","2017-02","2017-03","2017-04","2017-05","2017-06","2017-07","2017-08","2017-09"
"Paradise","Las Vegas","NV","Las Vegas","Clark",1,,,,,,,,,,,,,,,,,,,,,,,,,,,,,,,,,,,,,,,76000,78900,84700,82750,80000,90000,89900,96900,95000,97000,1e+05,99900,99900,99000,99000,1e+05,99000,105000,110000,110000,108200,113400,113300,117200,119900,119000,124925,125000,132900,129894,126000,129444,134800,129900,128000,139638.5,140000,139999.5,134900,130000,129000,137000,149450,145000,147900,154950,159900,161500,160000,159950,159900,159900,170000,170000,180000
"Upper West Side","New York","NY","New York","New York",2,,,,,,,,,,,,,,,,,,,,,,,,,,,,,,,,,,,,,,,,,,,,,,,,,,,,,,,,,,,,,,,,,,,,,,,,,,,2405000,2500000,2380000,2385000,2472500,2600000,2535000,2397500,2395000,2370000,2360000,2375000,2365000,2370000,2360000,2395000,2417500,2495000,2417500
"Sherman Oaks","Los Angeles","CA","Los Angeles-Long Beach-Anaheim","Los Angeles",3,,,,,,,,,,,,,,,,,,,,,,,,,,,,,,,,,,,,,,,,,,,,,,,471500,449972,439000,449900,449000,469000,488000,488000,489999,499000,499450,499000,499000,487000,487000,499000,517000,525000,514500,504999.5,514000,519000,539000,534975,537000,599000,599900,550000,547500,581950,547500,530000,529000,535000,550000,575000,584250,608500,624999,659950,675000,675000,682000,675000,682500,682500,669975
"South Los Angeles","Los Angeles","CA","Los Angeles-Long Beach-Anaheim","Los Angeles",4,,,,,,,,,,,,,,,,,,,,,,,,,,,,,,,,,,,,,,,,,,,,,,,269000,259900,259900,265000,269950,274900,275000,279999.5,294900,299000,295000,289000,295000,299000,299900,310000,3e+05,318000,320000,310000,315000,315000,319400,318900,319800,315000,319900,329000,329900,339000,330000,349900,359000,359000,355000,359950,359950,353750,369000,369900,381450,384000,395000,389000,399000,406000,4e+05
"Upper East Side","New York","NY","New York","New York",5,,,,,,,,,,,,,,,,1295000,1350000,1395000,1349000,1299000,1300000,1350000,1400000,1400000,1300000,1312500,1349000,1360000,1325000,1399000,1399000,1399000,1400000,1395000,1425000,1495000,1400000,1400000,1400000,1395000,1375000,1299000,1295000,1365000,1395000,1495000,1695000,1797000,1837500,1797000,1850000,1597500,1535000,1649000,1762500,1750000,1800000,1949750,1897000,1949750,1897500,1895000,1875000,1962500,1875000,1800000,1900000,1895000,2e+06,1995000,1962500,1975000,2e+06,2085000,1910000,1985000,1950000,1895000,1890000,1912500,1837000,1850000,1897500,1895000,1982500,2085000,1995000,2100000,1995000,1999500,1999500,2112500,2195000
"Sunrise Manor","Las Vegas","NV","Las Vegas","Clark",6,,,,,,,,,,,,,,,,,,,,,,,,,,,,,,,,,,,,,,,,,,,,,,,64949.5,66500,64900,67777,65000,65500,66450,65000,65000,66000,66700,67993.5,65000,65000,65450,70000,70000,67900,69900,69999,69400,69000,70000,69900,72000,72500,74900,76900,78500,76000,75900,76900,79500,79250,77493,79250,83250,81000,79700,82000,87450,87450,89900,89900,89975,94950,95000
"Spring Valley","Las Vegas","NV","Las Vegas","Clark",7,,,,,,,,,,,,,,,,,,,,,,,,,,,,,,,,,,,,,,,,,,,88000,93900,91500,94900,95000,94900,90000,92000,95000,95000,99500,99900,98000,99900,99700,99000,99500,99500,99900,99900,102500,102500,109450,110000,110000,108950,110000,110000,110000,110000,115850,120000,125000,120000,117450,120000,125000,125000,124995,126800,125000,125000,129900,131000,143800,146000,149999,150000,162450,155000,158500
"Southeast Los Angeles","Los Angeles","CA","Los Angeles-Long Beach-Anaheim","Los Angeles",8,,,,,,,,,,,,,,,,,,,,,,,,,,,,,,,,,,,,,,,,,,,,,,,221950,224000,224450,224900,229000,230000,240000,240000,246697,250000,255000,249950,255000,229000,259900,257500,268900,251000,257500,265500,269000,274900,279000,279900,284500,295495,299000,299000,297495,299000,297495,299000,299000,299000,299900,3e+05,305000,310000,325000,335000,335000,335000,340000,335000,335000,340000,339900
"Van Nuys","Los Angeles","CA","Los Angeles-Long Beach-Anaheim","Los Angeles",9,,,,,,,,,,,,,,,,,,,,,,,,,,,,,,,,,,,,,,,,,,,,,,,,,254000,249000,251950,270000,285500,259000,259000,258000,269900,279000,271900,234499.5,259000,276750,289000,280000,299000,297450,299000,307450,317000,331200,312450,295000,281950,284995,287900,282500,282500,279999,284500,296450,279475,275000,277000,287000,319000,339000,337000,332499.5,328000,319975,328500,349000,337200
"Far North","Dallas","TX","Dallas-Fort Worth","Dallas",10,,,,,,,,,,,,,,,,,,,,,,,,103000,105000,103500,99900,98950,99500,99500,99950,107750,99900,102000,105000,102450,99700,99900,109900,109900,108500,108000,106000,110000,118500,114900,114900,109900,109900,99000,110000,109950,110000,113000,119900,125000,129000,124450,121500,121000,139950,136988,120000,125000,123700,132500,130000,126500,125000,129450,132450,136900,149000,149900,149900,152450,157950,148900,149900,165000,160000,160000,160000,164000,164000,163000,165000,172460.5,195450,179900,177450,173745,183500
"Hollywood","Los Angeles","CA","Los Angeles-Long Beach-Anaheim","Los Angeles",11,,,,,,,,,,,,,,,,,,,,,,,,,,,,,,,,,,,,,,,,,,,,,,,,,,,,,,,,,,,,695000,678495,695000,672000,697000,675000,665000,698500,685000,699000,699000,715000,749499.5,704500,660000,627000,699487.5,699000,7e+05,775000,799000,782000,782000,732000,722500,732000,735000,749000,750000,750000,780000,814450,850000,798888
"Williamsburg","New York","NY","New York","Kings",12,,,,,,,,,,,,,,,,,,,,,,,,,,,,,,,,,,,,,,,,,,,,,,,,,,,,,,,,,,,,,,,,,1400000,1391600,1375000,1375000,1380000,1375000,1391600,1380000,1366750,1372500,1391600,1380000,1400000,1400000,1390800,1375000,1370000,1375000,1390000,1393125,1395000,1417500,1425000,1443750,1446875,1450000,1420000,1442500,1395000
"Bedford Stuyvesant","New York","NY","New York","Kings",13,,,,,,,,,,,,,,,,,,,,,,,,,,,,,,,,,,,,,,,,,,,,,,,,,,,,,,,,,,,,,,,,,,,,,,,,,,,,,799000,799000,825000,845770,845770,849000,847385,825000,825000,855000,870000,870000,870000,894000,899000,901500,899000
"Crown Heights","New York","NY","New York","Kings",14,,,,,,,,,,,,,,,,,,,,,,,,,,,,,,,,,,,,,,,,,,,,,,,,,,,,,,,,,,,,,,,,,,,,,,,,,,,,,,,,,1049000,1049000,1049000,982000,966000,937500,927500,899000,899000,887500,890000,885000,890000
"Harlem","New York","NY","New York","New York",15,,,,,,,,,,,,,,,,,,,,,,,,,,,,,,,,,,,,,,,,,,,,,,,,,,,,,,,,,,,,,999000,1022000,1085000,1080000,999000,895000,855000,850000,910000,915000,911500,910000,899000,856975,807000,909000,9e+05,909500,936000,976500,980000,978000,996000,996000,981000,990000,984500,998000,996000,992000,907000,756500,8e+05
"Enterprise","Las Vegas","NV","Las Vegas","Clark",16,,,,,,,,,,,,,,,,,,,,,,,,,,,,,,,,,,,,,,,,,,,,,,,,145000,149900,148000,150000,150000,150000,154900,154200,154900,155000,155900,155000,159888,159900,159900,156500,159000,159900,158000,158000,164500,164900,165000,165000,168000,165000,168750,167750,169900,171550,174000,179450,179900,178000,175000,175000,174949.5,179000,179000,184900,189250,195000,199999,199900,209900,210000
"North Hollywood","Los Angeles","CA","Los Angeles-Long Beach-Anaheim","Los Angeles",17,,,,,,,,,,,,,,,,,,,,,,,,,,,,,,,,,,,,,,,,,,,,,,,,,399950,429000,429000,444250,444250,425000,409975,457000,449000,449000,439000,437000,399000,439999,437475,429000,445950,438975,425000,457948.5,489900,489950,489950,489950,504499.5,499000,484450,477000,450000,465000,494450,489900,499000,499000,499000,519000,525000,519000,509900,514949.5,499000,499999,499000,517000,515000
"Alief","Houston","TX","Houston","Harris",18,,,,,,,,,,,,,,,,,,,,,,,,,,,,,,,,,,,,,,,,48000,49900,49900,49900,50400,55000,49000,45000,49000,52000,49900,53000,54500,57000,58500,64500,65999.5,66000,65000,59950,59950,61950,59850,65000,65500,66000,65500,63000,65000,66500,65000,66450,65000,71500,73450,71425,60000,69450,65000,65000,64600,69900,77450,72900,77000,83000,82950,80750,84200,83500,84900,85000,82400,83200
"Mid City","Los Angeles","CA","Los Angeles-Long Beach-Anaheim","Los Angeles",19,,,,,,,,,,,,,,,,,,,,,,,,,,,,,,,,,,,,,,,,,,,,,,,,549450,546450,536000,569000,579000,559000,556929,569000,568000,554500,582000,549900,529000,549500,573500,549000,550000,599000,604000,609000,599000,599000,639900,570000,592000,592000,605000,592000,594500,607000,619000,599250,599000,595000,649000,659000,659000,659059,659059,659029.5,679450,654475,679000,694000,694500,699500
"North Long Beach","Long Beach","CA","Los Angeles-Long Beach-Anaheim","Los Angeles",20,,,,,,,,,,,,,,,,,,,,,,,,,,,,,,,,,,,,,,,,,,,,,,279000,280600,288000,299000,299000,289000,289000,284950,290000,290000,299900,299450,3e+05,299000,299000,307450,317000,310000,319000,327000,317000,310000,329950,330000,329900,335000,329450,349900,353750,352500,349900,359000,350000,349999,362500,374949.5,375000,379950,379000,359000,365000,379000,395500,399900,4e+05,415000,409499.5,399900
"Lower East Side","New York","NY","New York","New York",21,,,,,,,,,,,,,,,,,,,,,,,,,,,,,,,,,,,,,,,,,,,,,,,,,,,,,,,,,,,,,,,,,,,,,,,,,,,,2150000,2150000,1960000,2045000,1897500,2107500,2045000,2200000,2225000,2250000,2450000,2450000,2366000,2310000,2342500,2330000,2342500,2366000
"Logan Square","Chicago","IL","Chicago","Cook",22,,,,,,,,,,,,,,,,,,,,,,,,,,,,,,,,,,,,,,,,,,,,,,,,,,,,285400,299000,269000,289900,299999,269000,246950,279900,244950,265000,292400,297400,289000,289000,279900,279900,330000,319900,305500,319950,327000,381950,399000,399000,384000,379000,359900,357450,349950,365000,389900,424000,449000,399900,399450,350000,374450,374450,374950,360000,355000,355000
"Downtown","San Jose","CA","San Jose","Santa Clara",23,,,,,,,,,,,,,,,,,,,,,,,,,,,,,,,,,,,,,,,,,,,,,,,499900,5e+05,549894,504142.5,507000,525000,499900,519944.5,524990,539500,534444,522000,499999,499925,520000,519900,549900,539000,549000,599000,576500,599000,625000,599000,625000,637000,635000,639888,665000,695500,690000,649500,659444,649000,649000,649000,634000,599999,659000,654499.5,688444,688000,709500,696500,695000,698944,695000
"Evergreen","San Jose","CA","San Jose","Santa Clara",24,,,,,,,,,,,,,,,,,,,,,,,,,,,,,,,,,,,,,,,,,,,,,,,,,,,,,,,,,,,,,,,,,,,,,,,,,,,630000,639000,672000,610000,610000,614900,640000,642975,644900,642475,630000,633500,633500,640000,639925,617000,615000,629999,639499.5
"Sylmar","Los Angeles","CA","Los Angeles-Long Beach-Anaheim","Los Angeles",25,,,,,,,,,,,,,,,,,,,,,,,,,,,,,,,,,,,,,,,,,,,,,,,,,,,,,,,262450,249900,242500,259000,249950,244950,239000,239999,249900,249900,252400,259900,272000,306450,325000,280450,285000,330000,311000,269000,269000,269945,282500,275000,298326.5,275000,285000,299000,307000,329900,330000,318750,350000,352125,352125,347499.5,342000,333499.5,345000
"Willow Glen","San Jose","CA","San Jose","Santa Clara",26,,,,,,,,,,,,,,,,,,,,,,,,,,,,,,,,,,,,,,,,,,,,,,,,,,,,,,,,,,,,,,,,,,,589000,610000,599490,599000,625000,624950,619494,599000,688000,699000,741222,726999.5,726975,734000,717445,718500,690000,699475,699000,703495,717500,728995,749000,749950,733990,769444,819000
"Sharpstown","Houston","TX","Houston","Harris",27,,,,,,,,,,,,,,,,,,,,,,,,,,,,,,,,,,,,,,,,,,,,,,,,,,,,,,,,,,,,,,,,,,,,,,,,,,,,,,,,75750,79000,80000,86750,80000,80000,89500,85000,92500,89000,89400,96000,1e+05,108000
"San Pedro","Los Angeles","CA","Los Angeles-Long Beach-Anaheim","Los Angeles",28,319000,326000,326000,324950,317000,317000,329000,329000,315000,299000,289900,286500,265000,267950,239900,249900,254900,249900,267650,266150,249500,232449.5,229450,226250,209900,201777.5,206750,219000,225000,234900,249450,239000,250000,255000,295000,293950,270000,288075,279000,269000,315000,325000,332500,337000,342500,342000,325000,319000,310000,327000,359000,352000,357000,389400,385000,377000,369000,365000,350000,349000,350000,389000,372500,369000,396500,399000,399000,399000,392500,399000,399450,385000,399000,399000,402450,399900,399999,409000,429900,426000,420000,422500,415000,439000,429000,422000,449000,449000,459000,449990,475000,475000,489000
"Forest Hills","New York","NY","New York","Queens",29,339000,339444,339000,339000,329000,329000,325000,319000,319000,329000,319000,327500,326000,325000,332444,329000,328000,329000,329000,319000,325000,310000,299000,299000,299000,298888,290000,295000,295000,299900,295000,299000,299000,299000,295000,289999.5,280000,285000,288000,280000,288000,289000,295000,299000,297000,292500,308400,299000,289000,299995,299995,307000,315000,319000,329000,335000,358888,340000,319500,329450,359000,390000,362500,355000,349000,365000,365000,369000,382500,389000,418900,418800,407000,419000,424999,424999,425000,432499.5,424999,424999,422499.5,428500,439000,440000,440000,442500,449000,449999,454500,454500,449950,450000,454888
"Blossom Valley","San Jose","CA","San Jose","Santa Clara",30,,,,,,,,,,,,,,,,,,,,,,,,,,,,,,,,,,,,,,,,,,,,,,,309694,299999.5,294000,299944,304900,314950,317000,330000,329393.5,324888,324000,315000,295000,295000,296950,322475,332450,360000,369000,349975,388000,389000,368944,368888,354000,364000,359000,359000,385000,399000,399388.5,421443,448950,443950,449000,409888,432000,438888,432000,395000,408950,403950,399000,417483,392500,390000,391475
"Southeast Colorado Springs","Colorado Springs","CO","Colorado Springs","El Paso",31,,,,,,,,,,,,,,,,,,,,,,,,,,,,,,,,,,,,,,,,,,,,,,94950,98000,102500,108250,107500,108450,110750,115000,106000,101000,109000,104950,107250,105000,99490,104950,98000,99000,111000,119500,123000,110000,119500,120000,119700,124500,127900,137500,136250,124949.5,123900,123950,132450,136250,139500,149900,143450,125000,113500,121750,142000,143500,155501,167040,160000,162000,159999,145000
"East Colorado Springs","Colorado Springs","CO","Colorado Springs","El Paso",32,,,,,,,,,,,,,,,,,,,,,,,,,,,,,,,,,,,,,,,,,140000,127000,131500,130000,125445,130000,119900,122500,129900,142400,147900,149999.5,154000,146000,146750,147450,149900,149900,149749.5,161000,132500,139750,156000,137900,135900,129900,143750,146420.5,149600,150000,145000,141250,144900,165000,166000,152000,154000,150000,150000,155000,166950,168900,169950,172500,175000,179950,179950,182450,185000,189900,189900,2e+05,194900
"Park Slope","New York","NY","New York","Kings",33,,,,,,,,,,,,,,,,,,,,,,,,,,,,,,,,,,,,,,,,,,,,,,,,,,,,,,,,,,,,,,,,,,,,,,,,,,995000,1100000,1165000,1292000,1282000,1300000,1317500,1357500,1350000,1365000,1365000,1370000,1370000,1350000,1330000,1350000,1357500,1350000,1380000,1399000
"Fresno High Roeding","Fresno","CA","Fresno","Fresno",34,,,,,,,,,,,,,,,,,,,,,,,,,,,,,,,,,,,,,,,,,,,,,,,,,,,124463.5,127500,109700,115500,129000,134900,119900,119900,110000,115000,122450,144000,142900,142900,134900,131000,129950,132250,135000,140000,140000,143000,145000,142500,139900,145000,144450,144900,144900,144900,137450,136500,139950,139999,149000,148950,154900,150000,150000,157697.5,169000,169000,161200
"Kempsville","Virginia Beach","VA","Virginia Beach","Virginia Beach City",35,143900,148825,136900,136850,137950,136900,157000,155950,149977,149900,132450,129900,135900,136800,149900,136400,129900,147500,147650,159900,156950,153450,150950,143780,137900,129900,120000,115000,117000,127000,127950,121500,99700,103300,120000,135000,137450,139000,140200,138000,144450,138500,149950,144900,142450,144900,140000,136950,142970,150750,149900,144500,154900,154900,155000,155000,156000,150000,149900,148200,154900,172000,184500,169900,158888,155000,157500,158000,169950,155000,153000,147450,149950,149950,154900,154750,150000,156900,159999,165250,162000,162000,145000,142000,143000,142000,149500,171400,185000,185000,183700,176000,170000
"Little Havana","Miami","FL","Miami-Fort Lauderdale","Miami-Dade",36,,,,,,,,,,,,,,,,,,,,,,,,,,,,,,,,,,,,,,,,,,,,,,,,,,,,,,,,,,,,,,,,,,,,,,,,,,,,,,,245000,250000,253750,250000,247000,249000,259900,270000,270000,270000,279999,272500,319000,319000,299000
"Centennial Hills","Las Vegas","NV","Las Vegas","Clark",37,,,,,,,,,,,,,,,,,,,,,,,,,,,,,,,,,,,,,,,,,,,,,,,,,,,,127500,134450,120000,120000,140995,148750,148750,144950,128000,135000,135000,139950,142500,135000,149000,139200,138500,139900,139500,151250,148750,140937.5,133900,140450,147500,149900,147000,145000,149000,153990,153990,147950,142500,142450,149000,149000,149950,165000,172000,179900,187950,190000
"Flagami","Miami","FL","Miami-Fort Lauderdale","Miami-Dade",38,,,,,,,,,,,,,,,,,,,,,,,,,,,,,,,,,,,,,,,,,,,,,,,,,162000,159999,169900,170000,165000,167000,180000,179950,179000,177000,175000,189656.5,170000,189900,195997.5,175000,185000,192000,190000,190000,2e+05,199500,205000,205000,207500,205000,2e+05,2e+05,2e+05,199900,197000,198013,210000,210000,210000,215000,219000,225000,240000,247962,227000,216500,216500,230100,239450
"Lone Mountain","Las Vegas","NV","Las Vegas","Clark",39,,,,,,,,,,,,,,,,,,,,,,,,,,,,,,,,,,,,,,,,,,,,,,,,,112000,109900,109995,113000,114900,125000,120000,119000,122200,118944,115000,114950,124000,129200,129900,134000,135000,132000,127500,125000,126900,128000,129000,129900,128900,129000,129900,129000,128900,128900,128900,129900,134850,148200,149000,135000,130000,135000,142250,157500,165888,165888,169450,167000,179800
"Summerlin North","Las Vegas","NV","Las Vegas","Clark",40,,,,,,,,,,,,,,,,,,,,,,,,,,,,,,,,,,,,,,,,,,,,,,,,,,,,,,,,,,,,,,,,155500,179950,165000,192000,194400,195888,192900,189900,182450,171994.5,179900,189888,197000,199000,199900,205000,220000,214900,206900,214900,225000,229900,235000,239450,225000,234000,259900,260000,250000,286000
"Gresham","Chicago","IL","Chicago","Cook",41,,,,,,,,,,,,,,,,,,,,,,,,,,,,,,,,,,,,,,,,,,,,,,,,,,,,,,,,,,,,,,,,,,,,,,,,,,,,,,,,,60900,56905,56905,59900,66900,74500,73700,69949.5,69450,69000,69000,79493,79900
"Michael Way","Las Vegas","NV","Las Vegas","Clark",42,,,,,,,,,,,,,,,,,,,,,,,,,,,,,,,,,,,,,,,,,,,,,,,,79500,74900,73000,74900,73000,74500,77000,78500,79900,79000,79900,75000,79000,77750,85000,87500,87000,87000,85000,85000,82000,81000,83900,85000,82000,81000,83000,80000,86900,86950,89000,89450,88700,90000,89950,89900,94950,87000,84700,87000,89900,98250,95000,1e+05,112500,115000
"Chelsea","New York","NY","New York","New York",43,,,,,,,,,,,,,,,,,,,,,,,,,,,,,,,,,,,,,,,,,,,,,,,,,,,,,,,,,,,,,,,,,,,,,,,,,,,,,,,2945000,2945000,3275000,3200000,3395000,3695000,3700000,3500000,3700000,3700000,3335000,3595000,3150000,2995000,2990000
"Lake View","Chicago","IL","Chicago","Cook",44,,,,,,,,,,,,,,,,,,,,,,,,,,,,,,,,,,,,,,,,,,,,,,,389000,399900,422900,425000,394949.5,372000,425000,427500,437000,430000,454450,454950,429000,412400,397500,409000,418750,407450,419500,430000,399950,408950,410000,384950,406750,446500,419000,404250,370000,417000,399000,417000,419000,450000,5e+05,522000,529950,524900,524800,499000,476950,476950,479999,479999,475000,474900,517000
"Englewood","Chicago","IL","Chicago","Cook",45,,,,,,,,,,,,,,,,,,,,,,,,,,,,,,,,,,,,,,,,,,,,,,,,,,,,,,,,,,,,,,,,,,,,,,,,,,,,,,,,,,28099.5,28000,28000,25500,25000,27900,29000,29900,28500,29000,29450,29450
"Woodland Hills","Los Angeles","CA","Los Angeles-Long Beach-Anaheim","Los Angeles",46,,,,,,,,,,,,,,,,,,,,,,,,,,,,,,,,,,,,,,,,,,,,,,398000,379499.5,370000,389949.5,349000,345200,358000,388750,399000,404450,399500,404700,399500,389000,384450,369000,398500,399000,404950,435750,419900,444450,450000,449500,447500,448950,456950,443950,427201.5,459500,489000,475000,475000,479950,479950,479950,477000,469000,469000,473000,464500,460000,469000,469000,475000,475000,494500,495000
"Oak Lawn","Dallas","TX","Dallas-Fort Worth","Dallas",47,,,,,,,,,,,,,,,,,,,,,,,,,,,270000,270000,259000,255000,255000,245900,239900,247450,276500,269900,279000,285000,285000,270000,284000,260239.5,259000,274750,277900,269999.5,265000,269900,264449.5,264999.5,258000,249900,262500,249900,252450,269900,3e+05,305000,289000,295000,294000,289000,313000,315000,299900,329000,325000,314999,332500,325000,320000,325000,349000,345000,345000,345450,359000,379000,379000,389500,429000,434950,435000,408700,399000,408700,403250,419945,425000,419000,399900,389450,392000
"Highland Park","Los Angeles","CA","Los Angeles-Long Beach-Anaheim","Los Angeles",48,,,,,,,,,,,,,,,,,,,,,,,,,,,,,,,,,,,,,,,,,,,,,,,389500,379000,390000,399000,394500,388000,429000,435000,467450,459000,454500,464000,468000,474900,444500,489999,499000,499000,499000,559000,559000,525000,499000,492000,535000,542000,549000,549000,599000,599000,599800,599000,599000,589999,599000,625000,650000,650000,626000,602000,599000,644500,625000,650000,649000,649000,649000
"Greater Uptown","Houston","TX","Houston","Harris",49,,,,,,,,,,,,,,,,,,,,,,,,,,,,,,,,,,,,,,,,,,,,,,,,,,,,254000,258000,236000,220000,249000,249000,264000,264500,262250,260000,250450,255000,252950,262200,251000,250500,249900,249999,245000,259900,275000,299000,299725,299000,299000,305000,299000,302500,290000,279000,272250,270000,269000,265000,265000,269900,270000,274900,270000,273950,268625,273000
"Mid City West","Los Angeles","CA","Los Angeles-Long Beach-Anaheim","Los Angeles",50,,,,,,,,,,,,,,,,,,,,,,,,,,,,,,,,,,,,,,,,,,,,,,,,,875000,869000,799000,799000,799000,894000,864650,904500,949000,885000,940000,930000,942500,925000,902500,929000,832000,750000,839500,899000,890000,869000,869000,894500,869000,950000,987000,899900,950000,986500,1072500,1095000,1099000,998500,1099000,995000,1049000,1049450,1100000,1125000,1174500,1099000,1249000,1262000,1250000
"Encino","Los Angeles","CA","Los Angeles-Long Beach-Anaheim","Los Angeles",51,,,,,,,,,,,,,,,,,,,,,,,,,,,,,,,,,,,,,,,,,,,,,,,,,,,,,,,,,,,,,,,,,,,,,,,,,,,,,,,550000,495000,447000,459000,460000,437000,469000,435000,440000,489000,459975,474000,519950,514450,499974.5
"Valencia","Santa Clarita","CA","Los Angeles-Long Beach-Anaheim","Los Angeles",52,,,,,,,,,,,,,,,,,,,,,,,,,,,,,,,,,,,,,,,,,,,,,,,305000,322000,314450,319000,329812.5,334495,339000,334450,339450,320000,325000,333000,323700,343000,339995,342740,349750,349350,349990,349200,355000,350000,353494.5,360290,359000,360290,362000,365000,369950,374900,369000,378500,369999.5,379000,378500,379475,380000,379000,375000,382500,397505.5,396311,389000,399000,409900,409000,409000
"Memorial","Houston","TX","Houston","Harris",53,,,,,,,,,,,,,,,,,,,,,,,,,,,,,,,,,,,,,,,,,,,,,,,,,,,,,,,,,,,,,,,,,,,,,,,,,,,294900,289000,262000,249900,249700,254000,247250,239500,225000,213450,228294,219500,219750,234900,233450,225000,227950,224000,228500
"Rancho Bernardo","San Diego","CA","San Diego","San Diego",54,,,,,,,,,,,,,,,,,,,,,,,,,,,,,,,,,,,,,,,,,,,,,,315000,307500,312500,325000,324900,334000,350000,319000,320000,352500,359000,340000,338999,340000,329943.5,329900,330450,339000,337000,324900,332000,353400,349995,361250,365000,365000,350950,369000,379000,385000,362500,377000,375000,385000,378000,392500,399000,399000,424000,429900,424500,417500,415000,394900,407500,437000,415000,424000
"El Sereno","Los Angeles","CA","Los Angeles-Long Beach-Anaheim","Los Angeles",55,,,,,,,,,,,,,,,,,,,,,,,,,,,,,,,,,,,,,,,,,,,,,,,350000,338000,349000,359500,369000,379000,376500,362800,358500,352499.5,344000,348000,348000,350000,365000,375000,375000,375000,372500,369500,365000,375000,389000,375000,389000,395000,386500,405000,435000,440000,436500,428800,419500,420000,420000,419000,419000,408000,428500,434950,429000,429000,444000,438000,455000,459000,462450
"Jefferson Park","Chicago","IL","Chicago","Cook",56,,,,,,,,,,,,,,,,,,,,,,,,,,,,,,,,,,,,,,,,,,,,,,,,,,,249900,249000,236950,259000,249000,259900,239500,249000,249900,264950,234950,275000,259950,244900,222500,229900,244500,251950,252400,254900,242400,237400,234900,240000,266500,279900,284900,279900,275000,282450,284935,280000,268650,268650,269900,282450,274900,289900,295000,304000,314000,303499.5,306900
"Alameda - West Flagler","Miami","FL","Miami-Fort Lauderdale","Miami-Dade",57,,,,,,,,,,,,,,,,,,,,,,,,,,,,,,,,,,,,,,,,,,,,,,,,,,,,,,,,,,,,212952.5,207450,213000,204950,227900,229959.5,227000,220000,210000,212000,220000,257450,250000,254900,257400,250000,259950,265000,271950,268500,262500,260000,265000,275000,285000,287000,285000,282500,277500,295000,297000,296250,289000,285000
"Portage Park","Chicago","IL","Chicago","Cook",58,,,,,,,,,,,,,,,,,,,,,,,,,,,,,,,,,,,,,,,,,,,,,,,,,,,,,,,,,,,,,,,,,,270000,248900,249900,249500,249250,259000,259943.5,251000,274950,277050,274900,284900,295000,290000,269499.5,259900,269999,279131.5,269000,302450,272449.5,299999,319900,307449.5,317450,295000,280783,279450
"Allapattah","Miami","FL","Miami-Fort Lauderdale","Miami-Dade",59,,,,,,,,,,,,,,,,,,,,,,,,,,,,,,,,,,,,,,,,,,,,,,,,,,,,,,,,,,,,,,,,,,,,,,,,,,,,,,,,,199000,185000,194900,214045,214045,185500,192700,192700,189975,197475,197475,200000.5,2e+05
"Coney Island","New York","NY","New York","Kings",60,,,,,,,,,,,,,,,,,,,,,,,,,,,,,,,,,,,,,,,,,,,,,,,,,,,,,,,,,,,,,,,,,,,429000,375000,380000,354000,354000,359000,420000,375000,392000,375000,387000,404000,394500,399000,399500,387999,399000,427500,394000,409000,408500,406500,399000,399000,392499.5,396249.5,389000
"Oak Forest - Garden Oaks","Houston","TX","Houston","Harris",61,,,,,,,,,,,,,,,,,,,,,,,,,,,,,,,,,,,,,,,,,,,,,,,,,,,,,,,,,,,,342450,349000,349450,332500,329000,324000,324000,320000,320000,313208.5,322708.5,310000,309500,311250,311250,309000,315050,310000,311250,319900,319900,310000,305000,3e+05,3e+05,327250,342450,339000,339900,350000,359900,337000,349900,349950
"Rego Park","New York","NY","New York","Queens",62,,,,,,,,,,,,,,,,,,,,,,,,,,,,,,,,,,,,,,,,,,,,,,,,,,,,,,,,,,,380000,379888,379944,355000,319000,329444,321994,332000,330000,349000,359000,354000,358000,379000,366944,375000,369394,369000,369900,389000,418944,395000,389000,415000,415000,434500,402500,420000,408500,408500,438888,428944,438950,438900,434450
"East Boston","Boston","MA","Boston","Suffolk",63,,,,,,,,,,,,,,,,,,,,,,,,,,,,,,,,,,,,,,,,,,,,,,,,,,,,,,,,,,,,,,,,,,,,,,,,,,,,469500,469000,475000,449000,459000,480000,484700,449900,459900,449900,449900,452450,449900,449900,449900,524900,575000,549000
"Coral Way","Miami","FL","Miami-Fort Lauderdale","Miami-Dade",64,,,,,,,,,,,,,,,,,,,,,,,,,,,,,,,,,,,,,,,,,,,,,,,310000,312250,299499.5,294900,289450,299000,299000,299450,320000,320000,320000,320000,319000,314950,315000,319000,330000,331500,345000,335000,329950,324900,349999,352500,364450,360000,365000,365000,364000,360000,359900,359450,355000,357000,359000,369000,369950,382450,393000,398000,378000,370000,369000,370000,380000,372500,365000
"Canyon Country","Santa Clarita","CA","Los Angeles-Long Beach-Anaheim","Los Angeles",65,,,,,,,,,,,,,,,,,,,,,,,,,,,,,,,,,,,,,,,,,,,,,,,,,,,,,217500,220000,227388.5,225000,214999,229777,219000,220000,217000,232500,230000,227000,235000,237450,239900,257500,234900,235000,229999.5,234900,247000,237000,253500,247000,249900,259000,245000,250000,248000,269999,265000,274900,269900,274686,279890,284500,284500,284000,283500,299000,299700
"Greater Heights","Houston","TX","Houston","Harris",66,219900,225000,229950,229700,225000,229000,225000,230000,239000,232950,238250,234900,229900,235000,239000,242000,243000,243900,234900,229950,230000,224700,230500,234500,239000,245000,245000,254900,236500,245000,244900,249000,239950,240000,244500,249900,249000,249950,279450,293933,305000,320000,346900,341000,338500,325000,339000,329000,325000,340995,348000,342000,350000,352000,359000,367000,369000,371000,369000,369000,373084,369000,361990,371632,365000,364990,385000,399000,399990,402445,395000,385000,389000,399000,399000,415000,415000,415000,406500,405000,4e+05,399950,399000,399000,408000,417000,419000,425000,425000,431500,435000,449715.5,450000
"South End","Tacoma","WA","Seattle","Pierce",67,,,,,,,,,,,,,,,,,,,,,,,,,,,,,,,,,,,,,,,,,,,,,,,,,,,,,,,,,,,,,,127000,128000,127000,125000,129800,129950,143700,142500,141225,134950,129750,123975,128750,139950,144900,144950,159900,168944,169925,169000,169995,174000,174950,167500,169950,179925,182250,185000,187000,187500,198975,189000
"Newhall","Santa Clarita","CA","Los Angeles-Long Beach-Anaheim","Los Angeles",68,,,,,,,,,,,,,,,,,,,,,,,,,,,,,,,,,,,,,,,,,,,,,,,,,,,232000,232500,237450,230000,237450,247000,245000,240000,229500,229800,220000,235000,233500,235000,238250,239000,239450,229900,239000,233750,233750,238700,260000,274000,274450,285000,289900,289900,303500,290000,261500,262250,260000,299000,310000,299900,302500,282500,289000,292921,285000,279995,288900
"North","Arlington","TX","Dallas-Fort Worth","Tarrant",69,,,,,,,,,,,,,,,,,,,,,,,,,,,,,,,,,,,,,,,,,,,,,,,,,,,,,,,,,,,,,,,,,,,,,,,,,,,,,81875,81000,79900,79900,91950,91950,89900,93950,95450,94900,98500,94000,97450,102450,105000,105000,101900
"North Park","San Diego","CA","San Diego","San Diego",70,,,,,,,,,,,,,,,,,,,,,,,,,,,,,,,,,,,,,,,,,,,,,,,334450,382450,379900,375000,399000,399000,355000,399000,426950,415000,399000,390000,385000,385000,399000,4e+05,421000,450000,459000,449000,459900,439988,425000,449000,424500,449000,409450,404500,404500,459500,404450,420000,440000,439000,439000,489000,497000,483000,490000,462500,454000,459000,495000,519450,489000,509450,475000
"Bayside","Virginia Beach","VA","Virginia Beach","Virginia Beach City",71,,,,,,,,,,,,,,,,,,,,,,,,,,,,,,,,,,,,144900,142950,150000,153900,154900,154400,148000,148000,145000,144000,147500,139950,134250,135000,137500,139900,134900,134950,135900,144900,144000,144000,141900,127795,119900,138000,137750,144900,144900,139500,147500,147500,150000,152500,152500,155500,152500,147000,155900,155000,159000,155900,155000,155000,154450,144950,145000,142700,135500,141000,149900,152000,155000,154900,149450,139999.5,144950,149900
"Anaheim Hills","Anaheim","CA","Los Angeles-Long Beach-Anaheim","Orange",72,,,,,,,,,,,,,,,,,,,,,,,,,,,,,,,,,,,,,,,,,,,,,,,,,399900,392400,399800,407450,409900,420000,419900,421250,427500,449950,423750,447450,427000,429900,454950,464900,450000,446950,444900,435000,429000,429900,449950,455500,440000,439950,449000,465000,469800,485000,487500,479499.5,482000,485000,495000,479000,504950,527450,522500,490000,476000,479000,484500,491950,465000
"Silver Lake","Los Angeles","CA","Los Angeles-Long Beach-Anaheim","Los Angeles",73,,,,,,,,,,,,,,,,,,,,,,,,,,,,,,,,,,,,,,,,,,,,,,,,,,,665000,639000,694000,708750,782000,735000,735000,699000,699000,679500,677990,682245,699000,699000,699000,699000,699000,699500,692000,699500,732500,826232,799000,799000,799000,759135,799000,794000,799000,839900,842450,832450,819900,798500,796500,834900,829900,849000,849000,839900,870490,899990,949000
"South Boston","Boston","MA","Boston","Suffolk",74,,,,,,,,,,,,,,,,,,,,,,,,,,,,,,,,,,,,,,,525000,499000,469000,459000,509000,512400,499900,519000,499000,514000,559000,599000,549450,529000,549000,529000,559000,579000,569000,559000,525000,529950,569000,625000,649000,639450,629000,619450,598000,599000,577000,577000,579000,597000,586808.5,599900,639900,669000,659000,675000,649999,686347.5,698500,699999,734000,699000,699000,699900,799000,754500,788687.5,799900,866837.5,899000,899758.5
"Whitestone","New York","NY","New York","Queens",75,,,,,,,,,,,,,,,,,,,,,,,,,,,,,,,,,,,,,,,,,,,,,,,,,,,,,,,,,,,,,,,,,,,,,,,,,,285000,280000,292000,278888,279000,279000,286000,282500,285500,289000,295000,297000,296500,299000,296500,299000,325000,309999,304000,309999
"Del Rey","Los Angeles","CA","Los Angeles-Long Beach-Anaheim","Los Angeles",76,,,,,,,,,,,,,,,,,,,,,,,,,,,,,,,,,,,,,,,,,,,,,,,,,,,,,,,,,,,,,,729000,795000,787000,787000,785000,782500,759000,775000,793000,8e+05,799000,799450,799000,799900,849500,829500,819000,820000,849000,849000,849000,844000,861495,902000,902000,899000,899000,897000,899000,922500,922500,940000
"Whitney","Las Vegas","NV","Las Vegas","Clark",77,,,,,,,,,,,,,,,,,,,,,,,,,,,,,,,,,,,,,,,,,,,,,,79500,84999,84999.5,82000,85900,86900,85000,86500,85750,79900,88750,90000,87500,79900,79500,86600,95000,99900,110000,109950,105000,107900,115000,114990,118000,110831,110000,119900,113000,116450,125450,124000,129400,125000,128900,113450,126900,127450,129000,134999,134999,135000,147750,144999,144949.5,155950,135000,135888
"Columbia Heights","Washington","DC","Washington","District of Columbia",78,,,,,,,,,,,,,,,,,,,,,,,,,,,,,,,,,,,,,,,,,,,,,,452450,484439.5,499990,569000,619000,599250,599000,540000,549900,539900,549900,579950,549900,569000,584900,569900,549950,597000,549000,549900,575000,586950,595000,575000,549900,550000,592325,591950,599825,619000,609500,599375,584900,589000,593950,584900,607449.5,589900,599000,599000,607499.5,624900,649900,649900,645000,599900,620000,649450
"Old Brooklyn","Cleveland","OH","Cleveland","Cuyahoga",79,,,,,,,,,,,,,,,,,,,,,,,,,,,,,,,,,,,,,,,,,,,,,,,,,,,,75000,75000,73850,69900,69900,68900,68900,64900,64400,69000,63900,64900,64950,64500,63900,65200,68850,68850,65400,64900,64900,62000,58000,64000,66450,64200,64900,65000,64950,72000,72000,74900,62200,59900,59900,59900,69400,74900,81700,81700,74500,61900
"Venice","Los Angeles","CA","Los Angeles-Long Beach-Anaheim","Los Angeles",80,,,,,,,,,,,,,,,,,,,,,,,,,,,,,,,,,,,,,,,,,,,,,,,,,,,1250000,1249000,1295000,1349000,1316500,1298000,1299000,1233000,1265000,1229000,1298500,1299000,1350000,1349500,1365000,1455000,1390000,1395000,1529000,1423999.5,1372500,1495000,1488000,1495000,1535000,1395000,1399000,1425000,1495000,1450000,1450000,1449000,1500000,1549500,1499000,1395000,1498750,1560000,1629000,1597500,1597500,1639000,1695000
"Makiki-Lower Punchbowl-Tantalus","Honolulu","HI","Urban Honolulu","Honolulu",81,,,,,,,,,347000,345000,343000,335000,341450,330000,346500,348000,374500,363900,370500,376000,371500,388000,388000,370250,385000,374000,387150,379000,402500,402000,405000,390000,389000,385000,387000,390000,374700,375300,381999.5,409000,385000,343000,335000,341500,329000,345000,359500,332000,375000,401250,375000,367500,380000,398500,399000,385000,385000,399500,395000,427500,409500,440000,438500,438000,438000,438500,429000,424944,430000,459000,415000,417450,417500,410000,447000,447000,442000,458500,458000,452500,460000,475000,462500,470000,477500,450000,455000,425000,435000,440000,442500,440000,434999
"Southwest","Reno","NV","Reno","Washoe",82,,,,,,,,,,,,,,,,,,,,,,,,,,,,,,,,,,,,,,,,,,,,,,,,,,,,,,,,,,,,,,,249900,289900,285000,263700,280000,275000,262450,282500,282500,3e+05,292500,292500,296200,303460,345000,329900,307000,289500,299950,317500,329500,329500,299950,299900,307450,325000,295000,296219,315000,310000,349900
"M Streets","Dallas","TX","Dallas-Fort Worth","Dallas",83,,,,,,,,,,,,,,,,,,,,,,,,,,,,,,,,,,,,,,,,,,,,,,,,,,,,,,,,,,,,,,,,,,,,,,325000,339000,369250,359900,360945,355000,366000,362000,381400,399000,392000,399000,395000,388000,395000,395000,395000,404500,414000,399999,415000,411500,399900,399900
"Hollywood Hills","Los Angeles","CA","Los Angeles-Long Beach-Anaheim","Los Angeles",84,,,,,,,,,,,,,,,,,,,,,,,,,,,,,,,,,,,,,,,,,,,,,,,,,,,,,,,,,,,,,,,,,,,,995000,958500,954000,969000,969000,899000,980000,984000,999900,1129000,1122500,1120000,1147000,1092500,1199000,1299000,1349500,1300000,1375000,1299000,1372000,1396500,1299000,1395000,1395000,1499000
"Homecrest","New York","NY","New York","Kings",85,,,,,,,,,,,,,,,,,,,,,,,,,,,,,,,,,,,,,,,,,,,,,,,,,,,,,,,,,,,,,,,,,,,,,,,,,,,,,,,635000,635000,635000,635000,639000,657600,662400,652800,657600,658300,657600,660000,660000,655000,655000
"Little Haiti","Miami","FL","Miami-Fort Lauderdale","Miami-Dade",86,,,,,,,,,,,,,,,,,,,,,,,,,,,,,,,,,,,,,,,,,,,,,,,,,,,,,,,,,,,,,,,,,,,,,,,,,,,,,,,,309000,297500,312500,325000,329500,325000,310000,309000,319000,289000,249900,257000,259450,259000
"Clinton","New York","NY","New York","New York",87,,,,,,,,,,,,,,,,,,,,,,,,,,,,,,,,,,,,,,,,,,,,,,,,,,,,,,,,,,,,,,,,,,,,,,,,,,,,,,2100000,1825000,1825000,2100000,2100000,2025000,2200000,2195000,2172500,2200000,2100000,2150000,2172500,2100000,2175000,2175000
"Neartown - Montrose","Houston","TX","Houston","Harris",88,,,,,,,,,,,,,,,,,,,,,,,,,,,,,,,,,,,,,,,,,,,,,,,,,,,,,,,,,,,,412500,399250,427000,425000,389000,427000,382000,409000,399000,395000,395000,444900,454500,449900,419900,449000,431950,435000,449000,447000,469990,459000,449000,426000,430000,439900,416250,399950,430000,411200,399000,399000,399450,399900
"The Lakes","Las Vegas","NV","Las Vegas","Clark",89,,,,,,,,,,,,,,,,,,,,,,,,,,,,,,,,,,,,,,,,,,,,,,,,,,,,,,,,,,,,,,,,,,,,,,,,,,,,,202199.5,190000,209990,205000,2e+05,187450,199250,199500,217500,217500,222000,204900,219500,215000,215000,215000,239000
"Westwood","Cincinnati","OH","Cincinnati","Hamilton",90,,,,,,,,,,,,,,,,,,,,,,,,,,,,,,,,,,,,,,,,,,,,,,,,,,,,,,,,,,,,,,,,,,,,49900,57450,55000,59900,59900,59500,62400,64900,65425,65500,71900,73900,71000,65000,64825,62200,67250,63900,75285,67950,57450,67100,69000,64950,60000,64950
"Financial District","New York","NY","New York","New York",91,,,,,,,,,,,,,,,,,,,,,,,,,,,,,,,,,,,,,,,,,,,,,,,,,,,,,,,,,,,,,,,,,,,2595000,2755000,2785000,2600000,2677500,2705000,2607500,2567500,2740000,2575000,2795000,2805000,2642500,2845000,2900000,2960000,2897500,2895000,2890000,2892500,2892500,2895000,2850000,2812500,2950000,2895000,2980000
"Briarwood","New York","NY","New York","Queens",92,229000,269900,249900,269900,289000,269999,289000,244949.5,235000,254900,239000,249450,226000,219000,219000,224000,222000,219000,2e+05,209000,209000,199000,199000,199000,195000,192000,198000,189000,189000,189000,189000,189000,189000,189000,190000,189000,190000,195000,189500,195000,199000,2e+05,197000,192000,199000,199000,193500,199000,195000,195000,195000,196500,199000,198000,195000,204900,207500,2e+05,205000,204495,202000,205000,199999,199450,2e+05,207000,208000,205000,208888,206500,209000,215000,212500,215000,215000,215000,215000,215000,215000,229500,245000,242500,225000,227000,215000,215000,217000,235000,241000,241000,241000,240000,240500
"Garfield Ridge","Chicago","IL","Chicago","Cook",93,,,,,,,,,,,,,,,,,,,,,,,,,,,,,,,,,,,,,,,,,,,,,,,,,,,,,182400,179900,190200,179900,179900,179500,178605,179700,181950,192000,197000,197000,184999,208700,219950,214500,219900,209900,199900,205000,220000,219950,234900,234900,227000,216450,215450,219250,210000,219900,214950,210000,207450,209950,219950,234900,234800,235000,228750,229900,228000
"Brighton Beach","New York","NY","New York","Kings",94,,,,,,,,,,,,,,,,,,,,,,,,,,,,,,,,,,,,,,,,,,,,,,515000,542500,515000,525000,475000,462000,462000,489000,489000,499000,457000,535000,554500,535000,488500,468000,490000,558800,559350,599000,633900,607200,611050,615500,619780,603100,603100,599000,585000,599000,615000,637000,630000,639000,620000,619000,620000,620000,618950,615000,612500,610000,612500,622500,625000,627500,630000,630000
"Flatiron District","New York","NY","New York","New York",95,,,,,,,,,,,,,,,,,,,,,,,,,,,,,,,,,,,,,,,,,,,,,,,,,,,,,,,,,,,,,,,,,,,,,,3569990,3487495,3569990,3499990,3475000,3374990,3450000,3350000,3374990,3330000,3377495,3374990,3362495,3377495,3380000,3450000,3477495,3535000,3435000,3400000,3415000,3387500,3350000,3315000
"Northeast","Anchorage","AK","Anchorage","Anchorage",96,,,,,,,,,,,,,,,,,,,,,,,,,,,,,,,,,,,,,,,,,,,,,,,,,,,2e+05,182000,199500,185000,165000,152500,158800,159900,153950,157450,155000,163500,169125,170000,172450,174900,179450,176950,169450,168500,165000,167450,179500,174900,181000,184900,175000,165000,165000,164900,174950,175000,184900,169362.5,160000,159900,160000,160000,164500,162500,159375,162900,169900
"Spring Branch East","Houston","TX","Houston","Harris",97,,,,,,,,,,,,,,,,,,,,,,,,,,,,,,,,,,,,,,,,,,,,,,,,,,,,,,,,,,,,,,,299950,299250,295000,287050,297250,310000,299999,299000,299500,295000,320000,320000,3e+05,3e+05,3e+05,289900,279450,279000,275000,279999,290000,294950,299995,294900,277499.5,285000,272000,274000,285999.5,299000,3e+05
"McCully-Moiliili","Honolulu","HI","Urban Honolulu","Honolulu",98,,,,,,,,,,,,,,,,,,,,,,,,,,,,,,,,,,,,,,,,,,,,,,,,,,,464500,459000,498000,495000,499000,5e+05,525000,465000,433500,448000,465000,439000,475000,495000,525000,489000,480000,475000,475000,496000,545000,540000,538800,484500,521500,550000,516500,529000,460000,489000,478000,484500,489000,480500,513500,460000,492000,499000,499000,525000,505000,479000,484500
"Washington Avenue Coalition - Memorial Park","Houston","TX","Houston","Harris",99,250000,259000,259900,256500,249900,249950,249450,239900,249500,252450,249750,249000,240500,249000,248750,247500,256950,248000,239900,235900,239900,249700,259900,259450,245000,245000,234500,239350,247500,255750,250999,250000,239497.5,239995,254900,262000,263700,264900,269900,269900,266750,264000,285000,275450,275000,275000,269000,262500,272000,287000,289000,285000,299000,319000,321500,339000,349999,339000,350000,350000,355000,359000,352450,362000,350000,350000,366000,359949.5,350000,359000,350000,349900,352500,364500,360950,362900,357000,349500,349500,347000,345000,339000,348000,345000,348250,347500,352500,363000,355000,339000,338750,333987,348200
"Nevada-Lidgerwood","Spokane","WA","Spokane","Spokane",100,,,,,,,,,,,,,,,,,,,,,,,,84138.5,79975,82500,84925,80950,81950,85000,86250,85900,85000,87900,89900,89900,89900,88500,89100,89900,90000,91497.5,92247.5,90500,89950,93500,90550,87750,84900,87950,88000,93670,95000,92000,95000,89900,92900,91400,89900,89900,88000,90000,92450,94900,92700,97000,94850,94950,89900,89900,89000,85000,85000,85000,89950,94900,104950,108000,109500,105000,105000,94900,94500,98450,93500,104900,105000,115000,119900,122200,119900,119900,120000
"North Linden","Columbus","OH","Columbus","Franklin",101,,,,,,,,,,,,,,,,,,,,,,,,,,,,,,,,,,,,,,,,,,,,,,,,,,,,,,,,,,,,,,,,,,,,,,,,,,45000,43000,47100,49475,49475,46800,44900,49000,49974.5,51999.5,55150,49900,49900,53000,56500,57900,53300,52900,52450,57950
"Abbott Loop","Anchorage","AK","Anchorage","Anchorage",102,,,,,,,,,,,,,,,,,,,,,,,,,,,,,,,,,,,,,,,,,,,,,,,,,,,,,,,,,,,,,,,,,,,,,,,,,,,,,,,,,,187250,189500,191250,193000,189000,189500,189500,189500,192500,192000,192500,196450
"Reynolds Corners","Toledo","OH","Toledo","Lucas",103,,,,,,,,,,,,,,,,,,,,,,,,,,,,,,,,,,,,,,,,,,,,,,,,,,,,,,,,,,,,,,,,,,,,84900,79900,79250,74900,73000,72200,72200,79000,84900,85700,85000,76900,65000,64950,74900,87000,79900,79900,68275,76950,71275,79900,73900,75000,68500,73950
"Flamingo Lummus","Miami Beach","FL","Miami-Fort Lauderdale","Miami-Dade",104,399000,399000,399000,399900,399999,388000,369000,386000,372000,389000,389000,399000,384950,415000,4e+05,405000,419000,415000,410000,407500,415000,430000,449000,450000,442450,399900,399900,4e+05,4e+05,412000,375000,375000,375000,399000,450000,450000,499000,475000,499000,499000,525000,529500,525000,525000,527000,531050,492000,479000,499000,509000,429000,429000,429000,480000,469500,469500,489900,478900,482000,487000,510000,495000,525000,505000,495000,495000,499000,499000,502200,499000,506750,527000,525000,524900,494000,499000,520000,525000,499000,5e+05,520000,532500,535000,499000,499000,499450,499000,545000,527000,526997.5,535000,529500,531700
"Oakland Gardens","New York","NY","New York","Queens",105,235400,237750,238800,238800,238650,238476.5,235000,233944,234861,235000,235000,236916.5,235000,238500,235000,232648,234352,232000,229500,229000,229000,225000,225000,224999,221000,220000,220000,219000,216000,215000,215000,215000,215000,215000,215000,215000,215000,215500,215000,219000,217000,218888,217000,216000,219000,219000,219000,219000,219000,223000,220000,229000,228000,220000,219999,228000,220000,216888,216888,215000,219000,220000,230500,227000,238000,235460,235000,230999.5,229000,229000,228000,229000,229000,228944,230000,245000,249000,249000,255000,256000,256000,247650,245400,245000,245000,255500,265000,269888,275000,280000,288888,280000,285500
"South","Pasadena","CA","Los Angeles-Long Beach-Anaheim","Los Angeles",106,,,,,,,,,,,,,,,,,,,,,,,,,,,,,,,,,,,,,,,,,,,,,,,,,,598000,598000,630000,593500,550000,555555,508000,529000,526900,544950,498500,499000,499500,499900,509000,509000,525000,531750,529000,521750,524500,538000,546500,530000,546500,574500,542475,539000,549000,552000,549500,550000,558500,558500,585000,593500,658995,689000,659000,648000,649000,649000,649000,719500
"Greenbrier East","Chesapeake","VA","Virginia Beach","Chesapeake City",107,178500,181137.5,179900,179450,167500,169000,167000,177000,175000,169500,165000,162500,165000,162500,164500,162900,162700,160000,158750,159500,164200,159000,172450,169950,169900,167900,182450,186450,184450,189000,185777.5,179000,175450,175900,176900,175250,181200,193400,198900,183948.5,189000,195000,195000,175750,175000,177000,179000,177000,189888.5,181000,171900,166500,169900,164900,164900,174995,167450,159950,159950,179450,181900,176450,159950,168000,179900,179900,175000,179900,179900,175000,174750,177900,175000,175950,180950,176500,174900,169900,167900,162500,168450,163700,157500,162450,154950,155500,169000,178900,167900,169000,170000,170000,159950
"West Village","New York","NY","New York","New York",108,,,,,,,,,,,,,,,,,,,,,,,,,,,,,,,,,,,,,,,,,,,,,,,,,,,,,,,,,,,,,,,,,,,,,3337500,3675000,3685000,3500000,3495000,3450000,3500000,3325000,3812500,4025000,4300000,4490000,4375000,4300000,4250000,4450000,4337995,4288495,4125990,4050000,3693000,3575000,3575000,3576000,3500000
"South Norfolk","Chesapeake","VA","Virginia Beach","Chesapeake City",109,,,,,,,,,,,,,,,,,,,,,,,,,,,,,,,,,,,,,,,,,,,,,,,,,,,,,,,,,,,,,,,,,,,,,,,,,,,,,,,158000,158000,158000,158000,158100,166950,170450,178000,194990,190990,178000,188990,190990,183995,178000
"Brickell","Miami","FL","Miami-Fort Lauderdale","Miami-Dade",110,355000,354900,350000,350000,365000,349900,349000,349700,369900,350000,359500,360000,360000,387500,385000,382950,395000,399900,399900,399000,415000,4e+05,430000,438800,420000,409500,427466,425000,425000,429000,455000,530000,550000,495000,516950,510000,514800,514900,520000,520000,530000,540000,540000,540000,550000,539950,549000,529950,523500,519000,528450,528950,538000,540000,550000,550000,550000,550000,559000,582500,560000,558000,549950,549000,545000,535000,565000,575000,575000,575000,575000,579000,585000,585000,577000,580000,575000,565000,560000,550000,552500,549950,550000,549900,559000,550000,549950,549000,550000,550000,555000,570000,575000
"Northwest","Spokane","WA","Spokane","Spokane",111,122000,119900,127975,125500,120000,124990,124990,124000,119900,119500,119900,114900,113900,105000,109950,107750,110000,109900,104900,110950,109900,104500,106950,103900,107000,106000,105000,109450,110000,114950,109900,109900,117250,117500,115000,110000,114975,114900,112700,115900,115950,116475,115000,114900,113000,112700,113500,114900,114900,110000,118500,126975,123725,121250,119900,122000,116500,119900,112900,106900,102950,113180,119000,124900,124900,125000,121000,119900,119950,124500,122000,122475,121475,123950,124950,128950,135000,142000,139900,138900,135000,135000,130150,141750,144900,145000,147450,152000,157500,145000,155000,149900,146000
"Anthem","Henderson","NV","Las Vegas","Clark",112,269000,275000,269000,260000,264900,273400,265000,265000,262450,246500,232500,229450,229500,229900,209250,199945,209000,207250,2e+05,218650,2e+05,199900,208000,2e+05,193700,191200,199000,199900,215450,220000,199949.5,215000,220000,219900,226500,228650,235000,245000,248150,250000,249900,265000,250050,265000,274800,299000,319900,329000,327000,334800,329450,329900,332400,317900,325000,327500,329950,327000,321975,315500,305000,304900,315000,315000,314950,326850,319490,329000,324900,338000,339900,339000,339000,329500,318880,325000,325000,334999,345000,349000,359000,365000,349000,359500,359000,358000,359000,362500,375000,380000,389900,372450,374950
"Waikiki","Honolulu","HI","Urban Honolulu","Honolulu",113,,,,,,,,,,,,,,,,,,,,,,,,,,,,,,,,,,,,,,,,,,,,554500,560000,527000,525000,531000,528000,523000,555000,544500,510000,510000,499000,510000,480000,525000,561000,555000,609000,615000,579000,650000,650000,650000,650000,650000,677500,665000,650000,650000,648000,575000,605000,605000,612000,630000,639000,616500,675000,639000,644450,674000,679000,669500,685000,679000,655000,648750,643750,652000,669000
"Columbus Circle","New York","NY","New York","New York",114,,,,,,,,,,,,,,,,,,,,,,,,,,,,,,,,,,,,,,,,,,,,,,,,,,,,,,,,,,,,,,,,,,,2477500,2335000,2100000,2075000,2135000,2350000,2382500,2370000,2101000,1976500,1992500,1984000,1960000,1975000,1952500,1960000,1932000,1952500,1880000,1875000,1880000,1930000,1855000,1865000,1872500,1941000,1838500
"Central","Tacoma","WA","Seattle","Pierce",115,,,,,,,,,,,,,,,,,,,,,,,,,,,,,,,,,,,,,,,,,,,,,,,,,,,,,,,,,,,,,,,,,,,,,,,,,,,,,199900,184975,186250,185000,175500,182000,192400,197000,189950,195000,199990,215000,210000,213750,215000,219000,212499.5
"Sutton Place","New York","NY","New York","New York",116,,,,,,,,,,,,,,,,1100000,1185000,1250000,1297000,1275000,1350000,1250000,1222500,1249500,1249500,1195000,1249500,1195000,1195000,1250000,1186500,1186500,1249000,1250000,1250000,1225000,1195000,1210000,1234500,1295000,1295000,1098500,1150000,1300000,1350000,1350000,1397500,1350000,1350000,1400000,1395000,1350000,1325000,1450000,1450000,1495000,1372500,1562500,1585000,1585000,1550000,1495000,1495000,1495000,1495000,1650000,1600000,1625000,1795000,1695000,1795000,1800000,1799000,1745000,1649000,1595000,1625000,1599000,1590000,1507500,1460000,1485000,1499000,1500000,1599500,1810000,1795000,1765000,1672500,1650000,1695000,1625000,1625000
"Greenway - Upper Kirby Area","Houston","TX","Houston","Harris",117,,,,,,,,,,,,,,,,,,,,,,,,,,,,,,,,,,,,,,,,,,,,,,,,,,,,,,,,,,,,,,,,,,,,,,,,,444500,420000,422500,405000,405900,412000,380000,385000,397000,399000,409450,424900,399000,391500,394000,395000,399000,375000,374500,375000,379000
"Western Branch North","Chesapeake","VA","Virginia Beach","Chesapeake City",118,,,,,,,,,,,,,,,,,,,,,,,,,,,,,,,,,,,,,,,,,,,,,,,,,,,,,,,,,,,,,,,,,,,,,,,,,,,137500,139900,136750,141000,145500,146000,145000,144950,139700,144900,134200,134900,138500,137845,140000,139900,145450,147450,149400
"Greenbrier West","Chesapeake","VA","Virginia Beach","Chesapeake City",119,159900,159900,159900,160000,159900,155000,155000,155000,154900,150000,149900,149000,144950,149900,145000,142000,140000,141000,140000,138000,129975,130000,125000,130780,125000,122450,114900,125000,130000,129900,129900,119900,114900,111900,108500,110000,115499.5,114999,124900,124950,124900,125000,121000,125000,123250,121000,124900,121500,119000,122500,119950,120000,125000,123499.5,125000,123000,131400,128000,129450,129900,128450,121000,119950,129900,132500,125000,125000,126000,129900,123449.5,124999,125999.5,129900,134900,137000,137900,142500,148000,143900,152450,144500,144900,139000,135000,134950,133000,141000,132950,136900,143900,139950,135900,139900
"Goodyear Heights","Akron","OH","Akron","Summit",120,,,,,,,,,,,,,,,,,,,,,,,,,,,,,,,,,,,,,,,,,,,,,,,,,,,,,,,,,,,,,,,,,,,,,,,,,,,49900,49900,49950,49900,49950,49900,51000,49700,45685,49900,49900,54900,49950,55000,50000,50750,49900,44950,45000
"South Reno","Reno","NV","Reno","Washoe",121,,,,,,,,,,,,,,,,,,,,,,,,,,,,,,,,,,,,,,,,,,,,,,,,,,,,,,,,,,,,,,,,,247475,240000,264450,254450,247500,256499.5,252000,259800,259050,275500,284900,276950,312950,315900,364995,367995,335000,307900,301450,313450,308750,317500,318250,310000,310000,314950,325000,330000,339465
"Sun City","Menifee","CA","Riverside","Riverside",122,,,,,,,,,,,,,,,,,,,,,,,,,,,,,,,,,,,,,,,,,,,,,,,135900,139900,145000,149900,149000,145000,139950,153950,164900,158000,165900,169000,170000,170000,168000,165900,162500,170000,175000,174700,171000,175000,177000,179949.5,185000,185000,181250,179450,182500,189250,195000,199000,199000,197000,199000,204900,199000,199900,203500,199900,218900,219900,222000,224900,224900,224900,229450
"Downtown","Stamford","CT","Stamford","Fairfield",123,,,,,,,,,,,,,,,,,,,,,,,,,,,,,,,,,,,,,,,,,,,,,,,,,,,,,,,,,,,,,,,,,,,,,,,,,,,382250,385000,369900,349000,339000,339000,364000,371500,382000,384950,334900,336000,336000,364000,332950,345000,349000,379000,380000
"Broadmoor, Anderson Island, Shreve Isle.","Shreveport","LA","Shreveport","Caddo",124,,,,,,,,,,,,,,,,,,,,,,,,,,,,,,,,,,,,,,,,,,,,,,,,,,,,,121250,126250,126250,127500,125000,127500,129900,129900,129900,129900,127900,129900,129950,129900,124900,128450,137500,134500,135000,129450,129900,131950,125250,124500,125000,126750,129200,136200,129000,129500,128500,129700,129500,127250,130000,129500,130000,129950,124125,124750,129900
"Midtown","New York","NY","New York","New York",125,,,,,,,,,,,,,,,,,,,,,,,,,,,,,,,,,,,,,,,,,,,,,,,,,,,,,,,,,,,,,,,,,,,,,,,,,,,,,,,,3700000,3985000,3388000,3685000,3495000,3272500,3345000,3295000,3375000,3975000,3980500,3995000,3995000,3595000
"Astrodome Area","Houston","TX","Houston","Harris",126,,,,,,,,,,,,,,,,,,,,,,,,,,,,,,,,,,,,,,,,,,,,,,,,,,,,,,,,,,,,,,,,,,,,,,,,,,178900,179000,178200,179450,179900,181950,177000,170000,170000,177900,175000,176500,178944,176500,179500,177000,180000,176900,174500,174750
"Puritas-Longmead","Cleveland","OH","Cleveland","Cuyahoga",127,,,,,,,,,,,,,,,,,,,,,,,,,,,,,,,,,,,,,,,,,,,,,,,,,,,,,,,,,,,,,,,,,,,44950,48000,39999,44900,44900,42400,39900,41900,39900,39900,44900,48400,47900,47900,45000,44900,47700,45000,47700,45000,45000,47450,47450,51700,54200,51500,59500
"Metro West","Orlando","FL","Orlando","Orange",128,,,,,,,,,,,,,,,,,,,,,,,,,,,,,,,,,,,,,,,,,,,,,,,85950,80000,83500,88000,86900,85000,88000,85050,94900,99900,100950,1e+05,96200,97000,96000,97000,99000,103500,105000,103749.5,99900,1e+05,108000,108000,109575,110000,109900,104900,104400,108000,109900,109999.5,114900,115250,120000,120000,119255.5,120000,121900,121900,126250,127000,120000,129347.5,129950,132100,134800
"Adams Morgan","Washington","DC","Washington","District of Columbia",129,,,,,,,,,,,,,,,,,,,,,,,,,,,,,,,,,,,,,,,,,,,,,,,,,,,,,,,,,,,,,,,625000,589500,669000,639900,639900,624900,599900,622000,599900,607450,632000,659450,629950,637000,639000,644000,630000,674900,697000,655000,637450,607450,599000,599000,589900,575000,599900,649000,669000,599900,644000
"Midtown","Atlanta","GA","Atlanta","Fulton",130,245000,249900,249900,249900,249900,248000,249900,264500,250000,249000,240000,232450,229000,249000,245000,239900,232900,222500,235450,229000,226500,229000,235000,244950,262400,229000,224900,224950,239900,265000,234400,232350,234900,249900,259900,264850,269900,299000,298500,299900,3e+05,299900,309000,317000,299499.5,315000,309900,309900,309900,299000,309900,316950,316950,307500,315000,3e+05,299950,3e+05,284450,319450,319450,359000,329900,323000,324900,309450,304000,305000,339900,329900,333450,339450,358700,396950,407500,410000,414850,364950,375000,375000,379900,362500,375000,399900,399950,362450,375000,419450,429900,418450,418450,449900,449950
"Hollywood Lakes","Hollywood","FL","Miami-Fort Lauderdale","Broward",131,,,,,,,,,,,,,,,,,,,,,,,,,,,,,,,,,,,,,,,,,,,,,,,289900,294500,279000,269900,275000,269000,269450,285000,279000,279450,295000,289000,289000,288000,269945,274999,309900,282000,295000,292000,281500,281500,309900,276500,3e+05,318000,318000,299000,299000,319500,329450,339500,342250,348950,351000,355000,354000,345000,322500,320000,325000,325000,327000,329000,334950,357500,358250
"Seatack","Virginia Beach","VA","Virginia Beach","Virginia Beach City",132,179900,183900,187900,209900,204450,197000,198000,188700,189500,192500,190000,190900,190500,189750,189900,186200,183250,169999.5,185700,182000,188450,175450,174250,178700,171000,174250,177500,175000,169900,170750,164000,168500,163450,164900,169450,194900,194900,183000,187900,184900,182500,177000,175000,179883,194499.5,199999,199999,199999,190000,180000,185000,180000,179900,184789,184789,184894.5,185000,198350,189500,189500,204500,2e+05,199900,184950,199900,2e+05,2e+05,209450,194950,207000,224950,205750,205000,186950,199000,199950,219999,219999,2e+05,215000,237450,249000,219900,218500,211950,214900,219900,218000,217450,237400,225000,242000,246500
"Hyannis","Barnstable","MA","Cape Cod","Barnstable",133,,,,,,,,,,,,,,,,,,,,,,,,,,,,,,,,,,,,,,,,,,,,,,,,,,,,,,,,,,,,,,,,,,,,,188450,186400,188900,207900,199000,193450,199000,224000,221500,219000,234000,225000,209900,199900,219900,199900,219900,216000,204900,189900,204900,219900,227450,225000,222950
"Montavilla","Portland","OR","Portland","Multnomah",134,,,,,,,,,,,,,,,,,,,,,,,,,,,,,,,,,,,,,,,,,,,,,,,,,,,,,,,,,,,,,,,,,,259925,259000,250000,249999,249999,249999,247950,246000,247950,289000,304900,289000,314950,299900,299950,314000,309000,302000,299000,314900,314495,319994.5,325000,325000,305000,327950,349900,328500
"Tribeca","New York","NY","New York","New York",135,,,,,,,,,,,,,,,,,,,,,,,,,,,,,,,,,,,,,,,,,,,,,,,,,,,,,,,,,,,4025000,4125000,4200000,4315000,4350000,4332500,4200000,4137500,4137500,4225000,4200000,4175000,4112500,4137500,4350000,4350000,4230000,4307500,4175000,4162500,4210000,3861000,3987000,3780000,3775000,3815000,3861000,3675000,3599500,4010000,3847500,3800000,3920000,3945000,3947500
"Logan Circle","Washington","DC","Washington","District of Columbia",136,,,,,,,,,,,,,,,,,,,,,,,,,,,,,,,,,,,,,,,,,,,,,,,,,,,,,,,,,,,,,,,,,,,,,,,,,,,,,,649900,674950,745000,769000,819925,754450,764450,769450,752450,759900,750000,797000,787450,799000,787400,894900
"Ala Moana-Kakaako","Honolulu","HI","Urban Honolulu","Honolulu",137,645000,608500,642000,649000,655000,644000,620000,618900,656000,655000,621950,606000,618900,597000,644000,628950,610000,631000,636500,643000,631000,638000,599999,585000,624500,599000,599000,593500,628888,599900,628000,623000,629194,668000,695000,635444,648000,648000,687000,715000,689000,649250,689536,698000,699800,707500,735000,797000,763500,799000,779000,749500,765000,658500,657000,675000,739000,795000,866500,881500,865000,840000,829500,888000,858000,866500,880000,852500,850000,847750,858800,889000,914000,871900,904000,910000,974500,974500,969000,975000,969000,972000,969000,996500,999444,990000,988000,945000,915000,899000,888000,930000,928000
"Kenmore","Akron","OH","Akron","Summit",138,,,,,,,,,,,,,,,,,,,,,,,,,,,,,,,,,,,,,,,,,,,,,,,,,,,,,,,,,,,,,,29900,34900,35000,29900,35000,40950,47000,44900,49900,44900,39900,39900,37000,39900,42000,42500,44900,46681,42450,44900,39900,39900,46450,46450,46675,44900,44900,47000,47400,49000,48500,46000
"Spuyten Duyvil","New York","NY","New York","Bronx",139,,,,,,,,,,,,,,,,,,,,,,,,,,,430000,359000,349000,349000,339000,367000,327000,319000,320000,315000,320000,315000,315000,307500,299700,299900,299900,325000,315000,3e+05,299700,3e+05,319000,319000,319000,324949.5,309000,313500,305000,299450,299000,299000,297000,299000,285000,299000,309000,295000,289900,299000,289900,290000,284500,280000,290000,287500,309000,299000,329000,329999,349000,349000,339000,329499.5,329999,349450,339500,349000,329500,347000,349000,375000,359000,359000,375000,379000,365000
"Wynwood - Edgewater","Miami","FL","Miami-Fort Lauderdale","Miami-Dade",140,,,,,,,,,,,,,,,,,,,,,,,,,,,,,,,,,,,,,,,439500,446950,449595,450000,465000,462450,469000,449900,439995,450000,480000,489000,475450,477950,489000,490000,499000,499000,505000,499000,499999,499900,499000,495750,495000,484000,480000,485500,515000,525000,539000,553394,565900,569000,580500,589000,563950,549000,540000,535000,535000,530000,520000,518000,510000,515000,5e+05,499900,510000,499000,499000,499000,499000,499000,499000
"Villages of Palm Beach Lakes","West Palm Beach","FL","Miami-Fort Lauderdale","Palm Beach",141,,,,,,,,,,,,,,,,,,,,,,,,,,,,,,,,,,,,,,,,,,,,,,,,,,115500,109450,105000,104900,110000,119900,119500,112700,117450,118450,120600,119900,119900,119900,119900,119900,119900,120000,123900,119900,119900,119900,124900,125000,126500,126500,124700,124900,124700,120777,125000,124000,124500,125000,128750,129900,135000,136900,138450,139450,139000,141200,145000,145000
"Pioneer Park","Las Vegas","NV","Las Vegas","Clark",142,,,,,,,,,,,,,,,,,,,,,,,,,,,,,,,,,,,,,,,,,,,,,,,,79999,79000,78999.5,79000,79900,79000,79999.5,80950,81900,85000,85000,84500,84900,89900,89900,84900,83700,84900,82000,82500,80000,79900,79900,80950,85000,85000,87450,94950,96450,99000,99500,108713.5,108777,106700,107900,103500,109250,109694,109444,112900,119500,123250,124950,126900,129900,129999
"Gandy-Sun Bay South","Tampa","FL","Tampa","Hillsborough",143,,,,,,,,,,,,,,,,,,,,,,,,,,,,,,,,,,,,,,,,,,,,,,,138450,136590,134700,144000,164850,169945,153950,149900,171945,167900,144900,146500,165000,159900,164450,165000,160000,180900,183450,179000,159900,145000,169900,190000,190000,179500,180000,189000,189450,184900,184900,187900,187900,185000,189900,187400,189900,198000,199900,219900,209700,225000,237950,226400,223900,212450,204900
"North Shore","Miami Beach","FL","Miami-Fort Lauderdale","Miami-Dade",144,,,,,,,,,,,,,,,,,,,,,,,,,,,,,,,,,,,,,,,,,,,,,,,,,,,,,,,,,,,,,,,,,,,,,,,,,,,,,719500,680000,662500,685000,647000,649999,679400,685900,670000,675000,685000,692475,7e+05,702500,699000,699000,685450
"Corona del Mar","Newport Beach","CA","Los Angeles-Long Beach-Anaheim","Orange",145,,,,,,,,,,,,,,,,,,,,,,,,,,,,,,,,,,,,,,,,,,,,,,,,,,1285000,1299000,1299000,1244500,1282500,1285000,1349000,1325000,1300000,1325000,1395000,1300000,1399000,1399000,1410000,1449500,1410000,1450000,1450000,1400000,1495000,1575000,1512450,1512250,1529500,1495000,1495000,1575000,1495000,1409000,1499000,1319000,1437000,1450000,1512500,1632000,1575000,1575000,1632500,1499995,1495000,1575000,1587500,1650000
"MacDonald Ranch","Henderson","NV","Las Vegas","Clark",146,,,,,,,,,,,,,,,,,,,,,,,,,,,,,,,,,,,,,,,,,,,,,,,,,,,,,,,,,,,,,,,,,212000,210000,220000,210000,209990,209900,207900,209900,215000,210000,210000,216100,219950,220000,220000,225000,219749.5,221249.5,217450,226752.5,232250,229500,229500,259250,234900,249500,259900,253015.5,254500
"Glen Oaks","New York","NY","New York","Queens",147,,,,,,,,,,,,,,,,,,,,,,,,,,,,,,,,,,,,,,,,,,,,,,,,,,,,,,,,,,,,,,,,,,,,,,,,,,,,,314900,319900,319900,319900,309900,289900,289900,279900,289900,285950,279450,281400,289900,294450,309450,307400,294900
"Riverdale","New York","NY","New York","Bronx",148,,,339000,335000,329500,329500,322500,315000,312500,315000,312500,318000,319000,309000,309000,304500,299999.5,299450,299000,299000,297000,295000,295000,297000,295000,295000,295000,295000,295000,298500,298500,298500,298750,300950,302000,299900,299500,292500,292000,289500,279450,279000,279900,288500,311200,315000,299900,299900,295500,299900,289000,310000,299500,299900,299000,305000,305000,315000,312500,299000,289500,315000,325000,312500,315000,319500,325000,325000,325000,325000,320000,334450,322500,325000,319749.5,325000,336950,349000,339500,336950,342500,334450,329450,329450,339500,334000,339500,349000,349000,349000,342000,349500,329500
"Windsor","Denver","CO","Denver","Denver",149,,,,,,,,,,,,,,,,,,,,,,,,,,,,,,,,,,,,,,,,,,,,,,,,,,,,,,,,,,,,,134950,137400,154500,169000,162000,154500,149900,164900,174900,186000,199900,199000,194900,189900,182500,189900,184900,193000,204900,191500,199900,204950,204950,2e+05,204900,203950,2e+05,203950,203900,199999,201450,219900,232000
"Five Points","Denver","CO","Denver","Denver",150,,,,,,,,,,,,,,,,,,,,,,,,,,,,,,,,,,,,,,,,,,,,,,,,,,,,,,,,,,,,,,,,5e+05,549900,525000,522500,530000,515000,522500,499500,499000,499000,502500,519950,527000,532500,542500,549500,550000,550000,599000,599250,575000,575000,565000,565000,586903,583401.5,567865.5,562141.5,570731,587000
"Angel Park Lindell","Las Vegas","NV","Las Vegas","Clark",151,,,,,,,,,,,,,,,,,,,,,,,,,,,,,,,,,,,,,,,,,,,,,,,,,,,,,,,,,,,,,,,,,,,,,,,,,,138000,138000,127450,118650,114949.5,114999.5,118500,119400,119900,120000,122500,129567,130000,121500,127000,130750,129000,141000,146250,151950
"Downtown","Atlanta","GA","Atlanta","Fulton",152,,,,,,,,,,,,,,,,,,,,,,,,,,,,,,,,,,,,,,,,,,,,,,,,,,,,,,,,,,,,,349000,294905.5,299900,299911,293200,299955.5,280000,319000,319000,324950,324000,324900,299900,299900,304950,310000,315000,312000,312000,325000,324900,329000,328950,344450,372000,349900,349900,369900,375500,368450,359900,339195,355857
"Downtown","Honolulu","HI","Urban Honolulu","Honolulu",153,,,,,,,,,,,,,,,,,,,,,,,,,,,,,,,,,,,,,,,,,,,,,,,,,,,,,,,,,,,,,,,,,,,,,,,,,,,,,,,,,,698500,680000,674500,635000,622497.5,629500,632500,629500,645000,698000,663000,638000
"North Riverdale","New York","NY","New York","Bronx",154,,,,,,,,,,,,,,,,,,,,,,,,,,,,250000,245000,266500,252000,245000,247500,259000,251000,247500,250000,252000,250000,250000,247450,235000,237500,235000,239000,239000,236000,237250,235000,250000,254500,279000,268000,267500,268000,249700,249700,232499.5,229000,235000,239900,239900,247000,245000,245000,247000,245000,250000,250000,250000,249500,250000,250000,250000,250000,249000,281999.5,294999,262000,257000,259000,285000,285000,265000,259000,240000,240000,240000,252250,265000,304500,325000,310000
"Downtown","Miami","FL","Miami-Fort Lauderdale","Miami-Dade",155,450000,460000,4e+05,399000,399900,4e+05,428500,420000,418900,399900,390000,392500,380000,380000,377930,380000,395000,389000,384741,384820.5,385000,412000,420000,440000,425000,420000,425000,450000,420000,432500,475000,515000,528856,499000,520000,520000,550000,550000,550000,525000,499000,510000,499000,5e+05,535000,541950,590000,574400,550000,555000,559375,536950,528000,525000,539400,542200,535000,539000,540000,545000,545000,530000,528750,523790,542500,529500,525000,552500,555000,550000,568250,567500,585000,570000,572500,557517,558258.5,570000,552500,550000,550000,550000,550000,550000,555000,550000,550000,550000,549000,549000,542500,550000,549000
"Sun City Summerlin","Las Vegas","NV","Las Vegas","Clark",156,,,,,,,,,,,,,,,,,,,,,,,,,,,,,,,,,,,,,,,,,,,,,228500,227475,217450,205000,199900,206500,209950,218750,217500,216250,219000,219000,229450,230000,229500,229000,219900,223500,225000,225000,225000,225000,223000,223000,229000,229900,234900,232000,235940,242450,249900,259900,249997,249900,250000,259450,259900,264900,265000,265000,259900,264900,265000,272500,280888,281400,294400,290000,290000
"Glenbrook","Stamford","CT","Stamford","Fairfield",157,319000,332450,314990,309990,325000,299000,299000,297900,285000,292000,275000,284000,284900,282000,280000,284950,295000,285000,282000,293900,293900,279000,283250,283250,279000,272500,289000,279000,274000,259000,259000,269000,272000,275000,269000,314950,299950,269000,279000,286000,319000,279000,315000,299999,295000,295000,295000,299000,294500,299000,290000,287900,275000,274000,285000,285000,285000,289450,289000,285000,264950,274500,294000,279000,294000,289000,312900,312900,312450,309900,295000,290000,292500,290000,289900,295000,309500,309000,317500,329000,321500,305000,298750,298500,299950,279000,285000,319500,324750,323500,315000,322000,322000
"Ballston-Virginia Square","Arlington","VA","Washington","Arlington",158,,,,,,,,,,,,,,,,,,,,,,,,,,,,,,,,,,,,,,,,,,,,,,,,,,,,,,,,,,,,,,575000,572000,589000,599450,579900,554500,574900,574950,560000,524900,567450,557393.5,515000,529900,529900,525000,559000,599900,573000,579000,559000,545000,579500,519000,535000,607450,639900,589950,579900,590000,570000,564500
"South Beach","San Francisco","CA","San Francisco","San Francisco",159,,,,,,,,,,,,,,,,,,,,,,,,,,,,,,,,,,,,,,,,,,,,,,,,,,,,,,,,,,,,,,,1625000,1700000,1888888,1895000,1995000,1699999,1724999.5,1698000,1750000,1963500,1937000,1825000,1745000,1637500,1599000,1650000,1650000,1595000,1527500,1499000,1494000,1390000,1498500,1527500,1677500,1695000,1698000,1699000,1700000,1775000,1700000
"North Central","Hollywood","FL","Miami-Fort Lauderdale","Broward",160,,,,,,,,,,,,,,,,,,,,,,,,,,,,,,,,,,,,,,,,,,,,,,,,,,,,,,,,,,,,,,,,,,,,,,,,,,,,,,,,175000,169900,174900,169900,167450,165000,170000,175000,170749.5,179450,192500,179900,199475,2e+05
"SoHo","New York","NY","New York","New York",161,,,,,,,,,,,,,,,,,,,,,,,,,,,,,,,,,,,,,,,,,,,,,,,,,,,,,3825000,3825000,3392500,3547500,3385000,3345000,3295000,3345000,3385000,3695000,3442500,3697000,3750000,3697000,3235000,3540000,3330000,3315000,3322500,3417500,3330000,3360000,3385000,3600000,3600000,3600000,3550000,3500000,3600000,3495000,3600000,3600000,3495000,3165000,3195000,3500000,3347500,3600000,3675000,3775000,3775000
"Hunters Point","New York","NY","New York","Queens",162,,,,,,,,,,,,,,,,,,,,,,,,,,,,,,,,,,,,,,,,,,,,,,,,,,,,,,,,,,,,,,,,,,,,,,,1227500,1205000,1200000,1190000,1185000,1175000,1190000,1195000,1195000,1185000,1175000,1160000,1167500,1150000,1162500,1177500,1177500,1190000,1195000,1210000,1210000,1229000,1230000
"North-East Coconut Grove","Miami","FL","Miami-Fort Lauderdale","Miami-Dade",163,,,,,,,,,,,,,,,,,,,,,,,,,,,,,,,,,,,,,,,,,,,,,,,,,,,,,,,,,,,,,,569000,575000,592000,565000,560250,575900,580000,580000,590875,546750,567625,601750,623750,555125,560250,602000,581000,553000,591000,599000,605000,627500,599000,699000,709500,750000,734500,727500,755000,769500,787500,770000
"Kings Point","Delray Beach","FL","Miami-Fort Lauderdale","Palm Beach",164,,,,,,,,,,,,,,,,,,,,,,,,,,,,,,,,,,,,49911,50000,49955.5,49911,49900,48000,47500,46950,46900,49000,49450,53700,49900,54999,56000,59900,59900,59999.5,62400,62900,60950,61000,65000,69900,68000,65900,68700,71999.5,74500,69999.5,75000,77950,77400,79900,84999,85000,85000,89500,89000,85000,86450,89900,88850,89900,89900,89990,90700,96750,94500,99000,99000,94900,95000,95000,95000,95000,89900,97750
"Gulf Gate Estates","Sarasota","FL","North Port-Sarasota-Bradenton","Sarasota",165,,,,,,,,,,,,,,,,,,,,,,,,,,,,,,,,,,,,,,,,,,,,,,,,,,,,,,,,,,,,,,,,,,,179900,180000,179900,165000,164700,164950,177000,179900,197000,197914,197914,197914,199900,199900,205000,196500,195000,196000,199000,197000,189700,210000,199900,204950,199000,199000,205900
"Palm Aire","Pompano Beach","FL","Miami-Fort Lauderdale","Broward",166,99499.5,97567.5,95000,96450,96000,95000,98000,98000,99000,92000,92000,87500,86000,91900,88500,90900,91900,92500,89900,97500,99000,102900,102400,105000,98000,89950,94950,94900,95000,95000,99000,104950,99500,108150,120000,119900,130000,127900,128450,124999,126249.5,125000,124850,130000,130000,130000,130000,130950,130000,131900,130000,125000,126250,129900,128500,127950,129900,132000,135900,135360,135630,135180,137700,137900,135360,135900,138900,139500,140413.5,141663.5,143900,144500,145450,145000,147200,149000,149900,149900,149900,148800,145000,144950,149000,149000,149000,145850,144850,148750,149750,149000,149000,150000,158000
"Fairlington-Shirlington","Arlington","VA","Washington","Arlington",167,,,,,,,,,,,,,,,,,,,,,,,,,,,,,,,,,,,,,,377450,370000,409250,415000,409250,415000,407000,396950,395000,416950,409450,422900,374900,375000,392969,384900,390000,399900,389000,364900,393450,409200,398450,394500,387000,416700,414450,395000,399900,387500,386250,382000,378750,395000,399900,405000,384950,398000,427450,439900,437400,429444,399900,389000,395000,355000,355000,349900,389900,432000,445000,444380,432450,424000,399900,422900
"Oceanfront","Miami Beach","FL","Miami-Fort Lauderdale","Miami-Dade",168,475000,470000,454000,449000,425000,415000,399500,407000,415000,399000,398993.5,384900,399000,399000,399500,399000,4e+05,399000,399000,399000,412500,425000,410000,439000,415000,424900,429400,429400,424900,429900,395000,425000,470000,465000,499000,487000,499000,485000,479900,482450,479950,499000,499000,492500,512500,525000,525000,501000,515000,520000,524900,519500,535000,525000,525000,529500,539450,565000,550000,562450,552500,575000,559900,582500,599444,599888,640000,650000,610000,610000,650000,685000,664000,650000,654500,650000,625000,650000,650000,650000,675000,650000,650000,650000,647500,679500,675000,675000,659000,630000,620450,649800,632500
"Sunset Hills","Reston","VA","Washington","Fairfax",169,,,,,,,,,,,,,,,,,,,,,,,,,,,,,,,,,,,,,,,,,,,,,,,,,,,,,,,,,,,,,,,,,,,,,438000,430000,430000,445450,469900,459900,456700,451700,435000,425450,424950,439999,469900,454950,475000,479500,482250,464450,467000,479950,499950,509000,499000,519750,502500
"Pine Hills","Atlanta","GA","Atlanta","Fulton",170,172450,167400,162300,167500,169900,169900,164500,167000,164000,154000,135000,149500,143900,139900,145200,145500,142400,140900,135000,143700,143425,146950,138450,134900,125000,125000,124500,124500,122500,135000,132450,125000,133500,136000,155000,155000,150000,149900,155000,158000,156000,155000,162900,162900,167500,184499.5,177000,179450,182400,188700,175000,169900,169450,175000,169450,166000,171000,169900,165000,162250,169900,176700,179900,179900,175000,169900,182575,195000,197500,197500,185900,189900,189850,192450,194900,199900,199950,209900,209900,210000,215000,215000,217500,229000,224000,220000,219425,219850,215000,219900,219900,224000,228000
"Upper Eastside","Miami","FL","Miami-Fort Lauderdale","Miami-Dade",171,,,,,,,,,,,,,,,,,,,,,,,,,,,,,,,,,,,,,,,,,,,,,,,,,,,,,,,,,,,,,,,,,,,,,,,,,,,,,,,498500,499000,474000,499000,479000,499000,519500,499000,499250,502950,543000,5e+05,525000,525000,525000
"Merle Hay","Des Moines","IA","Des Moines","Polk",172,113450,115000,111900,113400,110950,110000,110000,111450,109999,109650,109900,104900,1e+05,103000,107449.5,104999,99900,95000,101950,104000,101450,99950,1e+05,101450,109850,105000,101900,99999.5,101500,108000,109000,99900,99900,99000,104900,102450,104900,105000,109000,112000,109900,110950,109900,110000,112500,112000,110000,108000,112000,105000,107000,112950,107000,107900,110450,110000,112000,111500,111000,114950,112000,112000,111000,114500,110000,113900,111500,114949.5,114900,115000,114900,114900,113900,110000,115000,114900,115000,119900,115000,115000,118500,119900,122500,119900,115450,117450,119900,119950,120000,134900,122000,119950,120000
"Belmont","Dayton","OH","Dayton","Montgomery",173,,,,,,,,,,,,,,,,,,,,,,,,,,,,,,,,,,,,,,,,,,,,,,,62000,62500,66000,68500,69500,67900,64900,64900,64400,59900,59450,59000,59000,58900,59450,59900,59900,61100,59900,59900,64950,63500,64900,64200,59900,59900,59900,61750,62900,59900,59950,61450,62900,61900,62900,60000,59900,59900,58000,59900,59900,59900,59900,59900,65000,63500,65500
"West Colfax","Denver","CO","Denver","Denver",174,,,,,,,,,,,,,,,,,,,,,,,,,,,,,,,,,,,,,,,,,,,,,,,,,,,,,,,,,,,,,,,,,,,,,,,,,,,,,484000,484000,464950,484450,499000,529750,489900,447000,439900,445000,462000,489450,465000,454900,499000,499900,495000
"South Yarmouth","Yarmouth","MA","Cape Cod","Barnstable",175,247000,255000,249000,259000,259700,259900,242500,229950,239000,239900,239900,249000,239450,224950,219000,219900,225000,227900,240500,230000,230000,219900,219900,219000,221500,224900,199700,207449.5,219000,219000,229450,229900,244450,239500,234900,236950,240000,249000,244450,269900,259000,259000,259900,249450,249000,259900,269900,249700,244900,249900,257000,269900,274900,269900,254900,249900,249950,244900,249000,249450,250000,252450,260750,262500,276750,269900,269900,259900,255000,249900,262950,249900,259000,249900,262450,259900,259900,259900,258700,269000,278900,279900,279000,274950,271950,268900,269400,279900,288000,295900,289900,299000,299000
"Highland Garden","Hollywood","FL","Miami-Fort Lauderdale","Broward",176,,,,,,,,,,,,,,,,,,,,,,,,,,,,,,,,,,,,,,,,,,,,,,,,,,,,,,,,,,,168450,168450,163750,169900,172400,154900,157450,174950,203500,190000,185000,169900,190000,199000,182500,169000,163900,188450,188450,197000,195900,199450,214900,215000,195000,199000,217499.5,215000,217999.5,219000,217499.5,219450,225000,225000,219900
"Highland Park","Des Moines","IA","Des Moines","Polk",177,,,,,,,,,,,,,,,,,,,,,,,,,,,,,,,,,,,,,70000,70000,70950,71950,71900,73900,74900,74200,75000,69950,67500,64900,71250,72500,73500,74900,73000,73000,75000,77500,78000,72900,70000,70000,73900,70950,73900,74900,74949.5,72900,74900,75000,74950,74900,78000,78000,75000,75000,76000,76000,76450,77000,75450,77000,80000,82500,79950,80000,77500,78000,81950,80000,80000,86450,86000,84950,87500
"Highland","Denver","CO","Denver","Denver",178,,,,,,,,,,,,,,,,,,,,,,,,,,,,,,,,,,,,,,,,,,,,,,,,,,,,,,,,,,,,,,504500,525000,470000,465000,472000,469495,468000,462950,450000,449950,470000,469500,469500,475000,479450,499500,540000,559900,565990,565990,565990,559000,607497.5,542000,590000,570000,535000,539000,539000,539000,539500,539500
"Bee Ridge","Sarasota","FL","North Port-Sarasota-Bradenton","Sarasota",179,,,,,,,,,,,,,,,,,,,,,,,,,,,,,,,,,,,,,,,,,,,,,,,,,,,,,,,,,,,,,,,,,,,,,,,,,149900,149900,173888.5,199900,199000,194450,199500,199200,210000,210000,199900,194900,203900,208950,199900,197000,197000,198500,207750,207500,2e+05
"Beaverdale","Des Moines","IA","Des Moines","Polk",180,,,,,,,,,,,,,,,,,,,,,,,,,,,,,,,,,,,,,,,,,,,,,,,,,,,,,,,,,,,,,,,,,,,,,,,,,,,,122900,122900,124900,122500,122900,124900,125000,120000,120000,121000,124950,136000,136000,142500,135000,131250,132500,136000
"Midtown","Houston","TX","Houston","Harris",181,,,,,,,,,,,,,,,,,,,,,,,,,,,,,,,,,,,,,,,,,,,,,,,,,,,,,,,,,,,,,,,,,,,,,,,,317450,287250,292000,289900,299000,297000,295000,289900,294900,294900,294900,288000,289000,289000,289000,289000,289000,288727.5,299999,298500,291450,289900
"South-West Coconut Grove","Miami","FL","Miami-Fort Lauderdale","Miami-Dade",182,,,,,,,,,,,,,,,,,,,,,,,,,,,,,,,,,,,,,,,,,,,,,,,,,,,,,,,,,,,,,,,,,,,,,,,,,,,,,,,,530000,530000,530000,487500,530000,530000,590000,602500,610000,592500,582500,575000,625000,704000
"Springdale","Stamford","CT","Stamford","Fairfield",183,,,,,,,,,,,,,,,,,,,,,,,,,,,,,,,,,,,,,,,,,,,,,,,,,,,,,,,,,,,,,,,,390000,385000,379000,371950,332000,359000,354500,399000,394000,339000,335000,352000,325000,340000,345000,325000,325000,329000,325000,319000,319000,305000,301500,323700,330250,333000,350000,350000,369000,370950
"South Central Beach","Hollywood","FL","Miami-Fort Lauderdale","Broward",184,266750,269000,269900,275000,275000,265000,272450,266450,281444,288000,299000,280000,275000,264000,249900,249999.5,259700,259000,267000,260000,259900,275000,279000,285000,279000,279999.5,285000,285000,287450,289450,299000,3e+05,343994.5,310000,354500,354500,369000,365000,369000,369000,360000,365000,369900,375000,379000,375000,375000,375000,375000,375000,375000,369000,374950,377250,379250,395000,399000,399000,419500,420000,415000,429000,425000,432450,428500,428500,438750,426500,429000,429000,429000,410000,429000,429000,424250,425000,420000,415000,415000,429000,425000,429000,432250,427000,420000,422500,410000,418000,425250,434750,444900,430000,430000
"Great Neck Plaza","Great Neck","NY","New York","Nassau",185,,,,,,,,,,,,,,,,,,,,,,,,,,,,,,,,,,,,,,,,,,,,,,,,,,,,,,,,,,,,,,,,,,,,,,,,,448500,453500,454000,459000,468000,460000,498888,508444,498000,528500,564000,575000,564055.5,519000,508000,489000,499444,489000,489000,476500,449500
"Southside Flats","Pittsburgh","PA","Pittsburgh","Allegheny",186,,,,,,,,,,,,,,,,,,,,,,,,,,,,,,,,,,,,,251250,259000,249000,244000,249900,249900,249900,269000,249900,249900,275000,268000,239950,239900,249900,242450,249900,239900,239900,233700,234500,239000,239000,244000,229900,215000,237000,239000,230000,234500,254450,244900,236950,239000,240000,244450,260000,244425,254900,259250,249900,234950,229590,230000,227000,224950,248450,246000,242200,234900,234900,249250,259900,279425,264900,288950,286450
"Victoria Park","Fort Lauderdale","FL","Miami-Fort Lauderdale","Broward",187,,,,,,,,,,,,,,,,,,,,,,,,,,,,,,,,,,,,,,,,,,,,,,,,,,389000,369900,359000,399545,399900,399900,385000,394000,369450,365000,374499,374249.5,376500,358000,350000,358000,371830,397500,419000,409000,370000,427000,379000,355000,364000,399000,401395,399000,399000,424000,424000,424000,432000,405000,399000,398500,399450,404900,398500,399000,413450,441950,498700,497500
"South Semoran","Orlando","FL","Orlando","Orange",188,,,,,,,,,,,,,,,,,,,,,,,,,,,,,,,,,,,,,,,,,,,,,62450,64950,64900,61400,62400,65000,65000,69000,68000,64900,64900,63950,64950,65000,65450,65000,64900,65000,65000,65000,65000,65000,65000,67000,67000,67500,67500,68539,69150,69000,72050,74900,74900,79950,79899,80000,75500,74450,75000,75997.5,79000,75500,79000,83950,89450,85000,89000,86900,99500
"Century City","Los Angeles","CA","Los Angeles-Long Beach-Anaheim","Los Angeles",189,,,,,,,,,,,,,,,,,,,,,,,,,,,,,,,,,,,,,,,,,,,,,,,,,,,,,,,,,,1149000,1050000,1095000,1150000,1124444,1149500,1100000,1096000,1096000,1195000,1122000,1110000,1095000,1012000,1099000,1097000,1224000,1285000,1197000,1099500,1249000,1195000,1287000,1250000,1275000,1195000,1225000,1200000,1287500,1295000,1220000,1250000,1195000,1262500,1354500,1450000
"Cherry Creek","Denver","CO","Denver","Denver",190,,,,,,,,,,,,,,,,,,,,,,,,,,,,,,,,,,,,,,,,,,,,,,,,,,,,,,,,,,,,,,,,,,,,,,,899450,899950,895000,909950,862500,850000,875000,824500,812000,796750,797000,775000,787000,787000,794500,809995,799000,778000,789000,788500,824950,870000,999000
"Lynnhaven Shores","Virginia Beach","VA","Virginia Beach","Virginia Beach City",191,,272450,274900,292450,290450,285250,279900,271000,275000,275000,275000,269000,257000,275000,275000,279000,267900,279000,265425,267475,265000,264725,269250,269500,249950,239500,239500,234950,235000,239250,229000,229900,229950,230000,230000,262475,249000,237500,224950,230000,260000,260000,267000,280000,249000,247000,249000,249000,230000,259900,249900,234950,249450,249900,241900,264900,269000,289000,274900,262500,262500,269000,281950,289900,292000,295000,279900,277250,255000,267000,259000,245000,239000,239000,239000,245000,256950,259450,259900,269900,261900,259900,259900,269950,265000,262450,275000,274900,259950,235000,239900,238000,234900
"West Yarmouth","Yarmouth","MA","Cape Cod","Barnstable",192,207950,217500,217500,215750,216450,199850,199800,204450,199800,2e+05,199000,191700,189250,179900,179900,179900,186625,192800,187900,184900,181350,185800,184900,184900,175950,179000,183500,189900,185000,189900,184000,185000,204450,177500,199900,179900,179900,194900,199900,199900,188450,188450,189000,197950,199900,198000,199450,202450,218450,216950,226500,209000,218000,219900,224000,225000,225000,225000,225000,224900,237000,219000,229900,229900,249000,248800,239450,230000,234900,230000,232450,229500,219900,228750,228250,214950,234900,244450,259450,249949.5,252400,239900,234474.5,234049,223800,215650,217450,223950,229000,229450,232400,229900,249900
"Marina","San Diego","CA","San Diego","San Diego",193,,,,,,,,,,,,,,,,,,,,,,,,,,,,,,,,,,,,,,,,,,,,,,,,,,,,,,,,,,,,,,,,,,,,799000,799000,844000,899999,849000,831950,859900,864900,846400,849000,849450,889450,899000,899000,953900,987500,980000,997250,1035000,994450,994450,969000,986000,1049000,980000,979500
"Business District","Irvine","CA","Los Angeles-Long Beach-Anaheim","Orange",194,,,,,,,,,,,,,,,,,,,,,,,,,,,,,,,,,,,,,,,,,,,,,711000,718000,699000,699000,699000,690000,699000,648000,677500,599999,599999,628000,599999,643950,638950,690000,695000,661500,633500,672000,675000,699495,726500,747000,708500,699000,679344,708500,698888,709000,664250,678500,695000,678900,674900,661900,675000,689000,680000,726500,750000,742500,725000,720000,804444,725000,829000,839000,698500
"Beach","Pompano Beach","FL","Miami-Fort Lauderdale","Broward",195,299000,299000,277000,290000,275000,264500,275000,272450,262000,271000,269000,269000,254000,262000,249900,250000,254900,249900,249900,249900,252475,275000,277000,275000,262950,269000,265000,264900,269000,289000,289000,292000,299000,299000,299900,299900,312500,314500,325000,319450,324999,340000,335000,338900,335000,339900,339000,345000,329900,329000,339950,329000,334000,336500,339000,349900,349000,339999,347777,340000,339250,339000,342499.5,335000,350000,354950,360000,349900,349900,360000,374900,370000,349900,350000,369000,365000,379000,379900,379000,389000,396750,398750,384950,379000,379900,385000,374999,369450,375000,388000,389000,386500,385000
"Coral Ridge Country Club","Fort Lauderdale","FL","Miami-Fort Lauderdale","Broward",196,,,,,,,,,,,,,,,,,,,,,,,,,,,,,,,,,,,,,,,,,,,,,,,,,,,,,,,,,,,,,,,,,,,,,,,,,,,304500,324000,329000,339000,329000,312000,304450,304450,299949.5,299000,299450,299900,294900,299900,299888,299900,299888,298838.5,297777
"Ormond-by-the-Sea","Ormond Beach","FL","Daytona Beach","Volusia",197,142450,142450,145000,145000,145000,144950,139500,138000,135000,124900,129000,129000,127000,135000,145000,144500,139450,145000,139000,139000,139000,135000,139450,130000,129000,129000,124900,124700,114900,124950,119912.5,124950,125000,129000,138950,139000,139900,137500,139900,139900,149949.5,149999,151000,147000,150000,150000,149950,150000,159900,152900,151450,159000,159460.5,158010.5,153400,165900,169000,169000,161250,159950,159900,160000,164000,164900,172400,189950,189900,203950,208000,199000,198000,189900,189000,198000,199900,192000,185000,187000,177500,174900,174775,174950,179200,186860.5,190000,179950,185805,189675,189900,199900,199900,204950,202400
"South Pointe","Miami Beach","FL","Miami-Fort Lauderdale","Miami-Dade",198,875000,850000,875000,8e+05,880000,899500,897000,9e+05,9e+05,905000,899000,879500,879000,950000,879000,799000,879000,879475,835000,858388.5,879000,922500,990000,995000,950000,1099000,1075000,1075000,1150000,1072500,1099000,982500,975000,1e+06,1100000,1e+06,1099500,1175000,1099000,1100000,1035000,1120000,1207000,1249500,1295000,1300000,1400000,1298000,1278000,1422500,1249000,1249000,1376000,1530000,1425000,1595000,1699000,1699000,1682500,1682500,1599900,1542000,1692000,1650000,1650000,1460000,1517000,1485000,1699000,1624500,1795000,1847500,1642000,1595000,1550000,1544500,1475000,1475000,1400000,1497500,1700000,1512500,1690000,1499995,1499995,1475000,1450000,1450000,1379400,1325000,1349995,1295000,1330000
"Villages of Oriole","Delray Beach","FL","Miami-Fort Lauderdale","Palm Beach",199,,,,,,,,,,,,,,,,,,,,,,,,,,,,,,,,,,,,,,,,,,,,,,,,,,,,,,,,,,,,,,,,,,,,,125900,124900,121000,123000,124900,123900,119700,119900,118000,115000,114850,114250,114200,115900,120000,122000,122500,124000,118500,119000,119900,123450,119900,119250,119700
"The Meadows","Sarasota","FL","North Port-Sarasota-Bradenton","Sarasota",200,,,,,,,,,,,,,,,,,,,,,,,,,,,,,,,,,,,,,,,,,,,,,,,,,,,,,,,,,,,,,,,,,,,,,,,177000,179450,175000,169900,169900,169900,175000,171975,179950,179950,185000,185000,179925,174900,179900,177000,174950,169950,169900,169900,185000,195000,195000
"Trilogy","Corona","CA","Riverside","Riverside",201,,,,,,,,,,,,,,,,,,,,,,,,,,,,,,,,,,,,,,,,,,,,,,,,,444450,449000,448000,449000,461950,424000,449850,459000,449400,454000,459500,435000,437450,435000,449700,449900,449500,459900,473200,449450,439900,439250,432450,429900,439900,452499,459000,455000,455000,449900,449000,439900,439000,439000,440000,439950,427400,439900,445000,454950,459900,455000,449999,464900,468500
"Central Business District","Orlando","FL","Orlando","Orange",202,,,,,,,,,,,,,,,,,,,,,,,,,,,,,,,,,,,,,,,,,,,,,,,,,,,,,,,,,,,,,,,,,,,,,,,,,,,,,,,,299450,304950,299999,299949.5,299999,308500,315000,310000,305000,299000,299000,299000,295000,293900
"Downtown","Fort Lauderdale","FL","Miami-Fort Lauderdale","Broward",203,,,,,,,,,,,,,,,,,,,,,,,,,,,,,,,,,,,,,,,,,,,,,,,,,,,,,,,,,,,,,,,,,,,,,,,,,,,,,,479450,499900,474900,477450,479450,549000,537000,487450,502000,539000,498500,499000,493000,515500,499000,495000
"Fourth Ward","Charlotte","NC","Charlotte","Mecklenburg",204,,,,,,,,,,,,,,,,,,,,,,,,,,,,,,,,,,,,,,,,,,,,,,,,,,,,,,,,,,,,,,,,,,,,,,,,,,,,,,4e+05,395000,412000,399900,409500,409500,409500,405950,413400,389000,383000,344500,358950,359000,375000,380000
"Dennis Port","Dennis","MA","Cape Cod","Barnstable",205,,,,,,,,,,,,,,,,,,,,,,,,,,,,,,,,,,,,,,,,,,,,,,,,,,,,,,,,,,,,,,,,,,,,,,,,,,,242400,239900,235000,237900,244900,244900,246000,264000,259900,255000,259900,255000,259900,257450,259900,259900,279900,239900,232000
"Hillcrest","Hollywood","FL","Miami-Fort Lauderdale","Broward",206,,,,,,,,,,,,,,,,,,,,,,,,,,,,,,,,,,,,,,,,,,,,,,,132000,134000,124900,120000,120000,120950,125000,122450,118950,135000,129000,129250,125000,129250,119450,124000,124000,111000,106500,106500,119000,124000,121900,121000,124450,130000,134900,134950,140000,144400,140500,139000,132000,139450,145000,137400,139450,136950,135000,140000,139900,135000,145000,149900,149900,147000,149000
"The Strip","Las Vegas","NV","Las Vegas","Clark",207,,,,,,,,,,,,,,,,,,,,,,,,,,,,,,,,,,,,,,,,,,,,,,,,,,,,,,,,,,,,,,,,,,,,,,469000,499000,549888,519500,549888,477444,467439,472444,499900,499000,499000,478000,459000,450000,456000,475000,479500,475000,468000,465000,459000,475900,465000,464000
"Central Beach Alliance","Fort Lauderdale","FL","Miami-Fort Lauderdale","Broward",208,,,,,,,,,,,,,,,,,,,,,,,,,,,,,,,,,,,,,,,,,,,,,,429000,429000,429900,419500,427000,429000,425000,449999.5,448450,429000,424950,425000,399000,421999.5,397450,4e+05,429000,429000,440000,462450,448000,429950,429950,429900,465000,495000,526394,495000,495000,514000,515000,549000,549000,549000,550000,550000,514500,539000,525000,489900,479000,462000,462000,474900,499000,495000,520344,534450
"Harbordale","Fort Lauderdale","FL","Miami-Fort Lauderdale","Broward",209,,,,,,,,,,,,,,,,,,,,,,,,,,,,,,,,,,,,,,,,,,,,,,,,,,,,,,,,,,,,,,,,,,,,,,,,,,,,,299000,349000,349000,378900,325000,312000,299900,299450,279500,282000,289000,279500,279000,267000,262000,256000,255000
"Palm Club Village","West Palm Beach","FL","Miami-Fort Lauderdale","Palm Beach",210,,,,,,,,,,,,,,,,,,,,,,,,,,,,,,,,,,,,,,,,,,,,,,,,,,,,,,,,,,,,,,,,,,,,,,,,,,1e+05,99000,99000,107000,109000,111000,107000,108000,115000,117000,119450,119900,118950,114900,117000,119900,119900,114900,114900,114950
"Galt Mile","Fort Lauderdale","FL","Miami-Fort Lauderdale","Broward",211,389000,360000,365000,365000,367450,369900,367450,369900,375000,375000,375000,369900,359000,359000,359900,359000,368250,359000,369000,359900,356250,369000,377450,389000,379000,399000,389901,399000,399000,399000,399000,399000,399000,399000,399000,370000,375000,369901,375000,379000,388750,369999,379900,399700,394000,399250,399500,399000,399700,399900,414500,409000,399900,389900,389450,390000,355000,369200,375000,343000,345000,359900,387450,379000,377000,375000,399000,414950,422450,394000,422450,419000,419000,427450,449000,455000,464500,449450,450000,469000,470000,470000,475000,477000,478880,464950,460000,451450,447000,449000,472450,474950,469500
"Downtown","Sarasota","FL","North Port-Sarasota-Bradenton","Sarasota",212,,,,,,,,,,,,,,,,,,,,,,,,,,,462000,439900,424900,429000,403500,399900,399900,399450,404950,449000,439000,417500,465900,465900,465900,457500,485000,482000,5e+05,527500,510000,481950,485000,477000,449500,485000,450000,475500,475500,495000,494000,539900,516450,550000,549500,550500,499450,499900,499450,499900,499950,514900,529900,514900,525000,535000,549000,550000,521000,520000,529999.5,522500,512000,531950,531950,531950,549450,577500,599000,599000,599000,582499.5,585999,599000,575000,575000,575000
"East Bayside-India Street","Portland","ME","Portland","Cumberland",213,,,,,,,,,,,,,,,,,,,,,,,,,,,,,,,,,,,,,,,,,,,,,,,,,,,,,,,,,,,,,,425000,4e+05,425000,425000,425000,425000,425000,425000,425000,425000,425000,425000,425000,425000,425000,425000,425000,425000,425000,457450,435000,425000,430000,425000,455000,477500,475000,435000,435000,435000,435000,435000
"Downtown","West Palm Beach","FL","Miami-Fort Lauderdale","Palm Beach",214,,,,,,,,,,,,,,,,,,,,,,,,,,,,,,,,,,,,,,,,,,,,,,375000,399445,370000,375000,377777,384988.5,388550,392200,399000,399000,395600,399000,386100,409900,442000,449500,449500,449000,434000,429000,429000,374450,389450,379900,392200,402450,414950,417450,392200,405000,390600,389000,389000,385000,379000,369000,389000,379499.5,399000,387000,375000,374500,369500,365000,367000,365000,365000,374000
"Bermuda Run","Advance","NC","Winston-Salem","Davie",215,,,,,,,,,,,,,,,,,,,,,,,,,,,,,,,,,,,,,,,,,,,,,,,,,,,,,,,,,,,,,,,,145450,145450,145450,153950,158900,153950,145000,149000,149900,153200,149000,149000,155000,155750,157700,156500,145000,145000,149900,149900,154900,160000,160000,158500,160000,159250,158500,147450,154450,151950
"Singer Island","Riviera Beach","FL","Miami-Fort Lauderdale","Palm Beach",216,425000,4e+05,380000,362500,360000,375000,369000,360000,367000,365000,367000,365000,350000,375000,345500,335000,339000,349500,350000,350000,349000,369900,348500,334500,337000,369900,369450,369900,389000,389000,389000,348500,399000,389000,399000,399000,399000,394500,390000,390000,389000,4e+05,399000,399500,409000,4e+05,4e+05,4e+05,413000,418500,424000,420000,410000,410000,417000,399000,395500,399000,398000,395000,395000,399499.5,399000,405000,399000,399000,425000,436950,434500,425000,425000,430000,439000,439000,429000,426500,424000,447000,445000,445000,434500,454500,429000,450000,469000,512500,525000,519000,499499.5,499000,495000,485000,485000
"Cypress Bend","Pompano Beach","FL","Miami-Fort Lauderdale","Broward",217,,,,,,,,,,,,,,,,,,,,,,,,,,,,,,,,,,,,,,,,,,,,,,,132000,131950,124900,128900,126900,124777,124138.5,122777,124750,134500,128600,135000,140000,139950,149000,149450,142450,153000,147500,152500,138000,153250,135000,132250,129900,129900,139900,139900,149000,149900,149000,149000,149450,154700,166450,159500,145250,149000,161250,161250,161250,162500,159250,160000,166000,165000,164999.5
"Playa Vista","Los Angeles","CA","Los Angeles-Long Beach-Anaheim","Los Angeles",218,,,,,,,,,,,,,,,,,,,,,,,,,,,,,,,,,,,,,,,,,,,,,,,,,,,,,,,,,,,,,,,,,,,,,,,,,,,,,,,927000,932500,942000,969000,949000,929900,905000,927450,959500,969000,980000,988900,993900,998900,989000
"North Ocean City","Ocean City","MD","Salisbury","Worcester",219,309900,324950,332400,324484,309949.5,299900,295000,293250,285000,283389,269300,269000,269990,269000,274900,262692,265000,264750,259000,255000,259900,259900,259900,259000,239450,234692,234741.5,229900,229900,234400,229900,239450,237500,238500,239450,237500,236749.5,232450,239000,239900,234999,245000,239950,244950,239900,236200,237500,229700,234900,242000,243000,250000,245950,235000,239000,229900,244900,244900,239900,234900,226950,222400,224950,224950,237000,219900,229875,239900,237200,229900,243700,242500,230000,229000,229000,229950,229900,239000,229900,229500,229000,229900,234900,226999.5,229900,235795,239900,237000,239000,229000,237000,239000,234000
"Eastern Shores","North Miami Beach","FL","Miami-Fort Lauderdale","Miami-Dade",219,,,,,,,,,,,,,,,,,,,,,,,,,,,,,,,,,,,,,,,,,182700,186945,209000,210000,220000,212500,250000,249950,249000,244900,250000,244900,254500,241500,225000,249000,239000,259450,259700,259900,234000,230000,208000,209000,231500,239900,230000,239000,235000,239450,249000,237000,249000,236950,226500,249950,239900,239900,245000,249000,249500,252500,249000,259000,249000,235000,214950,214950,214950,224950,225000,249000,235000
"North Andrews Gardens","Oakland Park","FL","Miami-Fort Lauderdale","Broward",219,,,,,,,,,,,,,,,,,,,,,,,,,,,,,,,,,,,,,,,,,,,,,,,159000,159900,149900,161950,155000,166450,164250,170000,168000,162450,159700,165000,162450,149900,159900,169900,173900,165000,169000,175000,172400,184900,199900,199900,199500,199000,199000,199000,194900,199900,211000,210000,210000,219000,219450,233500,229450,229000,221250,215000,224450,229000,229000,229500,237500,254450,242000
"Sea Pines","Hilton Head Island","SC","Hilton Head Island","Beaufort",219,,,,,,,,,,,,,,,,,,,,,,,,,,,,,,,,,,,,,,,,,,,,,,,,,,,,,,,,,,,,,,,,,,,,,,,,,,327000,329000,379000,346000,337500,329000,380000,369000,379900,369000,348500,346450,344450,336700,338500,349000,380000,372000,356500,355000
"East Ocean View","Norfolk","VA","Virginia Beach","Norfolk City",219,,,,,,,,,,,,,,,,,,,,,,,,,,,,,,,,,,,,,,,,,,,,,,,,,,,,,,,,,,,,,,,,,,,,,,,,,,,,,,,,235000,228700,203925,220700,205200,198900,198900,210485,215619.5,214900,212742,219900,219000,216450
"Bluffs","Jupiter","FL","Miami-Fort Lauderdale","Palm Beach",219,,,,,,,,,,,,,,,,,,,,,,,,,,,,,,,,,,,,,,,,,,,,,,,,,,,,,,,,,,,,,,284950,285000,249000,289000,294500,305000,305000,307000,309000,319700,304450,299900,299900,299900,319000,339000,334900,329000,335000,319450,339500,339500,345000,339000,334750,325000,325000,322000,319000,335000,329450,330750
"Downtown","Indianapolis","IN","Indianapolis","Marion",219,,,,,,,,,,,,,,,,,,,,,,,,,,,,,,,,,,,,,,,,,,,,,,,,,,,,,,,,,,,,,,,,,308000,329000,329900,329000,311150,302400,319900,307400,302400,303650,302400,308650,325000,322496.5,325000,320000,330000,339000,342450,370000,350000,357500,345000,340000,356250,362500,370000,374900,370000
"East Bluff","Peoria","IL","Peoria","Peoria",219,,,,,,,,,,,,,,,,,,,,,,,,,,,,,,,,,,,,,,,,,,,,,,,,,,,,59900,63900,59900,59900,64900,59900,59900,62750,58500,57950,64750,65349.5,61500,59900,53950,50000,45450,46950,50000,53950,48900,49950,50000,52900,53450,51200,54900,55950,52500,49900,46000,48000,41000,39990,39945,39945,40000,44900,41170,47500,48900,51400
"Fairgrounds","Indianapolis","IN","Indianapolis","Marion",219,,,,,,,,,,,,,,,,,,,,,,,,,,,,,,,,,,,,,,,,,,,,,,,,,,,,,,,,,,,,,,,,,,,,,,,114900,119400,114900,117000,130000,130000,129900,129950,125000,123950,119900,127900,119950,118900,126900,130000,133000,137500,144500,145000,144995,160400,159950
"Near Southeast","Indianapolis","IN","Indianapolis","Marion",219,,,,,,,,,,,,,,,,,,,,,,,,,,,,,,,,,,,,,,,,,,39950,39900,39500,39894,39444,39900,39900,39900,39500,39000,39000,39500,39500,40000,40000,39650,40000,39999,39550,39550,39900,39200,42500,39450,39900,39900,39900,39900,39900,42000,39950,37000,42500,39900,40000,41500,44450,44999,45450,45950,47700,45025,49900,49900,49949.5,53000,52000,54900,54900,49999,49999.5,49900
"Rittenhouse","Philadelphia","PA","Philadelphia","Philadelphia",219,,,,,,,,,,,,,,,,,,,,,,,,,,,,,,,,,,,,,,,,,,,,,,,,,,,,,,,,,,,,,,,,,,,,,,,,,,,,812000,850000,839000,804499.5,815000,844450,917499.5,899999,844950,869900,849000,799900,709000,701500,695000,795000,819000,875000
"The Brooks","Bonita Springs","FL","Fort Myers","Lee",219,,,,,,,,,,,,,,,,,,,,,,,,,,,,,,,,,,,,,,,,,,,,,,,,,,,,,,,,,,,,,,,,,,,,,,,,,,,,286000,286950,286900,282000,258500,269900,269900,269925,275000,269900,267450,255000,247000,243000,269900,272450,249900,269900
"North Ponce de Leon","Coral Gables","FL","Miami-Fort Lauderdale","Miami-Dade",219,,,,,,,,,,,,,,,,,,,,,,,,,,,,,,,,,,,,,,,,,,,,,,,359900,359900,356400,364950,375000,399000,404450,370000,372500,389000,374500,4e+05,410945,410945,410990,399000,351000,375000,395250,399000,4e+05,398000,404900,410000,410000,408750,407000,420000,395500,436500,429950,435000,459500,429000,427000,420000,420000,389950,396200,412500,415000,442450,415000,429000,432000,420000,396200
"North End","Bridgeport","CT","Stamford","Fairfield",219,,,,,,,,,,,,,,,,,,,,,,,,,,,,,,,,,,,,,,,,,,,,,,149925,149925,138000,138950,131400,129950,139000,132900,135775,131275,135775,132550,137000,132450,129450,132450,124900,124850,119900,119700,119900,122000,119999,129000,130550,135000,132450,132450,135000,121050,118999.5,110000,119950,122000,124000,129000,139000,139000,149950,131950,124700,146950,144950,157400,149500,152500,149500,139875
"The Island","Venice","FL","North Port-Sarasota-Bradenton","Sarasota",219,322450,325000,325000,325000,312450,299900,299900,299900,299700,299500,299000,297000,275200,277750,279000,274950,254450,274950,279000,274950,273450,270500,250000,258000,258000,250000,250000,262400,265000,249625,239450,265000,274900,284450,299900,299900,309000,309000,299000,294450,305000,307450,309900,299900,299900,3e+05,289900,299900,292500,299900,282450,299900,327900,319500,336800,333035,336800,341337.5,359900,367345,359900,369999,366499.5,359700,373295,349000,374284.5,349000,369900,377499.5,393250,399900,399900,399000,401499.5,379900,369949.5,369900,369900,359450,347450,374999,372449.5,392000,364400,389900,385000,389900,425000,419000,399700,381950,375000
"Coronado Beach","New Smyrna Beach","FL","Daytona Beach","Volusia",219,,,,,,,,,,,,,,,,,,,,,,,,,,,,,,,,,,,,,,,,,,,,,,,,,,,,,,,,,255000,259900,224900,259000,269000,259900,249900,249900,249900,239900,247000,269500,245000,274500,271500,255000,259900,249500,265000,259950,268000,272000,269900,285000,277250,266000,278000,284999,269795,289900,292450,289900,279900,295000,299900,317500,330000
"Rancho La Costa","Carlsbad","CA","San Diego","San Diego",219,,,,,,,,,,,,,,,,,,,,,,,,,,,,,,,,,,,,,,,,,,,362500,388000,389000,389000,375000,398000,393500,388000,391000,395000,415000,429000,398000,396500,369000,369000,393500,398500,419900,399950,399000,429700,449000,424950,449000,439450,455000,456250,449000,437500,429000,434250,459500,453500,459000,458500,479000,495000,484450,499999,489000,457450,447000,475000,480000,453000,480000,494500,485000,454444,479000
