"RegionName","City","State","Metro","CountyName","SizeRank","2011-01","2011-02","2011-03","2011-04","2011-05","2011-06","2011-07","2011-08","2011-09","2011-10","2011-11","2011-12","2012-01","2012-02","2012-03","2012-04","2012-05","2012-06","2012-07","2012-08","2012-09","2012-10","2012-11","2012-12","2013-01","2013-02","2013-03","2013-04","2013-05","2013-06","2013-07","2013-08","2013-09","2013-10","2013-11","2013-12","2014-01","2014-02","2014-03","2014-04","2014-05","2014-06","2014-07","2014-08","2014-09","2014-10","2014-11","2014-12","2015-01","2015-02","2015-03","2015-04","2015-05","2015-06","2015-07","2015-08","2015-09","2015-10","2015-11","2015-12","2016-01","2016-02","2016-03","2016-04","2016-05","2016-06","2016-07","2016-08","2016-09","2016-10","2016-11","2016-12","2017-01","2017-02","2017-03","2017-04","2017-05","2017-06","2017-07","2017-08","2017-09"
"Upper West Side","New York","NY","New York","New York",1,,,,,,,,,,,,,,,,,,,,,,,,,,,,,,,,,,,,,,,,,,,5.09939245565952,5.10285453894477,5.01647071802022,5,4.99291242280857,4.94897959183673,4.96445497630332,4.96445497630332,5.07662835249042,5.11627906976744,4.88888888888889,4.94117647058824,4.99324324324324,4.99523273273273,4.99258160237389,4.95454545454545,4.95361342127904,4.99412162162162,5,5.01446480231437,5,5.00186706497386,4.99375,4.82575757575758,4.73030303030303,4.75409836065574,4.88888888888889,4.86486486486486,4.7796493902439,4.75299401197605,4.75149700598802,4.79,4.79735318444996,4.77075588599752,4.815,4.77555970149254,4.8,4.70588235294118,4.71910112359551
"Astoria","New York","NY","New York","Queens",2,,,,,,,,,,,,,,,,,,,,,,,,,,,,,,,,,,,,,,,,,,,,,,,,,,,,,,,,,,,,,,,,,,,,2.66666666666667,2.57142857142857,2.70588235294118,2.66666666666667,2.56696428571429,2.77777777777778,2.85714285714286,2.85,2.875,2.8,2.85714285714286,2.8,2.82352941176471,2.75
"Hollywood","Los Angeles","CA","Los Angeles-Long Beach-Anaheim","Los Angeles",3,,,,,,,,,,,,,,,,,,,,,,,1.99375,2.09239130434783,1.871875,1.85714285714286,1.82608695652174,2.035,1.80818448413756,1.98237885462555,2.098,2.395,2.33333333333333,2.26376811594203,2.13571428571429,2.22830336200156,2.09821428571429,2.18181818181818,2.22776769509982,2.2676446513219,2.38885202388852,2.33333333333333,2.39579457364341,2.33653959437852,2.27857142857143,2.38617243867244,2.031041062023,2.15424242424242,2.13571428571429,2.21428571428571,2.27954267360049,2.17291666666667,2.18968392630241,2.10769230769231,2.19375,2.30560549973559,2.37435261707989,2.39833333333333,2.325,2.29588709677419,2.3075,2.4,2.5625,2.66666666666667,2.52551020408163,2.58333333333333,2.58216594827586,2.46972206625491,2.58064516129032,2.578125,2.578125,2.69375,2.56972628066378,2.58023897058824,2.55474452554745,2.56428571428571,2.59259259259259,2.56742742906034,2.60714285714286,2.69565217391304,2.71136363636364
"East Harlem","New York","NY","New York","New York",4,,,,,,,,,,,,,,,,,,,,,,,,,,,,,,,,,,,,,,,,,,,,,,,,,,,,,,,,,,,,,,,,4.69798657718121,4.68232662192394,4.8,4.85871807255018,4.78088492578588,5.096011816839,5.1698670605613,5.1698670605613,5.24997797162746,4.58928571428571,4.18706293706294,4.10588235294118,4.08406404879909,3.86370597243492,3.8,3.87755102040816,3.99375,4.1010101010101
"Corona","New York","NY","New York","Queens",5,,,,,,,,,,,,,,,,,,,,,,,,,,,,,,,,,,,,,,,,,,,,,,,,,,,,,,,,,,,,,,,,,,,,2.15750294811321,2.15660232843137,2.3593570608496,2.26166888248413,2.12150433944069,2.2939729397294,2.40053050397878,2.38007380073801,2.33639494833525,2.35361653272101,2.40818915801615,2.28301886792453,2.5,2.45125348189415
"Murray Hill","New York","NY","New York","Queens",6,,,,,,,,,,,,,,,,,,,,,,,,,,,,,,,,,,,,1.87142857142857,1.91298727128083,1.92857142857143,1.91893965223321,1.92919799498747,1.95,1.95326086956522,1.90465393794749,1.95,2.125,2.07142857142857,2.17767621560498,2.16512702078522,2.15,2.09871447902571,2.10555555555556,1.95813375092115,1.97784810126582,2.13675213675214,2.20804093567252,2.20512820512821,2.0975,2.01431980906921,2.04020207165903,2.04347826086957,2.04446640316206,2.04347826086957,2.08217987346354,2.04096989966555,1.98275862068966,2.18181818181818,2,2.09882583170254,2.03586167051832,2.04545454545455,2.29115384615385,1.99137931034483,2.15397254977769,2.13961038961039,2.21111111111111,2.19230769230769,2.27236448566724,2.35714285714286,2.39,2.21689365401333,2.21052631578947
"Forest Hills","New York","NY","New York","Queens",7,,,,,,,,,,,,,,,,,,1.984375,2.12487899322362,2.39010220422005,2.26136363636364,2.43333333333333,2.36133720930233,2.32383720930233,2.32754854368932,2.25409836065574,2.16666666666667,2.25368413871075,2.3975,2.33009708737864,2.295,2.30909090909091,2.23076923076923,2.21463815789474,2.2289156626506,2.24360632183908,2.25,2.26315789473684,2.2582139057513,2.31316725978648,2.34375,2.33333333333333,2.33333333333333,2.4196558915537,2.45776309579991,2.4,2.38636363636364,2.40454545454545,2.3975,2.41788321167883,2.43478260869565,2.43181818181818,2.40625,2.47058823529412,2.46547619047619,2.39444444444444,2.3448275862069,2.3448275862069,2.30372807017544,2.40384615384615,2.3035102739726,2.32916666666667,2.28571428571429,2.34105392156863,2.35357142857143,2.31372549019608,2.32843137254902,2.38266666666667,2.36931818181818,2.40909090909091,2.44166666666667,2.4,2.37294117647059,2.40442708333333,2.43303571428571,2.46428571428571,2.42857142857143,2.49375,2.46794871794872,2.45454545454545,2.45454545454545
"Jackson Heights","New York","NY","New York","Queens",8,,,,,,,,,,,,,,,,,,,,,,,,,,,,,,,,,,,,,,,,,,,,,,,,,,,,,,,,,,,,,,,,,,2.25228310502283,2.29166666666667,2.35714285714286,2.29910714285714,2.39583333333333,2.4,2.375,2.25,2.40442307692308,2.5,2.39904295051354,2.425,2.45123106060606,2.45454545454545,2.47751436781609,2.43824404761905
"Gramercy","New York","NY","New York","New York",9,,,,,,,,,,,,,,,,,,,,,,,,,,,,,,,,,,,,,,,,,,,,,,,,,,,,,,4.99545454545455,5.07142857142857,5.0251256281407,5.01504513540622,4.78785714285714,4.72487667371388,4.76190476190476,4.73840078973346,4.88835634925372,4.91666666666667,4.91071428571429,4.95277797429548,4.91071428571429,4.88899803536346,4.9875,4.87525252525253,5.16618642846852,4.94886363636364,4.97058823529412,5.12472547584187,5.12445095168375,5.14285714285714,5.12445095168375,5.16047794117647,5.15504807692308,5.10107142857143,5.09668835754641,5.10431547619048
"Bay Ridge","New York","NY","New York","Kings",10,,,,,,,,,,,,,,,,,,,,,,,,,,,,,,,,,,,,,,,,,,,,,,,,,,,,,,,,,,,,,,,,,,,,2.2,2,2.11904761904762,1.9375,2.05,2.19677419354839,2.32456140350877,2.30625,2.29583333333333,2.30789473684211,2.346875,2.26875,2.26666666666667,2.39642857142857
"Roxbury","Boston","MA","Boston","Suffolk",11,,,,,,,,,,,,,,,,,,,,,,,,,,,,,,,,,,,,,,,,,,,,,,,,,,,,,1.73214285714286,1.65746753246753,1.71428571428571,1.75651538523991,1.63636363636364,1.5,1.5,1.65384615384615,1.66666666666667,1.8332083958021,1.88235294117647,1.84,1.69047619047619,1.83666666666667,2.05128205128205,1.8,1.51086956521739,1.52173913043478,1.390625,1.56368960468521,1.63216991341991,1.75,1.875,1.94444444444444,1.79583333333333,1.78869047619048,1.875,1.8,1.67832167832168
"Lake View","Chicago","IL","Chicago","Cook",12,,,,,,,,,,,,,,,,,,,,,,,,,,,,,,,,,,,,,,,,,,,,,,1.59161764705882,1.60208333333333,1.60208333333333,1.64285714285714,1.67647058823529,1.54545454545455,1.6875,1.75,1.80909090909091,1.8,1.71651785714286,1.64330357142857,1.64409722222222,1.62604166666667,1.65833333333333,1.71875,1.75,1.75,1.74375,1.81534090909091,1.825,1.83333333333333,1.74825174825175,1.75,1.7,1.70294117647059,1.69365384615385,1.78571428571429,1.89285714285714,1.995,1.95566754932946,1.94871794871795,1.89954128440367,1.86363636363636,1.80769230769231,1.76923076923077
"Sunnyside","New York","NY","New York","Queens",13,,,,,,,,,,,,,,,,,,,,,,,,,,,,,,,,,,,,,,,,,,,,,,,,,,,,,,,,,,,,,,,,,,2.59381898454746,2.5,2.58064516129032,2.5,2.64285714285714,2.58830022075055,2.54722222222222,2.62285714285714,2.6013698630137,2.53311258278146,2.59545454545455,2.625,2.5975,2.58823529411765,2.63116279069767,2.73367811728981
"Rego Park","New York","NY","New York","Queens",14,,,,,,,,,,,,,,,,,,,,,,,,,,,,,,,,,,,,,,,,,,,,,2.25,2.26744186046512,2.23076923076923,2.25,2.26510067114094,2.27722772277228,2.35714285714286,2.36170212765957,2.44444444444444,2.34553731726084,2.36294642857143,2.36363636363636,2.39071038251366,2.42857142857143,2.36678928008408,2.32558139534884,2.31728288907997,2.31782945736434,2.38047619047619,2.54554187407213,2.44650606015263,2.35087719298246,2.50634517766497,2.64026402640264,2.45833333333333,2.4748322147651,2.41837968561064,2.19512195121951,2.27777777777778,2.36363636363636,2.33333333333333,2.33333333333333,2.30555555555556,2.31316725978648,2.33333333333333,2.42943331178625,2.44888888888889
"Coral Way","Miami","FL","Miami-Fort Lauderdale","Miami-Dade",15,,,,,,,,,,,,,,,,,,,,,,,,,,,,,,,,,,,,,,,,,,,,,,,,,,,,,,,1.86411577140054,1.85185185185185,1.77777777777778,1.72727272727273,1.72181161205551,1.74539989069047,1.85185185185185,2.00870406189555,2.00458190148912,1.99438202247191,1.7163504968383,1.99438202247191,1.85185185185185,1.69245647969052,1.98950855284927,1.82175925925926,2,1.99453143676787,1.75862068965517,1.54756860700085,1.70920604548923,1.65384615384615,1.77777777777778,1.85092592592593,1.84375,1.85275519421861,1.92195298135014
"Jamaica Plain","Boston","MA","Boston","Suffolk",16,,,,,,,,,,,,,,,,,,,,,,,,,,,,,,,,,,,,,,,,,,,,,,,,,,,,,,,,,,,,,,,,,,,,,,1.75,1.90692640692641,2,2.05367144990931,2.22692307692308,2.33125,2.31578947368421,2.31789473684211,2.29396771452846,2.26744186046512,2.2,2.13928571428571
"Lake View East","Chicago","IL","Chicago","Cook",17,,,,,,,,,,,,,,,,,,,,,,,,,,,,,,,,,,,,,,,,,,,,,,,,,,,,,,,1.83333333333333,1.81953781512605,1.75,1.715,1.6875,1.71107142857143,1.74375,1.76214285714286,1.7975,1.80790960451977,1.87647058823529,1.95,1.93819444444444,1.92854166666667,1.80625,1.8125,1.78875,1.86875,1.86875,1.934375,1.96785714285714,1.95,1.97354904982024,1.99375,2.01,1.93303571428571,1.8975
"South Loop","Chicago","IL","Chicago","Cook",18,,2.03025718608169,2.01973684210526,2.05812574139976,2.02472014925373,2.02279202279202,2.12736921910538,2.09110671936759,2.09140969162996,2.09110671936759,2.09090909090909,2.09110671936759,2.09130434782609,2.09296264118158,2.18390804597701,2.21498371335505,2.18390804597701,2.23436108825385,2.23627287853577,2.22421607378129,2.21478260869565,2.17844827586207,2.18502116270385,2.12324929971989,2.17073170731707,2.14163614163614,2.17163856257315,2.2254963898917,2.27272727272727,2.28211920529801,2.30469371519491,2.27174385191125,2.26698488464598,2.21766561514196,2.19706242350061,2.21754634087626,2.17727272727273,2.13359273670558,2.16038763066202,2.18644705539642,2.33690360272639,2.37027379400261,2.35956416464891,2.34951133541617,2.35636415959914,2.32312565997888,2.29655172413793,2.28115771058038,2.26420637995609,2.31952447745407,2.24358974358974,2.22705882352941,2.23176470588235,2.24352941176471,2.27179079357065,2.4263332575055,2.46271705822268,2.43427458617332,2.44488817891374,2.39406779661017,2.34973834257596,2.44171779141104,2.33333333333333,2.28289259607526,2.33500627352572,2.23610039717705,2.28720445062587,2.40833333333333,2.19706242350061,2.29963898916967,2.26614620298084,2.23721590909091,2.33203631647211,2.2976,2.37293065427981,2.42277633851468,2.39278044950437,2.39344262295082,2.40243902439024,2.45501955671447,2.3
"South Boston","Boston","MA","Boston","Suffolk",19,,,,,,,,,,,,,,,,,,,,,,,,,,,,,,,,,,,,,,,,,,,,,,,,,,,,,,,,2.81881515296041,2.84986263736264,2.77777777777778,2.77350427350427,2.8798411122145,2.95788962043215,3.06886898096305,3.09082277254583,3.09653916211293,3.1366028708134,3,3.05882352941176,2.89513656633222,2.93072824156306,2.94441095726468,3.01139601139601,3.12820512820513,3.01139601139601,3.10041407867495,3.12163978494624,3.28137817883511,3.12820512820513,3.20987654320988,3.15789473684211,3.03543743078627,3.07820299500832
"Capitol Hill","Seattle","WA","Seattle","King",20,,,,,,,,,,,,,,,,,,,,,,,,,,,,,,,,,2.2012987012987,2.15968528368794,2.072,2.07142857142857,2.14107142857143,2.18746575342466,2.15833333333333,2.15833333333333,2.17208358781956,2.1,2.19858156028369,2.33499205328086,2.34494705509198,2.36111111111111,2.27777777777778,2.29257641921397,2.2567703109328,2.27207792207792,2.30128205128205,2.26510067114094,2.41666666666667,2.4171270718232,2.49074074074074,2.51260504201681,2.45445205479452,2.37328042328042,2.39837398373984,2.1484375,2.17579908675799,2.14225589225589,2.18875,2.20044217687075,2.33116883116883,2.41063621601366,2.46210984393757,2.65332199708075,2.66783147890589,2.52311013967374,2.55586206896552,2.53096590909091,2.78388888888889,2.73387096774194,2.61590289143481,2.8046875,2.65151515151515,2.6974025974026,2.82963441287502,2.9541813430292,2.8169014084507
"Fort Hamilton","New York","NY","New York","Kings",21,,,,,,,,,,,,,,,,,,,,,,,,,,,,,,,,,,,,,,,,,,,,,,,,,,,,,,1.93122009569378,2.1875,2.19444444444444,2.13095238095238,2,2.02951388888889,2.07692307692308,2.06666666666667,2.1,2.17391304347826,2.18333333333333,2.03958333333333,2.1547619047619,2.23076923076923,2.34782608695652,2.16363636363636,1.96111111111111,2.28333333333333,2.04166666666667,2.23370689655172,2.42454954954955,2.41666666666667,2.41666666666667,2.33088235294118,2.27855603448276,2.26666666666667,2.27272727272727,2.27747252747253
"South End","Boston","MA","Boston","Suffolk",22,,,,,,,,,,,,,2.85760368663594,3.08631578947368,3.00920614265673,2.98532741187134,3.05263157894737,3.04373927958834,2.97638115134633,3.06864305610824,3.0904749846254,3.12094155844156,3.12094155844156,3,3.06406685236769,3.06406685236769,3.12510822510823,3.2042420944088,3.2162669447341,3.2,3.17647058823529,3.17647058823529,3.20754716981132,3.16666666666667,3.16666666666667,3.125,3.24675324675325,3.26315789473684,3.23606811145511,3.33333333333333,3.49794238683128,3.45141065830721,3.36661219269575,3.3741935483871,3.29250499417063,3.34987593052109,3.37768058690745,3.35714285714286,3.47560975609756,3.49825174825175,3.57203979586577,3.58649789029536,3.6,3.57894736842105,3.45730160118996,3.43682399213373,3.375,3.42857142857143,3.47957639939486,3.54838709677419,3.61732346241458,3.65384615384615,3.55769230769231,3.65686274509804,3.54342431761787,3.69230769230769,3.77777777777778,3.58620689655172,3.43354137771613,3.4,3.32179203539823,3.74161563137941,3.78947368421053,3.83074534161491,3.75838926174497,3.57142857142857,3.57142857142857,3.5593220338983,3.5,3.5,3.49094707520891
"Downtown","Jersey City","NJ","New York","Hudson",23,,,,,,,,,,,,,,,,,,,,,,,,,,,,,,,2.70100502512563,2.79422756410256,2.7906976744186,2.78850415984724,2.77777777777778,2.79642058165548,2.84605063291139,2.83020442219441,2.85057142857143,2.84210526315789,2.925,2.925,2.88986522198732,2.90865268739455,2.90416666666667,2.8125,2.87063953488372,2.86458333333333,2.86761143410853,2.73030303030303,2.72502250225023,2.83042748557479,2.98148648648649,2.9390200286123,2.97297297297297,2.69230769230769,2.72916666666667,2.89365310077519,2.96137339055794,2.99,2.97297297297297,2.96137339055794,2.99,2.97297297297297,2.84285589235694,2.86761143410853,2.99,2.99,2.90934684684685,2.89685822898032,2.96137339055794,2.87063953488372,2.995,2.96137339055794,2.91333030027298,2.99,3,3.09332260659694,3.20284683239775,3.05213903743315,3.01135293009233
"Neartown - Montrose","Houston","TX","Houston","Harris",24,,,,,,,,,,,,,,,,,,,,,,,,,,,,,,,,,,,,,,,,,,,,,,,,,,,,,,1.27589852008457,1.27906976744186,1.10116487455197,1.1875,1.07628676470588,1.23333333333333,1.24747216098433,1.25,1.27872549019608,1.28036111111111,1.2228792822186,1.34161988773055,1.34161988773055,1.32752525252525,1.275,1.25946704067321,1.35164835164835,1.33333333333333,1.33032258064516,1.325,1.22238869863014,1.27141976234522,1.29139072847682,1.22602739726027,1.25555555555556,1.24211356466877,1.31578947368421,1.14466911764706
"Financial District","New York","NY","New York","New York",25,,,,,,,,,,,,,,,,,,,,,,,,,,,,,,,,,,,,,,,,,,,4.78683620044877,4.83064516129032,4.76439572907277,4.76448644024839,4.83884943354361,4.83987315152595,4.85413290113452,4.86471185586758,4.94252776712354,4.94044947583481,4.9,4.94327390599676,4.9537750385208,5,4.95251968230847,4.92190152801358,4.77567298105683,4.75510204081633,4.7636476426799,4.8266866625456,4.93108470354814,4.95210936085461,4.87950245209976,4.92874109263658,4.90355329949239,4.91912277642135,4.91666666666667,4.76190476190476,4.91945597647466,4.80749280149051,4.8758865248227,4.77510917030568,4.87857142857143,4.99569707401033,5.05231689088191,5.11111111111111,5.21366459627329,5.14123164885374,5.072
"Briarwood","New York","NY","New York","Queens",26,,,,,,,,,,,,,,,,,,,,,,,,,,,,,,,,,,,,,,,,,,,,,,,,,,,,,,,,,,,,,,,,,,,,,2.33333333333333,2.29839285714286,2.21428571428571,2.42142857142857,2.13840996168582,2.30769230769231,2.42857142857143,2.35714285714286,2.32142857142857,2.35714285714286,2.37857142857143,2.35714285714286,2.42857142857143
"Flatiron District","New York","NY","New York","New York",27,,,,,,,,,,,,,,,,,,,,,,,,,,,,,,,,,,,,,,,,,,,6,6.10957642725598,6.096875,6.0126582278481,6.07681755829904,6.12845309381238,6.00373134328358,6.05648535564854,6.09223300970874,6.22568093385214,6.05601469237833,6.01006045720763,6.08695652173913,6.10799001248439,5.98656572164948,5.875,5.88333333333333,5.88194444444444,5.93993477996678,5.998,6.12096774193548,5.91516661735336,5.88512197434543,5.76923076923077,5.8695652173913,5.92351505288853,5.92351505288853,5.96175763910288,6.00746268656716,5.98290598290598,6.00373134328358,5.81491712707182,5.82837301587302,5.81666666666667,5.75,5.65097402597403,6.06373429084381,5.71428571428571,5.76450511945392
"Ravenswood","Chicago","IL","Chicago","Cook",28,,,,,,,,,,,,,,,,,,,,,,,,,,,,,,,,,,,,,,,,,,,,,,,,,,,,,,,1.62435297356828,1.74375,1.66666666666667,1.66666666666667,1.6,1.55833333333333,1.58333333333333,1.65,1.66666666666667,1.75,1.76111111111111,1.75625,1.6875,1.79,1.71875,1.73148148148148,1.6875,1.73611111111111,1.77222222222222,1.82159090909091,1.795,1.78571428571429,1.79,1.79,1.79,1.78099415204678,1.75
"West Town","Chicago","IL","Chicago","Cook",29,,,,,,,,,,,,,,,,,,,,,,,,,,,,,,,,,,,,,,,,,,,,,,,,,,,,,2.86423880286353,2.89110429447853,2.88440106810257,2.87396121883657,3.13750713165026,3.17546583850932,3.1689708141321,3.13588850174216,3.11306901615272,2.91105121293801,2.70513845100387,2.71451483560545,2.65042889405535,2.81553398058252,2.82918735434188,2.72550066104597,2.82863849765258,2.85964885026834,3.06169429097606,2.9810298102981,2.71451483560545,2.82208623911755,2.65042889405535,2.6629680998613,2.62989608313349,2.62989608313349,2.6389448441247,2.68831028204789,2.77006172839506
"Clinton Hill","New York","NY","New York","Kings",30,,,,,,,,,,,,,,,,,,,,,,,,,,,,,,,,,,,,,,,,,,,,,,,,,,,,,,3.00273224043716,3,3.23529411764706,3.27922077922078,3.23529411764706,3.125,3.09090909090909,3.15118317265557,3.125,3.125,3.0952380952381,3.10277777777778,3.20770833333333,3.23076923076923,3.10277777777778,3.09,3.2,2.95454545454545,3.10555555555556,3.15873015873016,3.18982630272953,3.22743922743923,3.19880204025365,3.3814181369335,3.4272268907563,3.375,3.32777777777778,3.26109649122807
"Flamingo Lummus","Miami Beach","FL","Miami-Fort Lauderdale","Miami-Dade",31,,,,,,,,,,2.04761904761905,2.25883603507839,2.25352112676056,2.02083333333333,2.01666666666667,2.10132890365449,2.16177272373238,2.0109126984127,2.2202380952381,2.54643763061359,2.61406844106464,2.47619047619048,2.05844155844156,2.05844155844156,2.11566617862372,2.02190395956192,2.23214285714286,2.25806451612903,2.47201492537313,2.33333333333333,2.27272727272727,2.53401771336554,2.51262626262626,2.5,2.45689655172414,2.49266601870221,2.45689655172414,2.46211251435132,2.48756218905473,2.46153846153846,2.46153846153846,2.54545454545455,2.50759878419453,2.57889953734303,2.60162601626016,2.61108785359727,2.57352941176471,2.61348005502063,2.65806047882434,2.61764705882353,2.56869772998805,2.57352941176471,2.57352941176471,2.53333333333333,2.56349206349206,2.65694457345311,2.61348005502063,2.57142857142857,2.55844155844156,2.61792883869913,2.57843137254902,2.58848795718109,2.64880706038157,2.68733850129199,2.61593341260404,2.615518744551,2.615518744551,2.57352941176471,2.65532803930233,2.59781983971689,2.77955871504259,2.75797872340426,2.55639097744361,2.51017639077341,2.54545454545455,2.53790945896209,2.64880706038157,2.63127607538484,2.63068181818182,2.61348005502063,2.61760145073129,2.65694457345311
"Kew Gardens","New York","NY","New York","Queens",32,,,,,,,,,,,,,,,,,,,,,,,,,,,,,,,,,,,,,,,,,,,,2.47191011235955,2.33766233766234,2.41666666666667,2.3474025974026,2.31176908965834,2.38021881287726,2.34970238095238,2.3452380952381,2.4314625649504,2.33549783549784,2.43835616438356,2.33766233766234,2.5,2.4025974025974,2.33333333333333,2.33333333333333,2.33333333333333,2.32291666666667,2.43055555555556,2.44897959183673,2.4928092042186,2.5,2.43242673057611,2.43625,2.55,2.4,2.4,2.4,2.40454545454545,2.22222222222222,2.25596389426177,2.30769230769231,2.32051282051282,2.41666666666667,2.3835,2.375,2.47718383311604,2.44805194805195
"Brickell","Miami","FL","Miami-Fort Lauderdale","Miami-Dade",33,,,,,,,,,,,,,,,,,,,,,,,,2.41128298453139,2.40148986771696,2.45310245310245,2.41128298453139,2.28616600790514,2.30434782608696,2.33050786415851,2.44771323197585,2.4390243902439,2.41758727989661,2.39575932825625,2.41651177199504,2.44857982370225,2.44318181818182,2.38532913165266,2.40384615384615,2.41128298453139,2.51889201381875,2.50711574952562,2.52025202520252,2.52002522066461,2.52034399625249,2.46093433730062,2.45810055865922,2.51612903225806,2.49835742444152,2.55068672334859,2.55068672334859,2.5,2.53764991918704,2.53333333333333,2.52688465031789,2.5,2.53980288097043,2.52408974690647,2.48138957816377,2.50111706881144,2.51257426480946,2.50637397296179,2.50783699059561,2.53164556962025,2.52444048681178,2.5035765379113,2.52034399625249,2.49110320284698,2.55068672334859,2.47368421052632,2.49307479224377,2.46652572233968,2.52249772999927,2.51572327044025,2.55952380952381,2.57104194857916,2.53313069908815,2.54596828609986,2.55453439389132,2.58620689655172,2.577065351418
"Back Bay","Boston","MA","Boston","Suffolk",34,,,,,,,,,,,,,3.64285714285714,3.81818181818182,3.8405748964003,3.85,3.98888888888889,3.92752203721841,3.70931952662722,3.75,3.81818181818182,3.91785714285714,3.87221684414327,3.92977314250914,3.8224761724868,3.99848024316109,4,3.9375,3.9,3.91666666666667,3.91666666666667,3.92498827941866,3.91666666666667,3.96474045053869,3.89334862385321,3.90909090909091,3.85,3.87619891576314,3.89007402987301,3.96164021164021,4.08653846153846,4.125,4.21598639455782,4.14801024428684,4.09545454545455,4.09545454545455,4.12844036697248,4.14787234042553,4.22421097413776,4.23281739909421,4.16666666666667,4.16666666666667,4.19047619047619,4.16666666666667,4.15833333333333,4.0125,4,4,4,4,4.14451827242525,4.15833333333333,4.21954992967651,4.21428571428571,4.34266409266409,4.16666666666667,4.18088737201365,4.22206703910615,4.13331117021277,4.25265957446809,4.13226744186047,4.34266409266409,4.125,4.2,4.25,4.2962962962963,4.3986013986014,4.44736262321974,4.42272528433946,4.375,4.30727818614763
"Near North","Chicago","IL","Chicago","Cook",35,2.04878048780488,2.09274611398964,2.08131067961165,2.14169570267131,2.19411764705882,2.25840647139685,2.25974025974026,2.23428571428571,2.23664285714286,2.27857142857143,2.33100233100233,2.239,2.21507132132132,2.21486486486487,2.28803716608595,2.39907407407407,2.45488505747126,2.46666666666667,2.49784296807593,2.53304510903503,2.53193960511034,2.46942615239887,2.47000719384649,2.46525482093664,2.5,2.47622641509434,2.47227036395147,2.52763385146805,2.55353119796258,2.60435606060606,2.61444444444444,2.60452830188679,2.55702479338843,2.49346517102012,2.41666666666667,2.48093480934809,2.47975018611961,2.53692495473837,2.55253267973856,2.56401384083045,2.65935820468839,2.69285714285714,2.82710511033682,2.6703125,2.59171428571429,2.60452830188679,2.66943693459499,2.68188679245283,2.43682310469314,2.61170651277824,2.61303630363036,2.55632984901278,2.65365853658537,2.68217171717172,2.6325342989387,2.5,2.61723163841808,2.75691056910569,2.66926677067083,2.51018138089989,2.52330773264847,2.48275862068966,2.49056603773585,2.50166666666667,2.57142857142857,2.6062641509434,2.58743597725623,2.76206896551724,2.47387914230019,2.76634213092579,2.55748299319728,2.53147333326366,2.50807353776263,2.55748299319728,2.6022641509434,2.76842739505925,2.68621212121212,2.60452830188679,2.69242424242424,2.62748212867355,2.5144804088586
"Columbus Circle","New York","NY","New York","New York",36,,,,,,,,,,,,,,,,,,,,,,,,,,,,,,,,,,,,,,,,,,,5.45949720670391,5.39286754002911,5.34194172095401,5.29126213592233,5.31696428571429,5.285,5.31753843269591,5.34545454545455,5.35608308605341,5.33333333333333,5.29365800865801,5.32438565927013,5.2415210688592,5.31155303030303,5.34615384615385,5.32142857142857,5.23076923076923,5.29630952380952,5.23439689806596,5.26290339157246,5.36875,5.32734274711168,5.28720626631854,5.375,5.32071428571429,5.30044910179641,5.3125,5.38976275676073,5.3125,5.32142857142857,5.40324058539607,5.37692307692308,5.38076923076923,5.42857142857143,5.50599201065246,5.50259875259875,5.44805423490051,5.40082079343365,5.22945618660351
"Sutton Place","New York","NY","New York","New York",37,,,,,,,,,,,,,,,,,,,,,,,,,,,,,,,,,,,,,,,,,,,4.50150182434193,4.52127659574468,4.43262411347518,4.3848489894652,4.33333333333333,4.46384906477452,4.39284218242748,4.43650793650794,4.4,4.42857142857143,4.52380952380952,4.58817829457364,4.61803713527851,4.57380952380952,4.58333333333333,4.55137362637363,4.66666666666667,4.59585373317013,4.59302325581395,4.66666666666667,4.78571428571429,4.64516129032258,4.77605321507761,4.50449446549291,4.63812260536398,4.61661789031683,4.56428571428571,4.54545454545455,4.78385994087214,4.44444444444444,4.47189097103918,4.48594548551959,4.51304347826087,4.47189097103918,4.51304347826087,4.398,4.58578431372549,4.49193548387097,4.49375
"Streeterville","Chicago","IL","Chicago","Cook",38,,,,,,,,,,,,,,,,,,,,,,,,,,,,,,,,,,,,,,,,,,,,,,,2.61865793780687,2.59863945578231,2.60431654676259,2.83521126760563,2.85892634207241,2.77734461709212,2.77734461709212,2.83333333333333,2.7713287250384,2.70688259109312,2.72358722358722,2.72162329309321,2.79274611398964,2.69883512544803,2.63939393939394,2.63252541047693,2.71980676328502,2.72177419354839,2.73,2.775,2.76960458547932,2.74301675977654,2.69285714285714,2.72727272727273,2.6922619047619,2.69285714285714,2.70416666666667,2.73,2.88980070339977,2.83333333333333,2.76130952380952,2.72727272727273,2.76902398676592,2.8937969924812,2.70316117280686
"Turtle Bay","New York","NY","New York","New York",39,,,,,,,,,,,,,,,,,,,,,,,,,,,,,,,,,,,,,,,,,,,4.96366532278135,5,5,5,5,5,4.99074074074074,5.0164113785558,5.08875,5.11596982483058,5,5.09090909090909,5.0775,5.20421607378129,5.12820512820513,5.13395550527903,5.09545454545455,5.11764705882353,5.0328227571116,5.13763197586727,5,5.06506578947368,5,5.06506578947368,5,5.23636363636364,5,5,5.05263157894737,5.10285256410256,5,4.94117647058824,4.93725490196078,4.85714285714286,4.89473684210526,5.08011029411765,5.33333333333333,4.89130434782609,4.92554410080183
"Midtown","New York","NY","New York","New York",40,,,,,,,,,,,,,,,,,,,,,,,,,,,,,,,,,,,,,,,,,,,5.38311688311688,5.43751943596201,5.39127744510978,5.39213649851632,5.55555555555556,5.52030456852792,5.44342085386809,5.45659865733436,5.5,5.54323725055432,5.6,5.50196850393701,5.5,5.46431168010115,5.45534407027818,5.46315789473684,5.46315789473684,5.46204769736842,5.45534407027818,5.52032520325203,5.57692307692308,5.64285714285714,5.72876447876448,5.495,5.43979057591623,5.44509413145637,5.26458616010855,5.12033710969881,5.19,5.16087630587868,5.33333333333333,5.353,5.50977814520173,5.31932692307692,5.45534407027818,5.45454545454545,5.50774526678141,5.4328067117019,5.4646019870739
"Charlestown","Boston","MA","Boston","Suffolk",41,,,,,,,,,,,,,,,,,,,,,,,,,,2.78418332653339,2.75453216374269,2.7796511627907,2.75362068965517,2.55329460269865,2.59303935139411,2.75724137931034,2.84499584717608,2.85714285714286,2.92397660818713,3.03846153846154,2.92280701754386,3.03846153846154,3.03846153846154,3.03846153846154,2.91232326863168,2.92280701754386,2.92280701754386,2.94736842105263,3.03846153846154,3.00251256281407,3,3,3,3,3,3,2.92307692307692,2.90797987059669,3.04804848135055,2.85714285714286,2.85481239804241,2.81481481481481,2.90460721924896,2.90201005025126,2.90011062495352,2.97545812583407,2.91717598549538,2.90211351938354,2.80085617574832,2.9598910452843,2.77176113360324,2.75,2.8,2.65867579908676,2.85481239804241,3.03846153846154,2.93960448957777,2.93960448957777,2.53333333333333,2.71428571428571,2.90797987059669,2.93960448957777,2.91987179487179,2.80240619902121,2.73684210526316
"Tribeca","New York","NY","New York","New York",42,,,,,,,,,,,,,,,,,,,,,,,,,,,,,,,,,,,,,,,,,,,5.276,5.2625,5.24583333333333,5.1955,5.29383912655971,5.35811688311688,5.52161862527716,5.595,5.6782334384858,5.3125,5.52095808383234,5.62358234253097,5.5252905946017,5.6,5.45021645021645,5.29383912655971,5.4605973865026,5.30330882352941,5.62015503875969,5.70012434374136,5.80803348325837,5.68922568911973,5.70116054158607,5.45861937452326,5.32666666666667,5.63924418604651,5.66916666666667,5.82125552757971,5.60473815461347,5.59333333333333,6.16075634891424,6.18401206636501,6.32928475033738,6.195,6.08690790093229,6.25,6.18863520566243,6.08272506082725,5.97609561752988
"Wynwood - Edgewater","Miami","FL","Miami-Fort Lauderdale","Miami-Dade",43,,,,,,,,,,,,,,,,,,,,,,,,,,2.16789667896679,2.14019851116625,2.23325062034739,2.40740740740741,2.26910828025478,2.20893195988073,2.22652468538238,2.19675262655205,2.2020725388601,2.23049252905368,2.25653206650831,2.21667562102285,2.19945454711019,2.19945454711019,2.2086606388143,2.31197553290679,2.25939642660528,2.26415094339623,2.28619813717189,2.28619813717189,2.28619813717189,2.21870047543582,2.28813559322034,2.32288037166086,2.32176777616155,2.32827236060699,2.34375,2.36907730673317,2.37946242326718,2.37797246558198,2.37359550561798,2.44519392917369,2.44519392917369,2.43320610687023,2.45795601552393,2.41928585256921,2.41545893719807,2.41545893719807,2.41671047032615,2.37812128418549,2.38549618320611,2.37916255520912,2.34269101397947,2.37359550561798,2.35507246376812,2.25653206650831,2.28380024360536,2.33778625954198,2.40963855421687,2.42486676168569,2.45183887915937,2.38749122183005,2.4069406338372,2.41545893719807,2.39172592113769,2.4375
"Battery Park","New York","NY","New York","New York",44,,,,,,,,,,,,,,,,,,,,,,,,,,,,,,,,,,,,,,,,,,,5.45596258768511,5.53463855421687,5.60302832827375,5.46163849154746,5.36732456140351,5.3,5.32734274711168,5.55632823365786,5.61660561660562,5.63869463869464,5.54892601431981,5.58659217877095,5.63636363636364,5.55882352941176,5.61097256857855,5.62700964630225,5.54864253393665,5.57954545454546,5.55751827358162,5.57142857142857,5.52512254901961,5.5365500463392,5.55882352941176,5.54864253393665,5.5,5.61097256857855,5.51041666666667,5.53846153846154,5.71142857142857,5.41071428571429,5.57981229875128,5.49129468177855,5.47581924577373,5.50089445438283,5.83333333333333,5.64338507021434,5.6241426611797,5.55911989535216,5.55882352941176
"Dupont Circle","Washington","DC","Washington","District of Columbia",45,,,,,,,,,,,,,,,,,,,,,,,,,,,,,,,,,,4.69230769230769,4.25024437927664,3.95,3.69,3.95278911564626,3.75,3.8125,3.98823529411765,4.68,4.59,4.68,4.56923076923077,4.68,4.47692307692308,4.32,4.47,4.27058823529412,4.34117647058824,4.51,4.52,4.51,4.55208333333333,4.69911858974359,4.76923076923077,4.84615384615385,4.96071428571429,4.82307692307692,4.88,5.16,5.35714285714286,5.41235294117647,5.52142857142857,5.46,5.5,5.3609243697479,5.41235294117647,5.5,5.48,5.41235294117647,4.88,4.875,4.75,4.75,5.14736842105263,5.2,4.815,5.13947368421053,5
"Lincoln Park","Chicago","IL","Chicago","Cook",46,,,,,,,,,,,,,,,,,,,,,,,,,,,,,,,,,,,,,,,,,2.46815286624204,2.68104395604396,2.9,2.6865671641791,2.36883942766296,2.26969696969697,2.11749788672866,2.11115807269653,2.07636287973367,2.11115807269653,1.87272727272727,2.09173497202884,2.21041666666667,2.29065588499551,2.18823529411765,1.97055555555556,1.9,1.98333333333333,1.95510204081633,1.99206349206349,2,2.07865168539326,2.06388888888889,2.1875,2.25636363636364,2.19,2.39242424242424,2.12907407407407,2.09173497202884,2.07265917602996,2.03333333333333,2.09090909090909,2.14814814814815,2.19,2.11111111111111,2.11240912933221,2.09786367478675,2.08478038815117,2.0625,2.08108108108108,2.06666666666667
"North Shore","Miami Beach","FL","Miami-Fort Lauderdale","Miami-Dade",47,,,,,,,,,,,,,,,,,,,,,,,,,,,,,,,,,,,,,,,,,,,,,,,,,,,,,,,,,,,,,,,,,,,2.45346869712352,2.65418475345071,2.38942621169311,2.3191094619666,2.66742338251986,2.38095238095238,2.15462610899873,2.25964447806354,2.27272727272727,2.24626245847176,2.1969696969697,2.29508196721311,2.38365493757094,2.35577145945058,2.40219629375429
"Carroll Gardens","New York","NY","New York","Kings",48,,,,,,,,,,,,,,,,,,,,,,,,,,,,,,,,,,,,,,,,,,,,,,,,,,,,,,3.375,3.16666666666667,3.375,3.45,3.44300144300144,3.5,3.4,3.42676767676768,3.3125,3.3125,3.5,3.45454545454545,3.35416666666667,3.38461538461538,3.2,3.09808612440191,3.35659529473962,3.06274509803922,3.30625,3.35416666666667,3.52941176470588,3.46153846153846,3.44761904761905,3.57142857142857,3.46666666666667,3.42857142857143,3.36842105263158,3.33333333333333
"Mid-Cambridge","Cambridge","MA","Boston","Middlesex",49,,,,,,,,,,,,,,,,,,,,,,,,,,,,2.87610619469027,2.9646017699115,3.06778309409888,3.01351351351351,3.11111111111111,3.27443609022556,2.85388127853881,2.90322580645161,2.81385281385281,2.80692640692641,2.84640171858217,2.88888888888889,3,3.26666666666667,3.25,3.06787330316742,3.08391608391608,3.05225806451613,2.93333333333333,2.8,2.93884892086331,3.07262569832402,3.07692307692308,2.92682926829268,2.96,3,2.90909090909091,3.13170204402516,2.90148976469731,2.91891891891892,2.78888888888889,2.76771732808375,2.85084245391705,3.02,3.13392857142857,3.06274509803922,3.09677419354839,3.23159784560144,3.05882352941176,3.01159951159951,2.88453661034306,3.07032967032967,2.81234968734969,2.95454545454545,2.91779279279279,2.89855072463768,3.0625,3.0625,3.2,3.41113105924596,3.28571428571429,3.17647058823529,3.12703176567657,3.11819852941176
"Downtown","Miami","FL","Miami-Fort Lauderdale","Miami-Dade",50,,,,,,,,,,,,,,,,,,,,,,,,,,,,2.09606986899563,2.16236722306525,2.2302648515925,2.31377241737652,2.33926128590971,2.30632347038941,2.28357118565077,2.34521575984991,2.30761632121166,2.34991470223325,2.36907730673317,2.37302248126561,2.37617813390269,2.38353196099675,2.39172047311582,2.40481927710843,2.42812585413285,2.46130299875607,2.39172047311582,2.35800638686131,2.33430656934307,2.38095238095238,2.38095238095238,2.32728380591299,2.4,2.41449669646327,2.38224217097457,2.45418848167539,2.45719050083376,2.40963855421687,2.44460380676749,2.40963855421687,2.40112994350282,2.42812585413285,2.43365944114074,2.42792109256449,2.40481927710843,2.43188585241063,2.42483026188167,2.41935483870968,2.4,2.39605355884426,2.44331010460043,2.36347517730496,2.34375,2.38738738738739,2.37176824322988,2.36794171220401,2.39130434782609,2.35148514851485,2.3863820438577,2.42382271468144,2.37148399612027,2.38964585560722
"Van Ness - Civic Center","San Francisco","CA","San Francisco","San Francisco",51,,,,,,,,,,,,,,,,,,,,,,,,,,,,,,,,,,,4.51879521750552,4.49494949494949,4.54136690647482,4.54136690647482,4.53701739153142,4.54136690647482,4.5644978862271,4.58762886597938,4.51815820071216,4.54136690647482,4.5644978862271,4.5644978862271,4.46969696969697,4.5644978862271,4.5644978862271,4.5644978862271,4.625,4.625,4.625,4.73347651775487,4.44444444444444,4.59027108210339,4.46969696969697,4.57059145691726,4.54136690647482,4.49494949494949,4.54136690647482,4.54136690647482,4.57059145691726,4.49494949494949,4.49494949494949,4.62782631038027,4.875,4.51815820071216,4.54136690647482,4.91468948107503,4.81347773766546,4.59981600735971,4.95010024594755,4.94269340974212,4.95010024594755,4.91468948107503,4.91468948107503,4.66034755134281,4.58135860979463,4.58135860979463,4.91468948107503
"SoHo","New York","NY","New York","New York",52,,,,,,,,,,,,,,,,,,,,,,,,,,,,,,,,,,,,,,,,,,,,,,,,,,,,,,,,,,,,,,,,,,,,,,5.4375,5.61111111111111,4.84285714285714,4.99545454545455,5.37920424403183,5.39,5.48275862068965,5.6,5.51181102362205,5.57546296296296,5.49258936355711,5.5
"The Loop","Chicago","IL","Chicago","Cook",53,,,2.11660329531052,2.13768115942029,2.20238682619958,2.26412709479175,2.26086956521739,2.24383561643836,2.26239316239316,2.29166666666667,2.25,2.30785562632696,2.24054025719877,2.2453781512605,2.29166666666667,2.57393798389369,2.39267676767677,2.45652173913043,2.48461538461538,2.68767123287671,2.70940170940171,2.63546160483175,2.57257041360061,2.60470085470085,2.65541740674956,2.66291532690247,2.63342696629213,2.69538461538462,2.71153846153846,2.73565891472868,2.78089743589744,2.73684126782077,2.63302752293578,2.61926605504587,2.67017636220058,2.69672131147541,2.57823129251701,2.60408607488047,2.60251572327044,2.58922960914918,2.71889400921659,2.78620689655172,2.76874072734814,2.9,2.96126126126126,2.82920521789562,2.80844645550528,2.74394022165113,2.58451748637649,2.79698216735254,2.81081081081081,2.79976442513614,2.90729490022173,2.89224137931034,2.94545439643302,2.90731707317073,2.85875277229556,2.93353028064993,2.87175572519084,2.76738410596026,2.66543209876543,2.77098614506927,2.90776699029126,3.04754440961338,3.06060606060606,3.06603773584906,3.03448275862069,3.30188679245283,2.77381201044386,2.77381201044386,2.85630153121319,2.77736263736264,2.83035714285714,2.80808080808081,2.85795019254069,2.74910714285714,2.78,2.74166195590729,2.72969374167776,2.9892413757687,2.95312857317092
"Murray Hill","New York","NY","New York","New York",54,,,,,,,,,,,,,,,,,,,,,,,,,,,,,,,,,,,,,,,,,,,,,,,,,,,,,,,,,,,,,,,,,,,,,,5.15430815430815,4.73372781065089,5.05555555555556,4.995,5.07142857142857,5.2,5.07092555331992,5.33333333333333,5.33333333333333,5.5,5.39860081479997,5.30693069306931
"Oceanfront","Miami Beach","FL","Miami-Fort Lauderdale","Miami-Dade",55,,,,,,,,,,,,,,,,,,,,,,,,,,,,,,,2.31788079470199,2.31025618682468,2.3780487804878,2.28942601067887,2.24236641221374,2.18470386686246,2.27272727272727,2.34151913192461,2.40740740740741,2.42718446601942,2.28219696969697,2.28219696969697,2.27038425492034,2.39937367596942,2.44757821901324,2.30347593582888,2.26969696969697,2.47191011235955,2.5,2.48091603053435,2.59770937723694,2.41779497098646,2.26441241685144,2.24213286713287,2.39937367596942,2.32683982683983,2.32683982683983,2.27272727272727,2.19512195121951,2.35224089635854,2.51646403242148,2.53091872791519,2.35294117647059,2.47349823321555,2.41779497098646,2.61363636363636,2.57220216606498,2.41779497098646,2.20338983050847,2.53101287010861,2.58064516129032,2.38095238095238,2.67525773195876,2.50142637916109,2.41779497098646,2.64204545454545,2.58536585365854,2.42840968061518,2.38393977415307,2.41779497098646,2.51431297709924
"North End","Boston","MA","Boston","Suffolk",56,,,,,,,,,,,,,,,3.2,3.20727848101266,3.29285714285714,3.34179357021997,3.37692307692308,3.18875,3.08869079557095,3.10053290083411,3,3,3,3.17155425219941,3.16233766233766,3.19279984721161,3.14285714285714,3.22222222222222,3.18181818181818,3.23611111111111,3.25657894736842,3.18627450980392,3.28571428571429,3.18091451292247,3.33333333333333,3.75482625482625,3.83204633204633,3.83204633204633,3.66537717601547,3.5,3.95418326693227,3.42857142857143,3.5,3.62116991643454,3.625,3.60555555555556,3.71428571428571,3.70714285714286,3.6,3.69849246231156,3.55555555555556,3.62010876774108,3.625,3.55555555555556,3.51470588235294,3.42857142857143,3.42857142857143,3.5,3.57142857142857,3.57142857142857,3.58308391899374,3.65217391304348,3.57142857142857,3.57142857142857,3.625,3.52777777777778,3.33333333333333,3.5241935483871,3.35416666666667,3.43409653465347,3.37980769230769,3.37019230769231,3.48913043478261,3.62116991643454,3.72077922077922,3.77777777777778,3.65108695652174,3.46666666666667,3.43614130434783
"River North","Chicago","IL","Chicago","Cook",57,,,,,,,,,,,,,,,,,,,,,,,,,,,,,,,,,,,,,,,,,,,,,2.77272727272727,2.96743063932449,2.87769784172662,2.86833200608871,2.90892364305428,2.88032786885246,2.8760907504363,2.93513513513514,3.1145584725537,3.059426910299,3.06364937466972,2.91573408209438,2.89541478333221,2.87812840043526,2.87812840043526,2.85565217391304,2.96296296296296,2.95923913043478,2.94905320108206,2.77922077922078,2.81007751937985,2.90451388888889,2.92576828740441,2.96617934517022,2.74571857908537,2.90451388888889,2.90277777777778,2.72292950264921,2.68402757023311,2.83139534883721,2.91495362679956,2.82953114547672,2.81007751937985,2.81007751937985,2.76667658213728,2.91580458316471,2.85271317829457
"West Loop Gate","Chicago","IL","Chicago","Cook",58,,,,,,,,,,,,,,,,,,,,,,,,,,,,,,,,,,,,,,,,,,,,,,,,,,,,,,,,,,,,,,,,,,,2.52406902815622,2.59090909090909,2.46666666666667,2.75102308085618,2.68900641025641,2.55655532586226,2.57860215053763,2.48410535876476,2.49455957244188,2.42882084890011,2.40781121786262,2.4613987284287,2.4066852367688,2.5875659428291,2.62280701754386
"New Eastside","Chicago","IL","Chicago","Cook",59,,,,,,,2.57132507903056,2.56815903775476,2.60576923076923,2.60576923076923,2.55342465753425,2.61320754716981,2.62382075471698,2.65346534653465,2.68322751322751,2.66666666666667,2.65346534653465,2.74004271615849,2.70695111794478,2.75247524752475,2.95373134328358,2.77583187390543,2.7041095890411,2.72829241828292,2.6500203445002,2.64520547945205,2.75943396226415,2.69719711570413,2.659697256386,2.74764150943396,2.74764150943396,2.91578947368421,2.75479452054795,2.75479452054795,2.76068376068376,2.84924242424242,2.88225806451613,2.94268476621418,2.91809775429326,2.90322580645161,2.86257668711656,2.85245901639344,3.05702479338843,3.06481481481481,2.92089552238806,2.88225806451613,2.83507164669955,2.79542984786283,2.85245901639344,3.0536231884058,2.87702265372168,2.73953855543173,2.69877408056042,2.58715596330275,2.85761865112406,2.91714836223507,3.01813433643646,3.03353455566151,3.01193633952255,2.89768076398363,2.89312406161375,2.67918311441668,2.65378421900161,2.62901287248418,2.60498331943286,2.6606375136729,2.84778029435321,2.75779816513761,2.70711275026344,2.74219345011424,2.83939393939394,2.62901287248418,2.67543810073199,2.6606375136729,2.63462374740026,2.65271317829457,2.61645120934112,2.61645120934112,2.61363636363636,2.67312262958281,2.6274595267746
"South Pointe","Miami Beach","FL","Miami-Fort Lauderdale","Miami-Dade",60,,,,,,,,,,,,,,,,,,,,,,,,,,,,,,,,,,,,,,,,,,,,,,,,,,,,,,,,,,,,,,,,,,4.28571428571429,4.08119658119658,3.82741823242867,3.51851851851852,3.96825396825397,4.08759124087591,4.05982905982906,4.13157402208497,4.01459854014599,4.1025641025641,4.08763897972531,4.26439232409382,4.31654676258993,4.28571428571429,4.03721379998752,4.28571428571429
"Fulton River District","Chicago","IL","Chicago","Cook",61,,,,,,,,,,,,,2.43178621659634,2.42334739803094,2.38044758539458,2.4692082111437,2.44444444444444,2.47020318391286,2.54755434782609,2.59137371637372,2.47025459973019,2.49085794655415,2.60416666666667,2.47119815668203,2.4849023154848,2.69580022701476,2.69069596762998,2.70531400966184,2.70714285714286,2.68242485017788,2.6375,2.58692810457516,2.57256642899785,2.60791366906475,2.58108108108108,2.61904761904762,2.66178428761651,2.63503649635036,2.62984218077475,2.6644083133365,2.80487804878049,2.69615832363213,2.70477815699659,2.8006589785832,2.85882352941176,2.87862295081967,2.85885486018642,2.7986901450293,2.84479865771812,2.75073037971585,2.72653902351611,2.72269624573379,2.65412246499734,2.67349427788918,2.73364485981308,2.69353265073569,2.64406779661017,2.62583195298353,2.61992945326279,2.52299368800721,2.54039031620553,2.38331454340473,2.6578734088006,2.66310794780546,2.66310794780546,2.65136655948553,2.66310794780546,2.7518115942029,2.6645056726094,2.68602732940808,2.91704725633718,2.66310794780546,2.57703647398911,2.59865809987977,2.65273311897106,2.65792053338826,2.66380681020743,2.66310794780546,2.66783371767465,2.67080745341615,2.65725870329379
