"RegionName","City","State","Metro","CountyName","SizeRank","2010-04","2010-05","2010-06","2010-07","2010-08","2010-09","2010-10","2010-11","2010-12","2011-01","2011-02","2011-03","2011-04","2011-05","2011-06","2011-07","2011-08","2011-09","2011-10","2011-11","2011-12","2012-01","2012-02","2012-03","2012-04","2012-05","2012-06","2012-07","2012-08","2012-09","2012-10","2012-11","2012-12","2013-01","2013-02","2013-03","2013-04","2013-05","2013-06","2013-07","2013-08","2013-09","2013-10","2013-11","2013-12","2014-01","2014-02","2014-03","2014-04","2014-05","2014-06","2014-07","2014-08","2014-09","2014-10","2014-11","2014-12","2015-01","2015-02","2015-03","2015-04","2015-05","2015-06","2015-07","2015-08","2015-09","2015-10","2015-11","2015-12","2016-01","2016-02","2016-03","2016-04","2016-05","2016-06","2016-07","2016-08","2016-09","2016-10","2016-11","2016-12","2017-01","2017-02","2017-03","2017-04","2017-05","2017-06","2017-07","2017-08","2017-09"
"Northeast Dallas","Dallas","TX","Dallas-Fort Worth","Dallas",1,,,,,,,,,,0.874764002517306,0.764720709820528,0.80954518669251,0.846740050804403,0.841779279279279,0.852116547553601,0.841350210970464,0.849184782608696,0.834542815674891,0.799598618669656,0.822090349631433,0.892983699503898,0.767134930248916,0.766326361596724,0.771938367629976,0.760172715868918,0.79393843891165,0.847553566538883,0.854391818238445,0.825726141078838,0.825209913140739,0.795908183632735,0.819672131147541,0.837653332452824,0.832692307692308,0.820744068209127,0.79433684549866,0.790945993423264,0.858255810093532,0.860244763169441,0.884303610906411,0.862815884476534,0.910722621548369,0.873362445414847,0.891940193921355,0.908383283383283,0.871733292480715,0.889248181083266,0.895378690629012,0.939518496770405,1.00190839694656,1.01039260969977,1.01570366467627,1.02678571428571,0.990752972258917,0.939069693061105,0.930372148859544,0.932400932400932,0.997474803679171,1.02657528321946,1.00739365675645,0.985975742610211,0.988313944306996,0.935619004227099,1.01974183750949,1.06655290102389,1.0263203379028,1.04407007150052,1.04942528735632,1.04875414641672,1.07402721755542,1.06022052586938,1.19096509240246,1.1186796783323,1.10773240660295,1.05082358390968,1.06604513828725,1.13422802019293,1.14550477307567,1.04257167680278,1.12298195631529,1.10061369509044,1.10022990123631,1.15434083601286,1.17782152230971,1.24448967140106,1.29450242973773,1.31909755924339,1.25383133846215,1.19558359621451,1.21307072515667
"Paradise","Las Vegas","NV","Las Vegas","Clark",2,,,,,,,,,,,,,,,,0.774793388429752,0.772607764877617,0.760634363762876,0.743871704453421,0.744047619047619,0.740866035182679,0.749293119698398,0.731638418079096,0.728058510638298,0.735667462871872,0.752436714708056,0.747663551401869,0.740693681098449,0.741950045455117,0.739938080495356,0.739592559787422,0.738396624472574,0.736531986531986,0.728951932453617,0.734779566130161,0.747653103081899,0.754005655042413,0.754005655042413,0.756302521008403,0.764627659574468,0.756302521008403,0.747181856482058,0.747643905470183,0.752299605781866,0.753367003367003,0.749318801089918,0.749318801089918,0.751406865405516,0.750724637681159,0.744416873449132,0.75693913929208,0.755336698869632,0.760724980089615,0.766270118964311,0.766270118964311,0.766340721162007,0.766270340656844,0.777649769585253,0.761770130163345,0.749138471177945,0.768321513002364,0.773471926083866,0.786878024085594,0.798319327731092,0.803848541278709,0.808525033829499,0.800865229395169,0.7996632996633,0.799375028827084,0.798095834078312,0.81453634085213,0.824175824175824,0.831916763784116,0.832530507385999,0.818452380952381,0.811505366395263,0.834938985228003,0.814793244030285,0.831404320987654,0.808297556787136,0.798319327731092,0.831686706230523,0.84913073611667,0.840250034440005,0.833333333333333,0.84573748308525,0.846394984326019,0.879043600562588,0.874737578726382,0.875486381322957
"Upper West Side","New York","NY","New York","New York",3,,,,,,,,,,,,,,,,,,,,,,,,,,,,,,,,,,,,,,,,,,,,,,,,,,,5.104,5.35607420706164,5.52832512315271,5.41146947018294,5.24893424608881,5.26951743648332,5.31440073989446,5.19067693474618,5.36238380469511,5.3645134670964,5.37555228276878,5.33333333333333,5.30901856763926,5.23076923076923,5.26630760023938,5.07400144147768,5.29020979020979,5.39587852494577,5.479145392698,5.43052236337633,5.37882622318631,5.29967948717949,5.2485384155043,5.11764705882353,4.98208333333333,4.72857142857143,4.76028616749215,5.15942028985507,5.21071428571429,5,4.9,4.83333333333333,5.23611111111111,5.06000171015562,5.11037037037037,4.91256157635468,4.73608250782065,4.75120878653977,4.98333333333333,4.96666666666667
"Sherman Oaks","Los Angeles","CA","Los Angeles-Long Beach-Anaheim","Los Angeles",4,,,,,,,,,,,,,,,,1.85693586517197,1.8413597733711,1.79310344827586,1.89167120304845,1.93628235335065,1.91748983149332,1.88529022436853,1.81203833418237,1.78926441351889,1.82967398536261,1.8506682161534,1.75,1.73333333333333,1.73984976009631,1.78125771654529,1.82967398536261,1.72158187599364,1.72158187599364,1.82589320021682,1.78457688808007,1.7477366856399,1.82967398536261,1.92852336774955,1.8320133388912,1.8869998503026,1.9,1.89871794871795,1.88380281690141,1.8463225264925,1.90243902439024,1.85048353771459,1.86022203632667,1.90135812291501,1.95979899497487,2.05761316872428,1.96029165435018,1.9502353732347,1.94510035419126,1.99346405228758,1.96591691679985,2.05298013245033,1.94359823399558,1.9205298013245,2.02947592840498,2.09580838323353,2.04151177199504,2.07064297800338,2.08823529411765,2.0332564858441,2.05399061032864,2.22410454985479,2.37206823027719,2.28739332494725,2.17146080090243,2.17146080090243,2.17951669348751,2.26917057902973,2.30797912005966,2.45559759685726,2.48831775700935,2.12765957446809,2.40826712019346,2.27631578947368,2.38797319199843,2.35452542497286,2.24284306753979,2.34614076844611,2.39885183160197,2.29121871663229,2.46816479400749,2.43506493506493,2.4390243902439,2.44547275596191,2.35355648535565,2.421875
"Sunrise Manor","Las Vegas","NV","Las Vegas","Clark",5,,,,,,,,,,,,,,,,0.694702766073727,0.683728036669213,0.689468404926681,0.687668772721959,0.673207036535859,0.67971023122776,0.669440599178579,0.677144718069599,0.670320404721754,0.679442508710801,0.688816855753647,0.695249130938586,0.686760778328882,0.676305970149254,0.676425635370986,0.670640834575261,0.670168577570257,0.667813587908405,0.667556742323097,0.674001924001924,0.676905186695552,0.675675675675676,0.668906536346976,0.669409124906507,0.667364807505221,0.675698560541914,0.675675675675676,0.672436874812299,0.664184691067562,0.66212578882986,0.668857754631058,0.665054413542926,0.67077239468876,0.66747572815534,0.666666666666667,0.666193927724647,0.664715719063545,0.687743360150296,0.693527080581242,0.678726640591047,0.676545300592718,0.684380032206119,0.677966101694915,0.687547746371276,0.685255920550038,0.686549171963821,0.674715909090909,0.678884001674012,0.702868852459016,0.706355699874697,0.703595052555274,0.704656862745098,0.692307692307692,0.687689217100982,0.692182410423453,0.707964601769911,0.719987220978374,0.701892258382643,0.734367781474962,0.72909085427706,0.712579617834395,0.735340729001585,0.725446428571429,0.725446428571429,0.724907063197026,0.731617647058823,0.745963970003586,0.765382719255357,0.776652075380652,0.791433891992551,0.775465955173594,0.782387807840785,0.792894935752079,0.807111111111111,0.796170163401942
"Spring Valley","Las Vegas","NV","Las Vegas","Clark",6,,,,,,,,,,0.721947194719472,0.74585635359116,0.722456351595424,0.721055901886485,0.745031727440053,0.73932789252469,0.726845451652897,0.7351890790904,0.742372881355932,0.74422621282677,0.736124794745484,0.724242424242424,0.730423832720284,0.724242424242424,0.72463768115942,0.724313979816231,0.72463768115942,0.728976234003656,0.720164609053498,0.721003134796238,0.720480320213476,0.72265625,0.723094170403587,0.719616669086685,0.717967599410898,0.71488645920942,0.719004495524304,0.728175891748806,0.730778689480987,0.727392977392977,0.731334149326805,0.729285428715766,0.725661966587556,0.73336262811976,0.728890854931514,0.723970944309927,0.726527570789866,0.731512220368398,0.73015873015873,0.732847299675176,0.742738589211618,0.74580484773151,0.747879193640709,0.74487895716946,0.735294117647059,0.729736070381232,0.73988272705409,0.744203440538519,0.740901213171577,0.745942571785268,0.755652070442646,0.772071054200797,0.77292817679558,0.774517679550675,0.766947055912914,0.765027322404372,0.76271186440678,0.753465943339361,0.765462339252909,0.783378746594005,0.783699059561129,0.812354817556378,0.817685807376904,0.8193315266486,0.816326530612245,0.820120284308365,0.816326530612245,0.82267059577578,0.820748522652659,0.811798147725076,0.798852929127407,0.805,0.816543104365204,0.808025626694558,0.837081459270365,0.862422997946612,0.861126298523784,0.870477603460005,0.87026792155763,0.861741180344292,0.851636037651277
"Far North","Dallas","TX","Dallas-Fort Worth","Dallas",7,,,,,,,,,,,0.904799370574351,0.796178343949045,0.835131885728246,0.829445308449974,0.868580060422961,0.910766961651917,0.90217619493566,0.913571428571429,0.874285714285714,0.879755434782609,0.873836940902618,0.878741366078281,0.855479452054794,0.874716981132076,0.881090008257638,0.909189980481457,0.927492447129909,0.920257234726688,0.927205450081267,0.930289641629848,0.884815883879334,0.867184761847266,0.902334152334152,0.950133680222521,0.932765151515151,0.960429305982534,0.979827267270411,0.983493810178817,0.966792452830189,0.958219178082192,0.944560218161097,0.920714285714286,0.920323071306887,0.960725075528701,0.992857142857143,0.981646592062588,1.01572024884249,1.00157944714116,1.00439422473321,0.998832849678891,0.975383186251742,0.990990990990991,1.00225225225225,1.00822122571001,1.03262288863155,0.980029585798817,1.00575746671465,1.00154083204931,1,1.00667419267284,0.980885311871227,0.989766081871345,0.995879120879121,0.967741935483871,0.983899821109123,0.980029585798817,0.997268178725862,1.03291139240506,1.04935298785326,1.08040201005025,1.06652046783626,1.0518102372035,1.03782287822878,1.05748373101952,1.01476014760148,1.04213663005467,1.04166666666667,1.06412502550364,1.04761904761905,1.03291139240506,1.06366473011878,1.07231742146063,1.08025897499582,1.10424469413233,1.10483042137718,1.10852000554771,1.12462908011869,1.12836723474437,1.11907730673317,1.09633350314376
"East Side","El Paso","TX","El Paso","El Paso",8,,,,,,,,,,,,,,0.755026420224079,0.77210621294148,0.749131910385687,0.756143667296786,0.748502994011976,0.770191507077435,0.778102664067576,0.776478232618584,0.773014757554462,0.761421319796954,0.768292682926829,0.791208791208791,0.783066032431238,0.784077201447527,0.776880049720323,0.787810055431636,0.781155503195568,0.76219512195122,0.742111312343271,0.73471908297865,0.738924183665963,0.743284062200882,0.741442674375692,0.739034342223784,0.750428816466552,0.754584780276167,0.757575757575758,0.749464668094218,0.742649866361207,0.735430157261795,0.738585496866607,0.738592684207228,0.735430157261795,0.733418367346939,0.734463244890066,0.733496332518337,0.755555555555556,0.745648461813875,0.747581354441513,0.74468085106383,0.766871165644172,0.752895752895753,0.745212323064113,0.739587913083187,0.727252201801264,0.744714331355885,0.749735383663955,0.753778361504492,0.746975627112613,0.755450067571446,0.743136502383035,0.747658145165571,0.755590534085975,0.770745977753964,0.755762633846469,0.761054421768708,0.756400310318076,0.745290423861853,0.744925112813861,0.764462809917355,0.752009872440682,0.746872387322338,0.763591936469151,0.734753857457752,0.730912589863001,0.722299812518965,0.719106808721885,0.773615635179153,0.74002574002574,0.742942050520059,0.732468864381966,0.745682888540031,0.752427184466019,0.719658383254985,0.73542600896861,0.735865256125392,0.736040609137056
"Southeast Dallas","Dallas","TX","Dallas-Fort Worth","Dallas",9,,,,,,,,,,,0.693802035152636,0.74364673894041,0.684956482207271,0.6681767812289,0.651135805774981,0.660951327433628,0.638457686529795,0.653542041574601,0.706174591909155,0.710702341137124,0.686206896551724,0.707253962621244,0.714285714285714,0.715333822450477,0.729182879377432,0.728013977868375,0.710284642485145,0.710445468509985,0.7192618195063,0.738187776348431,0.707269155206287,0.726604013859802,0.713589384902334,0.707269155206287,0.707269155206287,0.699523876934031,0.721442885771543,0.727936484013856,0.697955890263583,0.703275529865125,0.715827338129496,0.708780789374974,0.704887256960058,0.700932953826692,0.675828774393729,0.692997685185185,0.716434300993125,0.727149952976485,0.725415046661426,0.745988728705424,0.742350670739562,0.733604218559802,0.741213663848423,0.74812030075188,0.742249748798017,0.76106258134251,0.753110674525213,0.752292151052655,0.777964676198486,0.745967741935484,0.728508445106806,0.749211356466877,0.722727272727273,0.737847222222222,0.712373279522689,0.744315320379935,0.78125,0.795107120210164,0.801809210526316,0.803865131578947,0.801809210526316,0.801809210526316,0.782414307004471,0.783582089552239,0.807916937053861,0.788261160500908,0.810703470475323,0.812291675562866,0.774754346182918,0.797966401414677,0.80842980184721,0.852998969616459,0.857339247394237,0.863715277777778,0.882407407407407,0.870799824366796,0.868680999418943,0.889756944444444,0.889756944444444,0.899122807017544
"North Scottsdale","Scottsdale","AZ","Phoenix","Maricopa",10,,,,,,,,,,,,,,1.24411647118805,1.16375545851528,1.07628270633357,1.07705053852527,1.07663628831814,1.08374785413368,0.98730414797463,0.98730414797463,1.0221465076661,0.996739358062369,1.01366901724795,0.994827391696751,1.02768409913439,1.00262597975216,0.971615720524017,1.01555061885116,0.996928501418565,1.00436681222707,0.944846292947559,0.975743903305753,0.997215592680986,0.998408910103421,1.01979456879597,1.02891310024776,1.0485602995218,1.02431124723916,1.02125919869174,1.05353075170843,1.06275902901125,1.11942075616179,1.09520123839009,1.08218125960061,1.09261940649837,1.09625934741142,1.111253237179,1.14296636085627,1.15089157060519,1.14260869565217,1.14427860696517,1.16943359375,1.17051969143048,1.10951008645533,1.10967184801382,1.18818380743982,1.10959096723457,1.16889312977099,1.23089288774721,1.24968890836254,1.17058550325113,1.17160578911096,1.14372855508959,1.16949940557065,1.17160578911096,1.16943359375,1.25187781672509,1.24417201285188,1.23957737564836,1.17717357910906,1.18590461378953,1.17434715821813,1.21360470238251,1.22998219220359,1.21157383317049,1.17160578911096,1.18869937361486,1.21919078460097,1.18602761982128,1.22664500406174,1.17160578911096,1.2548718768988,1.26740391396466,1.22756933115824,1.23194748358862,1.30234169827838,1.30203784570597,1.25238818372486,1.2253829321663
"Enterprise","Las Vegas","NV","Las Vegas","Clark",11,0.68753220946072,0.68753220946072,0.692781086348246,0.707547169811321,0.737313559573899,0.737240075614367,0.710732054015636,0.710900473933649,0.718191033208346,0.715174129353234,0.710335601044329,0.714751958224543,0.71405561594755,0.723327305605787,0.718407386035776,0.720164609053498,0.711696872942293,0.711382113821138,0.705639270250235,0.700378583017848,0.690851735015773,0.695797437699308,0.696767001114827,0.707197752332523,0.703052301529482,0.69815936248747,0.689819219790676,0.692396556785031,0.690317833486438,0.68821065230401,0.690180393683871,0.695239821835464,0.692520775623269,0.693069306930693,0.697450697450697,0.696101829753381,0.693448110951698,0.695936416477395,0.688816855753647,0.697269029633934,0.696969696969697,0.693188667872212,0.693188667872212,0.693188667872212,0.694407208817396,0.696969696969697,0.687635511123928,0.695652173913043,0.700070077084793,0.708185053380783,0.711382113821138,0.709677419354839,0.704225352112676,0.698421975452951,0.689448441247002,0.689287773456579,0.690700808625337,0.694125891946993,0.707130229817325,0.711388732492648,0.732142857142857,0.737340011129661,0.734486539523809,0.730337078651685,0.723830734966592,0.717375630857967,0.715151515151515,0.73343449671219,0.726095716642368,0.730721393034826,0.731184801633163,0.742242645861627,0.745257452574526,0.740099988902768,0.760603505018924,0.743135011441648,0.753833950290851,0.751116865119163,0.748033216472665,0.748454279205988,0.749001331557923,0.77205408886027,0.765807639935899,0.783564414921481,0.784848484848485,0.794719827586207,0.78847199564981,0.803697700224103,0.802310654685494,0.78847199564981
"East Memphis-Colonial-Yorkshire","Memphis","TN","Memphis","Shelby",12,,,,,,,,,,,,,,,0.725806451612903,0.697815533980582,0.711630981276006,0.724522292993631,0.724522292993631,0.709320747365364,0.694212576516416,0.731428571428571,0.735694822888283,0.735694822888283,0.76,0.76,0.734789915966387,0.754285714285714,0.790267823462844,0.725446428571429,0.73388909704009,0.728965252502275,0.701645435244161,0.682617702421349,0.669349737967592,0.701198026779422,0.714285714285714,0.715144230769231,0.715144230769231,0.704226847116811,0.715219507788662,0.705252918287938,0.700934579439252,0.709588252823248,0.705252918287938,0.705020076165245,0.6875,0.685845383759733,0.685483870967742,0.695600837472003,0.687829461251903,0.680262850921534,0.692274305555556,0.694444444444444,0.681372549019608,0.705996131528046,0.686244692950959,0.699765441751368,0.697104943097906,0.68104038329911,0.685901860664268,0.699765441751368,0.693606755126659,0.685261707988981,0.695825049701789,0.687075979877569,0.690982315891473,0.698828753406218,0.714586086747567,0.722222222222222,0.671511543587481,0.678733031674208,0.712489522212909,0.757529786717604,0.699964827867584,0.722060957910015,0.720747889022919,0.732815598149372,0.698245614035088,0.728599867285999,0.728155339805825,0.696685052346664,0.730536217408804,0.718167701863354,0.718167701863354,0.78125,0.779857397504456,0.781696428571429,0.710699375810636,0.7306563821331
"Alief","Houston","TX","Houston","Harris",13,,,,,,,,,,,,,,,,,,,,,,,,,,,,,,,0.653645833333333,0.673643410852713,0.681120482651763,0.673652694610778,0.684194385047409,0.694952822515048,0.697554956264723,0.763209219858156,0.767927724449464,0.735601833399761,0.747282608695652,0.734011502610957,0.74006734006734,0.74006734006734,0.731850117096019,0.682210708117444,0.713830707123768,0.71944611679711,0.723065798987708,0.704639115539299,0.719424460431655,0.712242869632636,0.737065221868828,0.738584038584039,0.737100737100737,0.734024179620035,0.72992700729927,0.704225352112676,0.724646574576612,0.744934445768772,0.757575757575758,0.745368790677102,0.767369477911647,0.75354609929078,0.75354609929078,0.749387380028589,0.778038755137992,0.752007571221375,0.757150869321368,0.766666666666667,0.785182234362749,0.785083415112856,0.778243516452872,0.766666666666667,0.767754318618042,0.779376498800959,0.776119402985075,0.766875871687587,0.803571428571429,0.782122905027933,0.766666666666667,0.765236976106541,0.77007700770077,0.793710462287105,0.796666666666667,0.788954635108481,0.796666666666667,0.793657074340528,0.79923273657289,0.796624478949267
"Bullard","Fresno","CA","Fresno","Fresno",14,,,,,,,,,,,,,,,,,,,,,,0.800107886624015,0.798263193052772,0.798263193052772,0.84055645680138,0.822454308093995,0.833333333333333,0.838856911743078,0.834495583449558,0.859061570208273,0.828025477707006,0.824472463041058,0.822953736654804,0.822953736654804,0.819672131147541,0.83067940552017,0.820243624684913,0.816455048126152,0.816455048126152,0.819344524380496,0.827586206896552,0.809114927344782,0.802742049304227,0.801173607425438,0.811594202898551,0.837911952779144,0.839927360464072,0.821100917431193,0.827129859387924,0.818611306996354,0.813858075940462,0.821439005197363,0.822953736654804,0.81799591002045,0.813121609403255,0.823997598012311,0.830208841653115,0.838341346153846,0.825473418486572,0.826686070904133,0.825598745501353,0.837800448257207,0.824386503067485,0.822953736654804,0.841025641025641,0.857304336139617,0.857597610283025,0.838341346153846,0.845875478043865,0.849928876244666,0.849556829426681,0.833333333333333,0.83859649122807,0.841239173884077,0.824472463041058,0.824472463041058,0.852268098083567,0.83859649122807,0.845588235294118,0.841701249368728,0.870513510084874,0.881642512077295,1.01162728600763,1.04364326375712,1.03036175710594,1.0094203445478,1.00890961318049,0.992545550393727,1,0.985828712261245
"Northeast","El Paso","TX","El Paso","El Paso",15,,,,,,,,,,,,,,,0.695190346605721,0.70999453850355,0.69593147751606,0.738597732459153,0.762830210636565,0.760678759508485,0.74212271973466,0.773889636608345,0.768321513002364,0.752688172043011,0.740119814020029,0.751072961373391,0.737654320987654,0.727969348659004,0.746928024345647,0.761070110701107,0.740940111674756,0.73700543056633,0.728527607361963,0.72,0.744908896034298,0.751072961373391,0.733985765124555,0.724020442930153,0.715563506261181,0.719044975013881,0.717951882319621,0.716981132075472,0.710822568888383,0.71685878962536,0.734007843703817,0.733947425123896,0.740740740740741,0.732600732600733,0.731574228627811,0.717821782178218,0.724673461557709,0.725165562913907,0.725165562913907,0.749928971203575,0.745,0.74510363333539,0.739320920043812,0.714285714285714,0.709517837235229,0.693962526023595,0.710681244743482,0.715215773809524,0.713775874375446,0.713302135716936,0.720366732154551,0.725306078321243,0.715335252618802,0.708473456751057,0.708333333333333,0.72080083867812,0.723050016073549,0.730285040629868,0.738289539178958,0.705282112845138,0.717547292889759,0.727969348659004,0.706033376123235,0.72617548705035,0.700757575757576,0.701666844084877,0.700704225352113,0.702606835060964,0.707490851539954,0.700757575757576,0.707971740097908,0.725094577553594,0.724299065420561,0.728660652324775,0.724976613657624,0.71488645920942
"West San Jose","San Jose","CA","San Jose","Santa Clara",16,,,,,,,,,,,,,,,,,,,,,,,,,,,,,,,,,,,,,,,,,,,,,,,,,,,,,,,,,,,,,2.16276195982078,2.28341772151899,2.54384630981346,2.63377926421405,2.48068432671082,2.48481501932634,2.4375380865326,2.31831050108245,2.41565881604074,2.38516973631388,2.47833458929917,2.5599481529488,2.47358614115494,2.44758058185358,2.43747621110105,2.60869565217391,2.44915687046628,2.48398711755233,2.42181004149555,2.3981077147016,2.3209549071618,2.4067729686049,2.3469387755102,2.57323966408269,2.66571671113267,2.63181818181818,2.65590103294249,2.63157894736842,2.56237356709373,2.6032972363709
"White Haven-Coro Lake","Memphis","TN","Memphis","Shelby",17,,,,,,,,,,,,,,,,,,,,,,,,,,,,,,,,,0.609044715447154,0.594987440898345,0.609756097560976,0.611975410017976,0.600309042185339,0.608735194585448,0.61576354679803,0.639578630549285,0.639578630549285,0.634487553092204,0.5981703026038,0.599642935601056,0.60594382766112,0.613834093755591,0.620860927152318,0.620155204389481,0.619834710743802,0.634249471458774,0.631041476194554,0.6234335839599,0.624461082065732,0.61787072243346,0.626022222020894,0.632969034608379,0.634966616071267,0.626753189707129,0.62565249813572,0.602814176451373,0.60510795324484,0.61025641025641,0.62117015463294,0.632267335208512,0.629746835443038,0.618006033249415,0.610589798763311,0.619254397288477,0.603734183180565,0.61025641025641,0.620722786330385,0.627123142250531,0.623293903548681,0.630190938051661,0.641458474004051,0.604670558798999,0.613854595336077,0.633451266341632,0.600972362588431,0.629759812536614,0.639810426540284,0.631521557661004,0.644490498263287,0.623844731977819,0.621375310687655,0.630782169890664,0.620683429733431,0.616598480420807,0.624159192825112,0.634328358208955
"East","Arlington","TX","Dallas-Fort Worth","Tarrant",18,,,,,,,,,,,,,,,,0.759695715869496,0.728987993138937,0.690362269309638,0.706168449312468,0.693624557260921,0.676070038910506,0.680810639645345,0.706039076376554,0.705882352941177,0.731226199543031,0.705028933016943,0.697969543147208,0.700840628913024,0.703363914373089,0.699503311258278,0.680757307195266,0.693717277486911,0.705882352941177,0.725593667546174,0.745501285347044,0.741634434722451,0.732126696832579,0.745007695965058,0.7502679528403,0.761016606344475,0.738324175824176,0.722727272727273,0.746799431009957,0.779780564263323,0.7616930171278,0.76530612244898,0.764388489208633,0.772026892003633,0.770967741935484,0.789097614905031,0.792988313856427,0.770765418293469,0.823742047426258,0.797365360353257,0.788496343941648,0.813843822522704,0.810087611758371,0.829694323144105,0.799851545264389,0.853658536585366,0.808457243239852,0.828206949931841,0.836236933797909,0.835193452380952,0.885410134202935,0.859610873113015,0.834938985228003,0.86741701428302,0.90953503470159,0.839982662927066,0.822481151473612,0.803571428571429,0.846817798174817,0.878477306002928,0.86283185840708,0.852878464818763,0.856386620879976,0.842293906810036,0.861215356137637,0.868620520695775,0.867577705571502,0.916320885200553,0.886099557795782,0.927608936796041,0.912101605092653,0.956138591800357,0.946023533939451,0.958149335122075,0.959281247167588,0.963541666666667
"Northwest","El Paso","TX","El Paso","El Paso",19,,,,,,,,,,,,0.811437403400309,0.811608460403345,0.811608460403345,0.830397584297937,0.847152126892574,0.79066265060241,0.757818765036087,0.752143577019282,0.798330863019317,0.769680624830839,0.763358778625954,0.772889690550747,0.766157922016454,0.788461538461538,0.78125,0.772217230928866,0.773557328564551,0.782013685239492,0.765511684125705,0.76183826819038,0.765511684125705,0.786791321714935,0.782861409100332,0.780608383212695,0.76879271070615,0.736887732986563,0.738216922203294,0.754310344827586,0.751567858418632,0.772727272727273,0.772727272727273,0.758575197889182,0.748881524225411,0.762420068863748,0.73536645351697,0.730769230769231,0.731953530340627,0.734157650695518,0.74974924774323,0.755456071628428,0.748368599775229,0.753943119721808,0.770967741935484,0.755291255255823,0.75566248844945,0.73463716442953,0.735138477603863,0.753121983590734,0.772973904777207,0.789025380681931,0.782312925170068,0.76879271070615,0.752577319587629,0.760228136882129,0.746753246753247,0.748502994011976,0.73489932885906,0.735502664061477,0.756773170307979,0.755667506297229,0.771971768655308,0.751272585249728,0.761809579844124,0.768902178556173,0.761420365692289,0.729649031571768,0.766964750480272,0.756249838143004,0.776254537338729,0.75187969924812,0.74426240578022,0.751296155672643,0.758575197889182,0.76408660184743,0.763036809815951,0.748502994011976,0.765606595995289,0.756081525312295,0.751633986928105
"Southeast","Arlington","TX","Dallas-Fort Worth","Tarrant",20,,,,,,,,,,,0.706554419723392,0.744252873563218,0.742205677059097,0.751850871670407,0.721463022508039,0.731364333538218,0.736519024554134,0.716112531969309,0.72304388237945,0.722916666666667,0.711500974658869,0.73418846248842,0.736767207355443,0.75532342170317,0.757287705956908,0.731005079850797,0.769472361809045,0.761977573904179,0.770598695909899,0.765136393878909,0.76094738098079,0.753160579240422,0.761396812845934,0.802752259381595,0.795228628230616,0.766412646125099,0.764505610609152,0.780346820809249,0.778715120051914,0.779650812763396,0.781117381339011,0.783801436969301,0.784324960908893,0.785509325681492,0.788436268068331,0.78266104756171,0.790754257907543,0.801024140453548,0.802013422818792,0.809859154929577,0.780414231998164,0.799426934097421,0.804195804195804,0.794419134396355,0.802185163887292,0.794419134396355,0.811068702290076,0.818400202153894,0.818673883626522,0.819672131147541,0.820793433652531,0.830618892508143,0.849590937696665,0.829951043884876,0.821748709070904,0.822928490351873,0.823045267489712,0.804948216340621,0.825892857142857,0.845562086257467,0.87507292882147,0.866336633663366,0.873570520965693,0.858979100604488,0.871394230769231,0.893426930440332,0.868173941007799,0.882957987402364,0.858007392063685,0.881877576076471,0.854079970808482,0.900581395348837,0.904861932452855,0.917621776504298,0.917621776504298,0.912652981310396,0.925925925925926,0.916666666666667,0.916146932849776,0.923856817711566
"Logan Square","Chicago","IL","Chicago","Cook",21,,,,,,,,,,,,,,,,,,,,,,,,,,,,,1.03125,1.21428571428571,1.22692307692308,1.11111111111111,1.17424242424242,1.16666666666667,1.21455938697318,1.21945010183299,1.20344827586207,1.25,1.26666666666667,1.35813953488372,1.31666666666667,1.3125,1.28571428571429,1.25,1.33333333333333,1.41176470588235,1.38998211091234,1.375,1.34980620155039,1.36627906976744,1.3,1.34057971014493,1.38799283154122,1.38461538461538,1.34384236453202,1.21875,1.27586206896552,1.33333333333333,1.33333333333333,1.31818181818182,1.40882352941176,1.39285714285714,1.42142857142857,1.44,1.33928571428571,1.33055555555556,1.3,1.33558558558559,1.33333333333333,1.40540540540541,1.36974921630094,1.42708333333333,1.5,1.42857142857143,1.5,1.54951298701299,1.46153846153846,1.35,1.48542950620102,1.44444444444444,1.40909090909091,1.38675213675214,1.46596638655462,1.46764705882353,1.45643939393939,1.48222437799589,1.52631578947368,1.53397435897436,1.49725822532403,1.4
"Sheepshead Bay","New York","NY","New York","Kings",22,,,,,,,,,,,,,,,,,,,,,,,,,,,,,,,,,,,,,,,,,,,,,,,,,,,,,,,,,,,,,,,,,,,,,,,,,,,,,,,1.83333333333333,1.75,1.76923076923077,1.76969696969697,1.81818181818182,1.81818181818182,1.81818181818182,1.81818181818182,1.81818181818182,1.86666666666667,1.90909090909091,1.90909090909091
"West","Arlington","TX","Dallas-Fort Worth","Tarrant",23,,,,,,,,,,,,,,,0.738289205702648,0.761566777325137,0.723742745394903,0.715262436620538,0.744356526981379,0.736666666666667,0.736666666666667,0.779806035113793,0.746111452711166,0.812567713976165,0.796974248737986,0.765681032489771,0.766907854284204,0.761351052048726,0.760626398210291,0.751653638003608,0.751653638003608,0.749105400130124,0.758251561106155,0.767620376831821,0.749932219131928,0.751653638003608,0.770020533880904,0.786701777485188,0.803534613556883,0.804758572428272,0.785509325681492,0.770670349467248,0.748210800260247,0.759078884078884,0.765917317032554,0.772807814629714,0.751653638003608,0.759694850603941,0.764142335766423,0.76530612244898,0.76530612244898,0.769669327251995,0.79225715256376,0.803571428571429,0.805970149253731,0.769653555568719,0.81511839708561,0.815696649029982,0.816582914572864,0.827814569536424,0.844284689619197,0.86459860019813,0.814535942728852,0.848186922349943,0.876256281407035,0.847256118493736,0.847256118493736,0.846354166666667,0.867861142217245,0.85014137606032,0.873015873015873,0.863664404688464,0.846520839087562,0.815407523057796,0.914994096812279,0.899874762480567,0.853397538790797,0.85928121434595,0.868879448340448,0.84533500313087,0.881982515928286,0.884241206821852,0.869009769966644,0.869009769966644,0.913304252998909,0.929944203347799,0.908767761911415,0.950248725236942,0.957972805933251,0.954250483360072
"Cordova-Appling","Memphis","TN","Memphis","Shelby",24,,,,,,,,,,,,,,,,0.701515729631053,0.740873299928418,0.73828125,0.774385703648548,0.788655788655789,0.772727272727273,0.777472435015628,0.763003725855476,0.778108711839166,0.785714285714286,0.781831720029784,0.754054972804973,0.766871165644172,0.756013745704467,0.75204765450484,0.741958391564691,0.763478116656965,0.77003775851712,0.741102437086571,0.744222315393607,0.766025641025641,0.745106815524277,0.74289027833804,0.759935389086813,0.75787255354964,0.738572254176184,0.765582527937179,0.749674054758801,0.747243437772947,0.727969287131278,0.732125464289178,0.733270311635863,0.740605295767448,0.744622173193602,0.73731562523903,0.741983226138156,0.747635933806147,0.747238466536712,0.756046386530045,0.75354609929078,0.753691909294513,0.75332866152768,0.73963762720278,0.756013745704467,0.75871192426015,0.762166317403383,0.769558594338695,0.768049608218013,0.771704180064309,0.765239948119325,0.761266747868453,0.76948383807961,0.767164608245291,0.771062486071758,0.772621400338792,0.76312685464546,0.755977496483826,0.761146496815287,0.757935147775947,0.776230527055803,0.788067892725978,0.7591782178131,0.802485543820479,0.761303191489362,0.744697320539581,0.759803921568627,0.767271787468508,0.768716577540107,0.779095417625675,0.784730587136462,0.778251599147121,0.797439335887612,0.802254826005552,0.786403588256615,0.789001793185894
"Eldridge - West Oaks","Houston","TX","Houston","Harris",25,,,,,,,,,,,,,,,,,,,,,,,,,,,,,,,,,,,,,,1.17721518987342,1.02117486338798,1.11245421245421,0.959372179721151,1.10039859027201,1.12564671101256,1.13334071907822,0.949428472462764,0.949428472462764,0.949428472462764,0.956692442434232,0.968768074031232,1.03878277439996,1.09261186264308,1.09195500407475,1.11984383968118,1.01775159548355,1.05085348506401,1.04855516283924,1.05874316939891,1.04539053909887,1.05874316939891,1.07194517151123,1.08106318503689,1.09529039791419,1.0533542565712,1.07301364810033,1.05616389968209,1.0413694721826,1.03092783505155,1.04,1.02040816326531,1.02353780313837,1.0100465586444,1.00577382920997,1.0168,1.00868232890705,1.0150250974279,1.0168,1.00524695297663,1.00232303297473,1.01010101010101,0.991844504249543,0.952664508854094,0.959343794579173,0.980015791260531,0.983567497610839,1.01032653612424,1.02645743449437,1.06281221308927,1.06477779306237,1.05320337684068,1.06269925611052
"Hickory Ridge-South Riverdale","Memphis","TN","Memphis","Shelby",26,,,,,,,,,,,,,,,,,,,,,,,,,,,,0.671099951365123,0.648351648351648,0.617685305591678,0.656692411692489,0.651918463907441,0.640060240963855,0.637797990633775,0.635276532137519,0.62862669245648,0.63190593060071,0.645756457564576,0.646879756468798,0.663577251552795,0.643421998562186,0.633981403212172,0.643421998562186,0.661993769470405,0.65597667638484,0.648464163822526,0.637931034482759,0.639629859102397,0.640875605767355,0.645305673837306,0.646853146853147,0.650960942343459,0.651465798045603,0.648854961832061,0.643421998562186,0.647587588193598,0.652826052412755,0.657541599570585,0.655793745313396,0.657541599570585,0.655864197530864,0.658350658350658,0.658578935277964,0.657290470723307,0.638877351227311,0.633755837224817,0.639300134589502,0.643338259364542,0.659695528900827,0.666890080428954,0.664994514949285,0.671871176827237,0.671565457556235,0.648631029986962,0.673315779014308,0.645498953244941,0.65880721220527,0.665467625899281,0.642023346303502,0.650471802417057,0.633737970459315,0.650684931506849,0.645471870409338,0.655487804878049,0.662482566248257,0.669040573749937,0.673598451480546,0.686781609195402,0.68259385665529,0.675768346529887
"Central Southwest","Houston","TX","Houston","Harris",27,,,,,,,,,,,,,,,,,,,,,,,,,,,,,,,,,,,,,,,,,,,,,,,,,,,,,,,,,,,,,,,,,,,,,,,,,,,,0.893940395945187,0.90713671539123,0.961538461538462,0.885185230900892,0.857478465152702,0.832964097752345,0.909468438538206,0.904392764857881,0.881410256410256,0.89514652014652,0.914845482960274,0.897183641975309,0.897223110258596,0.891583452211127,0.899805849306015
"Princess Anne","Virginia Beach","VA","Virginia Beach","Virginia Beach City",28,,,,,,,,,,0.866514252665136,0.935741088180113,0.924078362441743,0.934218026959962,0.892851200340768,0.876288461390422,0.977489172366459,0.992567223230581,0.990897431605189,0.980766246683507,0.924933128774874,0.931549060318804,0.946475195822454,0.970149253731343,0.93002915451895,0.906758304696449,0.937866354044549,0.985014517478047,0.980185374071184,0.968188105117566,0.961186781582647,0.932159502848265,0.95990965556183,0.966666666666667,0.964095744680851,0.973648216569561,0.98131490227585,0.985778926955398,1.00135501355014,0.981079187105816,0.999352146672997,0.993552168815944,0.960384153661465,0.948092893545083,0.934738329117251,0.940322209965067,0.935374149659864,0.93391581705943,0.925452580826044,0.935741088180113,0.964516129032258,0.97009735744089,0.963740155311081,0.981439668625973,0.972378156884013,0.95990965556183,0.962128634081592,0.96690219412421,0.97009735744089,0.994656230213314,0.997248968363136,0.99862258953168,0.999284945873701,0.979132541632542,0.977575332866153,0.994718309859155,0.997000988740466,0.991189427312775,0.993234977852753,0.969993670034863,0.977301387137453,0.977301387137453,0.962861072902338,0.943217665615142,0.964712578258395,0.991581538699314,0.963595222949478,0.97009735744089,0.988292527379615,0.977301387137453,0.927382642378319,1.01516239666999,1.01241018941868,1.00882723833544,0.963600185298298,0.97009735744089,0.97972972972973,1.01351351351351,1.01271186440678,1.01110652602762,1.00267137508464
"Southeast Colorado Springs","Colorado Springs","CO","Colorado Springs","El Paso",29,,,,,,,,,,,,,,0.758785942492013,0.730951637456575,0.772583201267829,0.769794721407625,0.747799702608206,0.744760479041916,0.770955999363463,0.78125,0.852389078498293,0.754681579619428,0.761648745519713,0.770460740985502,0.762004175365344,0.761826460442529,0.786255096097845,0.786255096097845,0.802785923753666,0.80168776371308,0.766975613010262,0.769376033689594,0.781505728314239,0.762708291507729,0.795593635250918,0.795671546785487,0.805585392051557,0.78248031496063,0.801610541727672,0.810355583281347,0.791765637371338,0.760846088286458,0.782510891977721,0.788135593220339,0.804069688308153,0.768328038603066,0.786184210526316,0.803760274221794,0.805910006715917,0.8,0.8,0.819613457408733,0.799227799227799,0.794643518392198,0.800768737988469,0.763591829518345,0.800768737988469,0.785720100676377,0.803981623277182,0.824669643567281,0.76873798846893,0.803610175445847,0.822368421052632,0.865142976451278,0.910470409711684,0.851973684210526,0.799467021985343,0.892857142857143,0.870537106194874,0.80137374674605,0.820793433652531,0.892857142857143,0.848765432098765,0.842105263157895,0.889925710156709,0.871467025572005,0.894457245263697,0.874600638977636,0.908198980349716,0.899621212121212,0.816784112748238,0.890417642466823,0.903068340306834,0.908795199565182,0.903843132774453,0.953947368421053,0.928217821782178,0.927719821162444,0.933703620393065
"Kingwood","Houston","TX","Houston","Harris",30,,,,,,,,,,,,,,,,,,,,,,,,0.798719772403983,0.891983838047796,0.801683223600028,0.85993031358885,0.856017191977077,0.792694935991167,0.853684271664214,0.862745098039216,0.85846372688478,0.892742453436095,0.839410939691445,0.92814371257485,0.886175797174289,0.923694779116466,0.975618175979448,0.939759036144578,0.939759036144578,0.884320557491289,0.890544041450777,0.930903321161537,0.972132209980557,0.939759036144578,0.922839506172839,0.972132209980557,0.97374996107449,0.972132209980557,0.854700854700855,0.872350337759143,0.862552594670407,0.883390072962368,0.89899917244233,0.905257516901609,0.905797101449275,0.952793417063664,0.911680911680912,0.903263403263403,0.947925607437652,0.957798470819304,0.958806818181818,0.952793417063664,0.957165939301063,0.923935148495696,0.911214953271028,0.901960784313726,0.905141202027516,0.938256658595642,0.924343687501582,0.923897581792319,0.934256055363322,0.936170212765957,0.926966292134832,0.959367945823928,0.905141202027516,0.908632004038364,0.922058300746534,0.886510500807754,0.925955925205212,0.869404365519793,0.948866118987894,0.925218148937192,0.923653546918395,0.899078440515957,0.891101819127473,0.905141202027516,0.916838740812823,0.906801237696131,0.940354193069091
"Northeast Colorado Springs","Colorado Springs","CO","Colorado Springs","El Paso",31,,,,,,,,,,,,,,,,,,,,,,,,0.835231586940015,0.821700507614213,0.804545454545455,0.849837094375929,0.863636363636364,0.864162610182871,0.875374706796634,0.864162610182871,0.862068965517241,0.868181818181818,0.893732809475211,0.872727272727273,0.863636363636364,0.881818181818182,0.894774516821761,0.869733228559713,0.908591668875303,0.881918819188192,0.842880523731588,0.778061224489796,0.842880523731588,0.849184782608696,0.85069396750871,0.847770411934007,0.858150470219436,0.85704831237591,0.830804248861912,0.847879494275176,0.862619808306709,0.817843866171004,0.892193308550186,0.846032653170142,0.842880523731588,0.846210448859456,0.879313456997073,0.870552611657835,0.878334417696812,0.87100981861492,0.831792975970425,0.811945152500659,0.842880523731588,0.844594594594595,0.818934079179158,0.857003701240523,0.88212327474187,0.877521863179483,0.877521863179483,0.933669790915645,0.947046843177189,0.870552611657835,0.874723689720746,0.833333333333333,0.870552611657835,0.881434746539755,0.961538461538462,0.920184696569921,0.882846079543777,0.920634920634921,0.969643135017376,0.919881305637982,0.945450280292367,0.945182961692396,0.892696007801016,0.944767441860465,1.00337620624115,1.01127320954907,1.04120879120879
"Woodward Park","Fresno","CA","Fresno","Fresno",32,,,,,,,,,,,,,,,,,,,,,,,,,,,,,,,,0.89390386869871,0.900342435757502,0.914226228151928,0.908558030480657,0.908756438557763,0.908756438557763,0.908558030480657,0.923212192262603,0.923212192262603,0.921037441484977,0.887324373349218,0.89,0.88857938718663,0.915194346289753,0.900600400266845,0.895209580838323,0.904020708300391,0.908521303258145,0.896843853820598,0.916666666666667,0.910327698797408,0.917575775020869,0.905527737082632,0.891399782771438,0.888742593811718,0.915206019674903,0.908509165202817,0.90702210663199,0.921501706484642,0.949483283914226,0.972680181343481,0.923482849604222,0.931470392548237,0.957118465983714,0.911300121506683,0.909856137876334,0.949308121314069,0.937363689295477,0.907441016333938,0.941435768261965,0.940026954177898,0.959905077136716,0.982394366197183,0.932591095472609,0.96887844979448,0.985148514851485,0.981507823613087,0.979298386200074,1.00066934404284,0.976689976689977,0.976342884237621,0.942381797667977,0.935483870967742,1.01321585903084,1.06461086637298,1.06539366848061,1.08489267829692,1.04889589905363,1.03113043236109
"Gramercy","New York","NY","New York","New York",33,,,,,,,,,,,,,,,,,,,,,,,,,,,,,,,,,,,,,,,,,,,,,,,,,,,,,,,,,,,,4.91969290399523,4.88881167477415,4.87209302325581,4.88881167477415,4.88045234901498,5,5.01256281407035,4.92846832397755,4.84843205574913,4.89612403100775,4.71823444300493,4.86026253950247,4.8286635608836,4.87209302325581,4.8286635608836,4.87209302325581,4.63894683053452,4.92846832397755,4.74911214612728,4.96627450980392,4.83333333333333,4.87209302325581,4.87209302325581,4.94980392156863,5.0422480620155,5.14310864025944,5,4.9367816091954,4.9015503875969,5.00775686783474,4.90760425183974
"Raleigh","Memphis","TN","Memphis","Shelby",34,,,,,,,,,,,,,,,,,,,,,,,,,,,0.64,0.633059823782269,0.617283950617284,0.609951845906902,0.613711727179384,0.607805502239283,0.60634328358209,0.593065693430657,0.593177691232513,0.606457242582897,0.62253216210323,0.615438871473354,0.63161132304057,0.625558534405719,0.620535714285714,0.605996906858568,0.60471037555697,0.606779661016949,0.60471037555697,0.619523773451506,0.614725950279229,0.613246788422845,0.609756097560976,0.620192023196639,0.617245657568238,0.604838709677419,0.60472972972973,0.607113884232528,0.611795774647887,0.60614224137931,0.606004794159043,0.602336356047186,0.606779661016949,0.609070277819343,0.612113402061856,0.609070277819343,0.60785536159601,0.616651445636265,0.618971548923714,0.603575867320186,0.609756097560976,0.616320160602811,0.620535714285714,0.626693766937669,0.624719227313567,0.625521267723103,0.628019323671498,0.625602119460501,0.615671641791045,0.628750239266306,0.642994778854805,0.613079019073569,0.600441011368144,0.614745277763711,0.614466292134832,0.618447777098374,0.627862475688563,0.631955484896661,0.634566326530612,0.630782169890664,0.625,0.619834710743802,0.618466731706849,0.623416756520821
"Kempsville","Virginia Beach","VA","Virginia Beach","Virginia Beach City",35,,,,,,,,,,0.838551882398112,0.862193362193362,0.849120330968887,0.863902179691653,0.858807205150462,0.879204892966361,0.89041095890411,0.879204892966361,0.884542922673657,0.895505447941889,0.830823293172691,0.820406626506024,0.813953488372093,0.870287698412698,0.875706214689266,0.862895493767977,0.859969558599696,0.877808988764045,0.858477011494253,0.864312267657993,0.859037932681224,0.863422291993721,0.860100607509934,0.852977103564405,0.869633838383838,0.884353741496599,0.912247221106201,0.894122678396872,0.878676470588235,0.868679611650485,0.85966292997543,0.847288337300238,0.830354064786323,0.83168124867906,0.822095632988436,0.833627895371564,0.833333333333333,0.836330935251799,0.839563927989641,0.84375,0.844594594594595,0.854166666666667,0.848608282416836,0.831020938383963,0.847213759381449,0.845588235294118,0.864624505928854,0.865051903114187,0.85818422796554,0.848976961069317,0.869713506139154,0.895365168539326,0.871875,0.875,0.877808988764045,0.875,0.876168224299065,0.867568873852102,0.877163719584924,0.867509707794587,0.865477338476374,0.864312267657993,0.872093023255814,0.876701361088871,0.914194065757819,0.868725868725869,0.88129151464122,0.867832405027135,0.876616049263307,0.87113939899833,0.86695394541836,0.859872611464968,0.893977713178295,0.867335051172244,0.865536649468454,0.868291677175789,0.886727688787185,0.884353741496599,0.900964818213609,0.916448659254415,0.910502481617085
"Bath Beach","New York","NY","New York","Kings",36,,,,,,,,,,,,,,,,,,,,,,,,,,,,,,,,,,,,,,,,,,,,,,,,,,,,,,,,,,,1.64510489510489,1.66666666666667,1.72727272727273,1.72727272727273,1.80909090909091,1.83333333333333,1.79545454545455,1.81818181818182,1.8,1.72727272727273,1.72681818181818,1.72727272727273,1.7636684303351,1.72727272727273,1.73913043478261,1.81818181818182,1.81818181818182,1.7995,1.81818181818182,1.90909090909091,1.81818181818182,1.83333333333333,1.9,1.90909090909091,1.81818181818182,1.81818181818182,1.93627787307033,1.90909090909091,1.83333333333333,1.91666666666667,1.90909090909091,1.92307692307692
"Centennial Hills","Las Vegas","NV","Las Vegas","Clark",37,,,,,,,,,,0.755343398857572,0.746078870592943,0.755584756898817,0.757575757575758,0.731895223420647,0.735056447972235,0.730566919929866,0.715174129353234,0.717482687073913,0.71011673151751,0.701710261569417,0.694474772960253,0.701873370290444,0.699646812234892,0.692841057247837,0.691724573594441,0.687103594080338,0.689702038312252,0.690972222222222,0.684039087947883,0.68988173455979,0.701024327784891,0.68997241302122,0.695857637179996,0.688348074493215,0.680087051142546,0.685462590521389,0.690021685784398,0.684319119669876,0.685661192066734,0.681011797864911,0.682346109175377,0.695527762835455,0.686037126715093,0.688542146476278,0.693091023918947,0.69164265129683,0.689179875947622,0.693374422187982,0.693374422187982,0.694676200726991,0.696604085172657,0.701412331605752,0.712634822804314,0.700207468879668,0.693374422187982,0.684600241432481,0.695420034442447,0.70298769771529,0.7094682230869,0.706486833654464,0.710103079644321,0.714372739760026,0.720890599868773,0.717302209550962,0.732635142244679,0.727618058241394,0.732946504053936,0.731188565385094,0.742417815927836,0.755587692506934,0.745784695201038,0.756972111553785,0.737473535638673,0.764669163545568,0.753271813542746,0.755657153470721,0.754651964162646,0.766267141501687,0.776016068221979,0.775234131113424,0.746268656716418,0.778715120051914,0.795297372060857,0.80296479308215,0.804764391720914,0.805838633054938,0.816496598639456,0.809399186593532,0.806451612903226,0.807102502017756
"Roxbury","Boston","MA","Boston","Suffolk",38,,,,,,,,,,,,,,,,,,,,,,,,,,,,,,,,,,1.3920977552888,1.54772727272727,1.55,1.55,1.55,1.59420289855072,1.59420289855072,1.59420289855072,1.40909090909091,1.45454545454545,1.40909090909091,1.60777655828417,1.40909090909091,1.51229117366581,1.52173913043478,1.54399323181049,1.52173913043478,1.6,1.6,1.64434523809524,1.65341203272238,1.64874551971326,1.73913043478261,1.8,1.8,1.71428571428571,1.86111111111111,1.98,1.91666666666667,1.98232323232323,1.83557692307692,1.84615384615385,1.75,1.75,1.77272727272727,1.8,1.86666666666667,2.11805555555556,2.1,2.26386138613861,2.1875,2.13809523809524,2.14741035856574,2.03571428571429,1.75595238095238,1.78889071217591,1.72380952380952,1.86666666666667,1.94117647058824,2.04855842185129,2.06594587759231,2.16,2.0625,2.27272727272727,2.18181818181818,2.07142857142857,2.02777777777778
"Lone Mountain","Las Vegas","NV","Las Vegas","Clark",39,,,,,,,,,,,,,,0.737265415549598,0.726336628610016,0.754098360655738,0.754975978037063,0.743723341890881,0.725936746476918,0.736136182183168,0.710385524316822,0.716342692584593,0.708822256420121,0.716266666382386,0.73094335343479,0.722642807983482,0.728155339805825,0.71962942814976,0.710545998504114,0.721784776902887,0.720090195458713,0.704172729008983,0.709324926868107,0.703804347826087,0.70433569199666,0.703753351206434,0.725388601036269,0.728144565928418,0.731807031888798,0.73273915725016,0.72061884912239,0.711500974658869,0.701943844492441,0.699558173784978,0.707898658718331,0.723830734966592,0.721784776902887,0.717967599410898,0.720551378446115,0.715990453460621,0.723457869316126,0.738396624472574,0.735077677841374,0.731421884142774,0.730519480519481,0.733743984097091,0.732142857142857,0.735087283858691,0.732695139911635,0.736627274294991,0.736377025036819,0.727529002320186,0.746714456391876,0.752010153115533,0.750179468772434,0.764006791171477,0.75512405609493,0.747392523553027,0.749063670411985,0.770816146950448,0.761932144910868,0.770489698596975,0.770953206325159,0.757246376811594,0.795117247888562,0.767937219730942,0.77937340527539,0.803631472763954,0.753768844221106,0.776680724192132,0.765483646485734,0.776583034647551,0.79522496880693,0.778953556731334,0.805084745762712,0.818816166812479,0.812215724496426,0.805783727630126,0.808298582805543,0.812716729317831
"Summerlin North","Las Vegas","NV","Las Vegas","Clark",40,,,,,,,,,,,,,,0.817445156450392,0.850159404888417,0.839160839160839,0.83134684147795,0.818760661644912,0.804721030042919,0.803524251263695,0.803524251263695,0.799582889339487,0.783517121300058,0.802896725440806,0.80189818061773,0.808180562716073,0.815491183879093,0.805194805194805,0.805194805194805,0.81151832460733,0.805369127516778,0.801808615345441,0.7903981264637,0.793524416135881,0.794072721515373,0.80754423838027,0.81766230888804,0.81913499344692,0.799465240641711,0.803072625698324,0.804517215357132,0.804597701149425,0.808407437348424,0.808407437348424,0.808407437348424,0.792440318302387,0.797024442082891,0.793587604893337,0.792982367219134,0.822942753451002,0.83134684147795,0.838187702265372,0.843513670738802,0.855641073775108,0.829391623247295,0.829338016705687,0.849420849420849,0.842820575344074,0.856146001073537,0.845039252318355,0.859871335345284,0.850661299424853,0.859401318737387,0.860049321824908,0.849131306129829,0.861752384055492,0.867964229352972,0.868671776206023,0.861862973599278,0.864951768488746,0.848404255319149,0.862192609218282,0.862732414456552,0.885515496521189,0.879027711314627,0.878533231474408,0.885090644721931,0.915623014952584,0.882352941176471,0.88393421884883,0.876096751973009,0.887313240170654,0.885988172716141,0.909376136761849,0.910056844151747,0.93619972260749,0.948023426061493,0.954935622317597,0.944939935910591,0.930129713419458
"Michael Way","Las Vegas","NV","Las Vegas","Clark",41,,,,,,,,,,,,,,,,0.765483646485734,0.776145658327333,0.767543859649123,0.710227272727273,0.720338983050847,0.74173971679029,0.696706551783126,0.685261707988981,0.68714632174616,0.734023121611107,0.765384615384615,0.76530612244898,0.743991229003896,0.736538763647789,0.739644970414201,0.718456120828866,0.712296302179429,0.704787234042553,0.717213114754098,0.723140495867769,0.716271055545841,0.738988426726069,0.733333333333333,0.73312040519115,0.734149925326396,0.716823810864059,0.707154742096506,0.713395638629283,0.724819552748598,0.703250822056348,0.714285714285714,0.722936870798536,0.722377453189561,0.73312040519115,0.747172859450727,0.734264597511812,0.732420214273567,0.745738636363636,0.749531542785759,0.733365704947452,0.731133324506818,0.730593607305936,0.744571661069872,0.750811688311688,0.749531542785759,0.775221984078383,0.726236062174793,0.735294117647059,0.749531542785759,0.76271186440678,0.769084713142784,0.751975367352475,0.763897981451173,0.763235013612166,0.749211356466877,0.77247191011236,0.764955304634204,0.73015873015873,0.757458079085187,0.746701741765383,0.767987065481002,0.770089001907184,0.78125,0.757458079085187,0.77269800386349,0.749531542785759,0.778688524590164,0.789502318100104,0.824217900831999,0.831067717326468,0.817494896628628,0.85171102661597,0.872274143302181,0.85675430643699,0.860854024050521
"Lake View","Chicago","IL","Chicago","Cook",42,,,,,,,,,,,,,,,,,,,,,,,,,,,,,,,,,,,,,,,1.5,1.5,1.56166666666667,1.5375,1.55777777777778,1.55777777777778,1.5,1.54166666666667,1.57738095238095,1.55718954248366,1.625,1.61538461538462,1.58448275862069,1.63392857142857,1.58333333333333,1.56666666666667,1.50757575757576,1.5,1.5,1.55555555555556,1.58087719298246,1.45785256410256,1.60714285714286,1.65,1.69223484848485,1.65849282296651,1.60357142857143,1.56666666666667,1.57571428571429,1.58333333333333,1.60535714285714,1.62711022840119,1.67857142857143,1.61624249356591,1.6015625,1.60714285714286,1.75351288056206,1.73076923076923,1.6,1.625,1.60357142857143,1.5625,1.63181818181818,1.63269230769231,1.65,1.74375,1.7,1.69174208144796,1.70588235294118,1.6875,1.6,1.58823529411765
"Englewood","Chicago","IL","Chicago","Cook",43,,,,,,,,,,,,,,,,,,,,,,,,,,,,,,,,,,,,,,,,,,,,,,,,,,,,,,,,,,,,,,,,,,,,,,,,,,,,,1,0.938690476190476,0.970854767826117,0.952380952380952,1.01522842639594,0.916666666666667,0.95,0.95,0.95,0.95,0.863636363636364,0.916666666666667,0.912878787878788,0.923076923076923
"Woodland Hills","Los Angeles","CA","Los Angeles-Long Beach-Anaheim","Los Angeles",44,,,,,,,,,,,,1.58093525179856,1.54749199573106,1.56511290434035,1.58273381294964,1.58923924690035,1.5432245772803,1.54434379949751,1.48523595598077,1.53902637547556,1.59960443037975,1.5521642394822,1.68475447882056,1.68475447882056,1.62305936989748,1.60096540627514,1.65946413137424,1.67599828883015,1.74341110734367,1.68029840244989,1.6625,1.60011301382983,1.63087084148728,1.69681387313962,1.67257264351524,1.71031746031746,1.74680932053448,1.77182368193604,1.74680932053448,1.68992805755396,1.69333333333333,1.76329946204423,1.76721604044909,1.74982431482783,1.82861635220126,1.81701631701632,1.77182368193604,1.81525509245872,1.78482892772592,1.73478260869565,1.75617097158679,1.7800673872697,1.81818181818182,1.90579963825194,1.87465110656909,1.86111786954502,1.8604025124984,1.88577586206897,1.81280616240776,1.89878234398782,1.86572112173275,1.88061371578775,1.93103448275862,1.95092518101368,1.92684738955823,2.00626959247649,1.96130952380952,1.97861346496641,2.00904068307383,2.05200281096275,1.97085844748858,2.069799585349,1.91259920634921,2.06672350134995,1.89605470287288,1.96414724081723,1.94244604316547,2.03715775749674,1.93786934737924,1.91968432149876,1.88888888888889,2.0679933404536,2.06293706293706,1.96890117484451,2.09191074033852,2.08015873015873,2.09026806526807,2.13319088319088,2.13671328671329,2.03731859018659
"Greater Uptown","Houston","TX","Houston","Harris",45,,,,,,,,,,,,,,,,,,,,,,,,,,,1.28470902016283,1.20574653668548,1.15726641957096,1.17814579045613,1.13872123726896,1.17647058823529,1.20546810273405,1.17647058823529,1.08196721311475,1.15867180205416,1.17647058823529,1.26325745781391,1.19656344772546,1.27413127413127,1.26970720720721,1.27086143139225,1.36914542971075,1.5,1.35135135135135,1.45010768126346,1.45010768126346,1.45010768126346,1.38756807282777,1.39434314057844,1.41392144440925,1.30657328437866,1.43245411880305,1.43198090692124,1.3155068581503,1.2970168612192,1.29482071713147,1.2253692582373,1.29480690299503,1.30502103565161,1.29244782454899,1.31787032156036,1.36558720249707,1.3859649122807,1.37664434423004,1.37587822014052,1.32845290564187,1.31875868827412,1.35148706064117,1.33606570257837,1.24282443240454,1.24474739838727,1.30023640661939,1.23059360730594,1.2718023255814,1.24236111111111,1.21861111111111,1.20614035087719,1.16206030150754,1.22966781214204,1.10132158590308,1.2266636145936,1.2722326885331,1.3570344810709,1.40927250608676,1.30949781659389,1.27314814814815,1.26050420168067,1.2742299920276,1.27410468319559
"Valencia","Santa Clarita","CA","Los Angeles-Long Beach-Anaheim","Los Angeles",46,,,,,,,,,,,,,,,,,,,,,,1.4044614802416,1.4044614802416,1.5042558292873,1.53745961355717,1.48891983743256,1.47059962213894,1.46529562982005,1.61670995662814,1.60821639296515,1.57132243684993,1.54909090909091,1.48959881129272,1.50824333561176,1.51818181818182,1.50445765230312,1.50445765230312,1.54328153794869,1.54147906914389,1.47874306839187,1.45317545748116,1.53895549606177,1.50602409638554,1.4550928248871,1.46929155969191,1.53319483183775,1.54135338345865,1.54135338345865,1.54671717171717,1.4726184997699,1.48496240601504,1.4808362369338,1.55985915492958,1.50955021565003,1.49673202614379,1.47625160462131,1.4502307185234,1.47468920950552,1.52013147082991,1.46618791143028,1.52657203420639,1.55763239875389,1.55874577684174,1.55844155844156,1.53885814889336,1.56989368074274,1.56746031746032,1.5806654498913,1.55524603316099,1.556628606591,1.59398350625733,1.59693373030416,1.59156862650248,1.59258997096351,1.60099109335707,1.53251298261459,1.50523328987285,1.55210643015521,1.59189580318379,1.54241645244216,1.53989734017732,1.76915383378232,1.76436069030928,1.69172932330827,1.64062473500151,1.73202727693019,1.65454124386881,1.79153094462541,1.75254186908986,1.71614583333333
"Memorial","Houston","TX","Houston","Harris",47,,,,,,,,,,,,,,,,,,,,,,,,,,,,,,,,,,,,,,,,,,,,,,,,,,1.03286384976526,1.06930693069307,1.06796116504854,1.02416666666667,1.08465318499845,1.02611940298507,0.992063492063492,1.00267610021282,0.920539400616522,1.02416666666667,1.0434318547071,1.02416666666667,1.10605594134483,1.20723514211886,1.21765883312329,1.14391990291262,1.15533980582524,1.17782300618122,1.16684573043299,1.17163322352002,1.17370892018779,1.16127887469351,1.27591469740964,1.16453809734339,1.26128668171558,1.19453924914676,1.06133631086989,1.22510138092431,1.20689655172414,1.03441127694859,1.17161980749747,1.09618003177188,1.21131967942547,1.30527233480644,1.24602332979852,1.25862082028611,1.28631770181399,1.32689987937274,1.28968253968254,1.28968253968254,1.32090132090132
"Carmel Valley","San Diego","CA","San Diego","San Diego",48,,,,,,,,,,,,,,,,,,,,,,,,,,,,,,,,,,,,,,,,,,,,1.76767676767677,1.77261613691932,1.81481481481481,1.81481481481481,1.82084690553746,1.91324615891391,1.9568614316806,1.9568614316806,1.94519621109608,1.96554165393513,1.83885690853199,1.82084690553746,1.84831169102753,1.96929238985314,1.87862368333182,1.95791726105563,1.96946564885496,2.0239263803681,1.99001426533524,1.98209718670077,1.95694716242661,1.94765672550213,1.95622766347918,1.95728291316527,2.0156684815487,2.08099256935914,2.12908410853141,2.08466257668712,2.14411767693183,2.1398002853067,2.10182025028441,1.99459093982421,2.13125845737483,2.0573566084788,2.0768706804891,2.09541984732824,2.0460358056266,2.10755813953488,2.05155575753911,2.11571689034642,2.14575738363185,2.20399429386591,2.26468506723284,2.20910109995127,2.21578369769605,2.16665506434935,2.2302662307333
"Oak Forest - Garden Oaks","Houston","TX","Houston","Harris",49,,,,,,,,,,,,,,,,,,,,,,,,,,,,,,,,,,,,,,,,,,,,,,,,,,1.37530562347188,1.29125780553078,1.26747141041931,1.27536899158914,1.3096057512141,1.32743362831858,1.30769230769231,1.23558394590519,1.23070987654321,1.28755364806867,1.29017475979271,1.33982947624848,1.40955364134691,1.37481011658077,1.36392765625613,1.33156555109446,1.29065370043042,1.25,1.24364851151209,1.24391623443493,1.25891050766056,1.30960376091336,1.23694515845966,1.29125780553078,1.22251972833068,1.30563844205318,1.36392765625613,1.26146788990826,1.28957561856335,1.251684199432,1.28940986257074,1.23873873873874,1.2883008356546,1.22466216216216,1.19617224880383,1.27795181298565,1.31196450428397,1.32460661205121,1.30373502466526,1.27467105263158,1.22137404580153
"Parkway Village-Oakhaven","Memphis","TN","Memphis","Shelby",50,,,,,,,,,,,,,,,,,,,,,,,,,,,,,,,,,0.645635876796929,0.627410437859354,0.614523727217899,0.597058235710113,0.604982206405694,0.599510085809665,0.625,0.637659414853713,0.628952916373858,0.634325003190514,0.617647058823529,0.596095140947823,0.590603859928372,0.620496397117694,0.621444304261211,0.619641465315666,0.618267101889368,0.607703678824368,0.608766233766234,0.611737254556661,0.625938252206863,0.620015232993179,0.62347121317221,0.632368098017417,0.6304520222046,0.632440476190476,0.640761749816608,0.635376756066411,0.632628751641924,0.631313131313131,0.614161849710983,0.635376756066411,0.639632107023411,0.634670667408526,0.643872113676732,0.639143983561088,0.623017426818267,0.623268698060942,0.632046378609331,0.634447855728156,0.636826783114993,0.639632107023411,0.627877383536535,0.635491606714628,0.630096367679763,0.631563620479406,0.620364126770061,0.626373819665173,0.640138408304498,0.62156156744115,0.640527950310559,0.639339688036302,0.638545242821693,0.633505675658166,0.635426871690023,0.642317380352645,0.640711220110362,0.638151425762045
"East Boston","Boston","MA","Boston","Suffolk",51,,,,,,,,,,,,,,,,,,,,,,,,,,,,,,,,,,,,,,,,,,,,,,,,,,,,,,,,,,,,,,,,,,,,,,,,,,,,,2.03333333333333,2.08636363636364,2,2.03333333333333,2.21764705882353,2.22332015810277,2.14927288280582,2.29166666666667,2.29528535980149,2.31578947368421,2.41622807017544,2.3371104815864,2.09090909090909,2.20689655172414
"Greater Heights","Houston","TX","Houston","Harris",52,,,,,,,,,,,,,,,,,,,,,,,,,,,,,,,1.13438045375218,1.2088399463459,1.27600554785021,1.27600554785021,1.2652705061082,1.16335433834222,1.2257389468455,1.27600554785021,1.28125437736378,1.33410672853828,1.29499561018437,1.40515222482436,1.31406044678055,1.47897362794013,1.36677510683914,1.36020151133501,1.39103554868624,1.39990667288847,1.35866260225343,1.39103554868624,1.40704862833798,1.38810680619576,1.38490926456543,1.3692692816948,1.38504155124654,1.29509713228492,1.32699858757062,1.31471389645777,1.3126405673439,1.36331957779576,1.39396146052958,1.43728222996516,1.39794967381174,1.29499561018437,1.36457020848721,1.32107651949295,1.28480765538217,1.28755364806867,1.34939759036145,1.30305999989519,1.30120481927711,1.28968253968254,1.32982485923662,1.33292416944136,1.32844709115896,1.29896360313779,1.31578947368421,1.24510361978974,1.34803921568627,1.25240913894482,1.22507668711656,1.24978700462234,1.29723738842552,1.28666804540838,1.28786079349998,1.29499561018437,1.30499627143922,1.30208333333333,1.29658087245751,1.29975247524752
"South Shore","Chicago","IL","Chicago","Cook",53,,,,,,,,,,,,,,,,,,,,,,,,,0.909090909090909,0.909090909090909,0.909090909090909,0.865151515151515,0.827705938697318,0.794117647058823,0.909090909090909,0.866666666666667,0.874330900243309,0.863636363636364,0.858333333333333,0.89272030651341,0.961538461538462,0.961538461538462,0.9,0.888888888888889,0.8794861392833,0.978947368421053,1.03839285714286,0.947368421052632,0.978947368421053,0.964126559714795,0.946644042232277,0.978947368421053,0.978947368421053,0.972222222222222,0.875,0.870833333333333,0.870833333333333,0.86484312148029,0.86484312148029,0.866666666666667,0.881944444444444,0.869270833333333,0.866666666666667,0.912878787878788,0.925,0.916666666666667,0.9,0.916666666666667,0.923076923076923,0.933921568627451,0.918121613485852,0.930952380952381,0.928571428571429,0.96,0.916666666666667,0.912878787878788,0.958041958041958,0.924285714285714,0.958041958041958,0.961538461538462,0.96606334841629,1,0.914666666666667,0.916666666666667,0.914666666666667,0.994339622641509,1,1,0.995,0.933333333333333,0.92,0.928571428571429,0.968523002421308,0.989282769991756
"Jamaica Plain","Boston","MA","Boston","Suffolk",54,,,,,,,,,,,,,,,,,,,,,,,,,,,,1.73684210526316,1.84834123222749,1.81208053691275,1.75478468899522,1.77272727272727,1.90909090909091,1.81691125087352,1.91666666666667,1.9125,1.90909090909091,1.836,2.03846153846154,2.15384615384615,2.14488424197162,2.13636363636364,2.08893280632411,2.07692307692308,2.04180602006689,2.07692307692308,2.08712121212121,2.06599099099099,2.06390765765766,2.04166666666667,2.16666666666667,2.18181818181818,2.1010101010101,2.07916666666667,2,2,2,2.21780303030303,2.23529411764706,2.2900651465798,2.375,2.38095238095238,2.33333333333333,2.27272727272727,2.3,2.18181818181818,2.09545454545455,2.1505258126195,2.14504452919704,2.13903743315508,2.33333333333333,2.49444444444444,2.45,2.45833333333333,2.51315789473684,2.44576012223071,2.3345498783455,2.35909090909091,2.20932664851584,2.03791195826014,2.2020202020202,2.375,2.46913580246914,2.52631578947368,2.5,2.5250626566416,2.51,2.52380952380952,2.47058823529412,2.41287878787879
"Bayside","Virginia Beach","VA","Virginia Beach","Virginia Beach City",55,,,,,,,,,,,0.930157366684992,0.902813199973387,0.847889951734832,0.882352941176471,0.957381099444101,0.895261173936457,0.882352941176471,0.873523622047244,0.881268436578171,0.882317289155227,0.857365549493375,0.887062789717657,0.91437908496732,0.928008998875141,0.921528324058697,0.888309832181919,0.918032786885246,0.912106135986733,0.884146341463415,0.873523622047244,0.893635571054926,0.893635571054926,0.905787466501752,0.91437908496732,0.903897821754965,0.914506615654392,0.93257874015748,0.93503937007874,0.939578713968958,0.929285714285714,0.929752066115702,0.896336710833983,0.895316804407714,0.884101040118871,0.881268436578171,0.885577206645331,0.889275166601273,0.901221676221676,0.904545454545455,0.904545454545455,0.91726618705036,0.913055698469864,0.931293457442448,0.919880436056734,0.911330049261084,0.908745859403754,0.904977375565611,0.911078717201166,0.931293457442448,0.923645320197044,0.915080527086384,0.941043083900227,0.930746561886051,0.938889604257876,0.933238425136239,0.944444444444444,0.920112866238774,0.923212192262603,0.918079096045198,0.913116779904724,0.89855638202453,0.921052631578947,0.93168600445589,0.928492239467849,0.939058171745152,0.953389830508475,0.975056689342404,0.9125,0.91484869809993,0.912434328090297,0.969827586206897,0.901287553648069,0.921344297801045,0.921052631578947,0.916666666666667,0.915080527086384,0.916666666666667,0.974279033515199,1,0.967441490623639
"Green Valley North","Henderson","NV","Las Vegas","Clark",56,,,,,,,,,,,,,,,,,,,,,,,,,,,,,,,,,,,,,,,,,,,,,,,,,,,,,,,,,,,,,,,,,,,,,,,,,,,,0.827229439296972,0.857766687461011,0.849659863945578,0.87024329382408,0.860721982758621,0.837467829307592,0.858584234002402,0.854700854700855,0.859605911330049,0.862895493767977,0.867244829886591,0.866113882620213,0.871340166428653,0.862068965517241,0.888415067519545
"North Cheyenne","Las Vegas","NV","Las Vegas","Clark",57,,,,,,,,,,,,,,,,,,,,,,,,,,,,,,,,,,,,,,,,,,,,,,,,,,,,,,,,,,,,,,,,,,,,,,,,,,,,,,,0.751947693548729,0.784574468085106,0.756004824657634,0.762987091308392,0.796466257668712,0.794478527607362,0.794478527607362,0.82395498392283,0.816104461371056,0.794198895027624,0.847161358952088,0.814584949573313
"South Boston","Boston","MA","Boston","Suffolk",58,,,,,,,,,,,,,,,,,,,,,,,,,,,2.41379310344828,2.45454545454545,2.45454545454545,2.4200734956362,2.41157556270096,2.45578778135048,2.33333333333333,2.33333333333333,2.375,2.33333333333333,2.43312974708324,2.41171403962102,2.40585701981051,2.66666666666667,2.53846153846154,2.39382239382239,2.54373076923077,2.5,2.53651037663336,2.55,2.55449591280654,2.5596,2.58064516129032,2.54545454545455,2.72727272727273,2.73400673400673,2.69230769230769,2.66666666666667,2.49791666666667,2.5,2.36363636363636,2.45,2.33333333333333,2.68681780016793,2.63636363636364,2.72727272727273,2.67424242424242,2.7007299270073,2.51296647691335,2.48275862068966,2.46153846153846,2.51379013143719,2.54700854700855,2.66666666666667,2.66666666666667,2.81481481481481,2.877829218107,3,2.8695652173913,2.7693856998993,2.64123257520176,2.99539170506912,2.64423076923077,2.68706293706294,2.37837837837838,2.72727272727273,2.41428571428571,2.72727272727273,3,3,3.05834464043419,3.04,3,3
"Cobbs Creek","Philadelphia","PA","Philadelphia","Philadelphia",59,,,,,,,,,,,,,,,,,,,,,,,,,,,,,,,,,,,,,,,,,,,,,,,,,,,,,,,,,,,,,,,,,,,,,,,,,,,,,,,0.911276223776224,0.899087354225391,0.849647724647725,0.963597430406852,0.943523083818915,0.936800375356064,1.03390804597701,1.00595238095238,0.972732843137255,0.942915392456677,0.946969696969697,0.980392156862745
"Shelby Forest-Frayser","Memphis","TN","Memphis","Shelby",60,,,,,,,,,,,,,,,,,,,,,,,,,,,,,,,,,0.564715951367737,0.572519083969466,0.567964954892436,0.575331125827815,0.579166666666667,0.560178018575851,0.599137931034483,0.620535714285714,0.614316239316239,0.573613766730402,0.604948376814607,0.590030518819939,0.58411214953271,0.590909090909091,0.568451098664369,0.560613698302213,0.560804479742995,0.565426275331936,0.583266291230893,0.574402162216905,0.580553008537604,0.556950530866739,0.556950530866739,0.550366233290606,0.558213716108453,0.579922027290448,0.576220555629957,0.574325385606132,0.583974358974359,0.580495356037152,0.581412336653114,0.591987392169874,0.583333333333333,0.572115384615385,0.572263710467936,0.591987392169874,0.588293428002744,0.593065693430657,0.591312533620226,0.58431848014903,0.572363041700736,0.572234707836623,0.591296121097446,0.590909090909091,0.590730136005727,0.562734570475396,0.583333333333333,0.580487804878049,0.582815994648941,0.590730136005727,0.584459459459459,0.563099041533546,0.575278914259738,0.590909090909091,0.593542260208927,0.625579777365492,0.590909090909091,0.579870927113914
"Whitney","Las Vegas","NV","Las Vegas","Clark",61,,,,,,,,,,,,,,,0.709614126880314,0.707263790278536,0.68264738858264,0.682290015162,0.666083625983599,0.670435303399109,0.678741095625286,0.69813829787234,0.67893783946892,0.685344827586207,0.680378010643551,0.686514637590439,0.677792915531335,0.678365377500127,0.669014084507042,0.649963689179375,0.649963689179375,0.652121857861088,0.65222001656214,0.669934089347295,0.672788826811929,0.663381349507202,0.677856681730148,0.67635165374851,0.669818754925138,0.669485553206483,0.661798503839101,0.649581836441196,0.644171779141104,0.655840099937539,0.66381625331785,0.6640625,0.669383003492433,0.671641791044776,0.675092478421702,0.673216885007278,0.672215108834827,0.673469387755102,0.674382414755435,0.672535211267606,0.678475409147177,0.678168633656494,0.660091422389911,0.654269972451791,0.661203903988093,0.689448441247002,0.684604620390493,0.708279430789133,0.708762886597938,0.710545998504114,0.705711795027289,0.69204359395719,0.676676237701384,0.67680608365019,0.704881261871624,0.704747774480712,0.701262272089762,0.701262272089762,0.70814106437653,0.730612244897959,0.704084977232744,0.694025347012673,0.696337104021591,0.719833534234023,0.725808699768567,0.704390757122441,0.73265306122449,0.722713864306785,0.711513583441138,0.73303457106274,0.765110941086457,0.765110941086457,0.775101777315187,0.772575155614434,0.775974025974026,0.78515111695138
"Summerlin South","Las Vegas","NV","Las Vegas","Clark",62,,,,,,,,,,,,,,0.800099041248244,0.874931431705979,0.831946755407654,0.845985240100031,0.869304556354916,0.850745361974514,0.848176420695505,0.816882232811436,0.816757408157593,0.815494393476045,0.817166353506337,0.827482447342026,0.817686250757117,0.821045576407507,0.856697819314642,0.848690591658584,0.808622353847024,0.77639515743796,0.801507537688442,0.829173599556295,0.829518388118421,0.824466916409417,0.83909150490792,0.827045850261172,0.859071801223586,0.82900951545719,0.844942459115687,0.840188135988297,0.844363304427202,0.835262083049694,0.832392776523702,0.836330935251799,0.816882232811436,0.816882232811436,0.838840874428063,0.820177329383036,0.834641548927263,0.839832033593281,0.841112346474017,0.830469644902635,0.853381915498359,0.840963855421687,0.84804753820034,0.840963855421687,0.82010582010582,0.817215490718137,0.850492390331244,0.867792661619103,0.895527051031429,0.915391329647949,0.87024329382408,0.855421686746988,0.848056545746495,0.847970926711084,0.851970288405704,0.865653868221323,0.873641573825205,0.889431240389786,0.879143543410311,0.895638629283489,0.912025648256804,0.922312876906704,0.872656755009696,0.888506808443521,0.897009966777409,0.887154009936125,0.894990215334585,0.865498023751002,0.890563930764936,0.89920424403183,0.900112866817156,0.931355884682513,0.946960647623439,0.947051226861817,0.932528798683489,0.925020525475261,0.900621118012422
"Neartown - Montrose","Houston","TX","Houston","Harris",63,,,,,,,,,,,,,,,,,,,,,,,,,,,,,,,,,,,,,,,,,,,,,,,1.42316234823656,1.42857142857143,1.41190627530987,1.42928786359077,1.49668478362976,1.55176880941149,1.50648360030511,1.50218869463791,1.48054145516074,1.48054145516074,1.44322831630082,1.42059868087265,1.43663754753968,1.45866781887708,1.43417008634163,1.43816562365697,1.48771021992238,1.58443642198155,1.582604732299,1.54264884414993,1.48379284649776,1.54185022026432,1.55127445168939,1.55127445168939,1.38144107495069,1.42145230185097,1.47833474936279,1.4367816091954,1.51393005334914,1.50254777070064,1.40043763676149,1.47208121827411,1.37356745716555,1.35457436399217,1.30593863259414,1.36622549162512,1.36440182836719,1.35809331143426,1.33928571428571,1.38251986262434,1.37923041261011,1.30488516527031,1.28914437375203,1.29930394431555
"The Lakes","Las Vegas","NV","Las Vegas","Clark",64,,,,,,,,,,,,,,,,,0.784767969029693,0.778894472361809,0.778444632014238,0.733630210466338,0.718512256973795,0.745614035087719,0.737401756819233,0.741045823418146,0.757063449371142,0.780587311836125,0.772399588053553,0.765932186351419,0.741996466052567,0.756501093809576,0.757063449371142,0.745784695201038,0.712250712250712,0.727241785441685,0.75472437808442,0.745877061469265,0.759932375316991,0.780274656679151,0.812643863139825,0.819764112206086,0.774544146659033,0.783703378989815,0.805931656995487,0.799440085313697,0.79602519740928,0.803043110735418,0.793945831120552,0.788954635108481,0.780274656679151,0.804713804713805,0.780274656679151,0.833521814375313,0.81447963800905,0.779134724172909,0.787226883442553,0.798816568047337,0.810415629666501,0.800736961451247,0.819075354932654,0.819075354932654,0.822964323396861,0.839818417639429,0.810372771474878,0.820586120750594,0.853924418604651,0.866767488900161,0.84530853761623,0.843060959792477,0.880447585394582,0.891410048622366,0.902527075812274,0.867286559594252,0.895456550507278,0.945683802133851,0.952525437420166,0.873709293089754,0.867850098619329,0.839030453697949,0.804713804713805,0.857466804822107,0.787608751962714,0.895559240100311,0.899094502752809,0.900304923180005,0.877885208719001,0.887144879591709,0.9375,0.946258328654083,0.900300293441269,0.908203125
"South Chicago","Chicago","IL","Chicago","Cook",65,,,,,,,,,,,,,,,,,,,,,,,,,,,,,,,,,,,,,,,,,,,,,,0.912878787878788,0.904545454545455,0.909090909090909,0.927961332185658,0.888415067519545,0.923415877640204,0.888888888888889,0.884615384615385,0.884615384615385,0.918255131964809,0.886363636363636,0.886363636363636,0.886363636363636,0.896551724137931,0.888415067519545,0.9375,0.916666666666667,0.916666666666667,0.900081833060556,0.960118168389956,0.985943285754977,1,0.997368421052632,0.958333333333333,0.984029410156891,1.01504329004329,0.94280303030303,0.927272727272727,0.952380952380952,1.0465367965368,0.909090909090909,0.958333333333333,1.00595238095238,0.903443254817987,0.881818181818182,0.863335215509129,0.931439393939394,0.979166666666667,0.958333333333333,0.927272727272727,0.94280303030303,1,0.973702914001422,0.997727272727273,1
"Washington Avenue Coalition - Memorial Park","Houston","TX","Houston","Harris",66,,,,,,,,,,,,,,,,,,,,,1.12739571589628,1.11405835543767,1.13430127041742,1.15438945507004,1.20657425137235,1.21778446226976,1.22232472324723,1.20437940162341,1.15006391763263,1.15526802218115,1.3530170745558,1.3608274290901,1.38077285579642,1.38077285579642,1.41951593232178,1.46311675622863,1.38079165388156,1.49969861362266,1.49969861362266,1.49971916625954,1.40634586199102,1.43295803480041,1.4547798632313,1.5,1.49973971889641,1.5,1.4527027027027,1.41668663674785,1.41949152542373,1.4058106841612,1.42027207850134,1.42778628169371,1.46299483648881,1.4527027027027,1.36194368755677,1.36549840691853,1.35563304432118,1.34132420091324,1.33461010659224,1.32042253521127,1.32594021215043,1.35004821600771,1.38627819548872,1.41169065104027,1.39017638748687,1.3685539127299,1.36722494508701,1.39705882352941,1.36903613461591,1.37693631669535,1.34076519324013,1.32225601637541,1.29290079924777,1.26760563380282,1.26803672933975,1.26917422715054,1.32175560255964,1.27189246285948,1.25915750915751,1.22749590834697,1.25563058747658,1.22158140974446,1.24192459493145,1.25856288519328,1.22753178430513,1.25458331736359,1.26279069767442,1.2497997436719,1.24538745387454,1.26782118157128
"Las Tierras","El Paso","TX","El Paso","El Paso",67,,,,,,,,,,,,,,,,,,,,,,,,,0.733167204143457,0.740740740740741,0.73712069653876,0.745301360985094,0.749885142776364,0.752279635258359,0.74622969837587,0.784454834014254,0.754643962848297,0.766423357664234,0.767798898638578,0.746244291660348,0.758098223615465,0.758788183321818,0.745785008850756,0.74160006874624,0.732383214568488,0.731559343078052,0.733675715333822,0.74245939675174,0.742340926944226,0.726013549030619,0.741249491249491,0.742175029682159,0.742175029682159,0.727545430832102,0.727826675693974,0.740436159844055,0.745315161839864,0.740740740740741,0.722542315079066,0.737463126843658,0.732488511349394,0.728616095032666,0.727748582431863,0.725593667546174,0.715679895901106,0.741540833842483,0.743355481727575,0.743430152143845,0.747451474931911,0.750628140703518,0.738065326633166,0.725561627200972,0.7305208735573,0.735294117647059,0.73775989268947,0.739644970414201,0.743071289918394,0.708044155418329,0.721757827599536,0.708362891407285,0.706554419723392,0.716995447647951,0.713804045783818,0.727227516997714,0.712589073634204,0.73775989268947,0.7376039421004,0.739683413437833,0.738424660308203,0.732907052036732,0.72562473143715,0.74318744838976,0.740411931818182,0.737373409462293
"Brickell","Miami","FL","Miami-Fort Lauderdale","Miami-Dade",68,,,,,,,,,,,,,,,,,,2.14805023132849,2.15097402597403,2.16112012987013,2.3015873015873,2.34270414993307,2.41218791140264,2.34270414993307,2.30923798237931,2.35215053763441,2.30769230769231,2.28386363636364,2.26666666666667,2.31788079470199,2.27014755959137,2.24137931034483,2.37414965986395,2.40789183293539,2.47657295850067,2.52057613168724,2.5,2.56586734761734,2.48651079136691,2.34270414993307,2.41758241758242,2.41758241758242,2.43000359917219,2.46331236897275,2.47373706873917,2.46652572233968,2.50696378830084,2.50696378830084,2.50696378830084,2.61044176706827,2.46652572233968,2.46652572233968,2.46652572233968,2.45381062355658,2.46652572233968,2.46977365253674,2.55652759084791,2.59920634920635,2.53776435045317,2.53776435045317,2.4998428932774,2.57898130238556,2.61424731182796,2.60416666666667,2.57096946973755,2.59165613147914,2.61575466025256,2.53776435045317,2.64900662251656,2.61849917047153,2.51623376623377,2.51124971519708,2.46878547105562,2.46652572233968,2.5035765379113,2.68104814336824,2.54542787415132,2.72178491649824,2.63333333333333,2.71915584415584,2.77777777777778,2.68817204301075,2.75978188868704,2.7124773960217,2.69784172661871,2.69784172661871,2.84167794316644,2.85618279569892,2.83687943262411,2.85714285714286
"Anthem","Henderson","NV","Las Vegas","Clark",69,,,,,,,,,,,,,,,0.797275641025641,0.78031212484994,0.770055821371611,0.774335482249244,0.772656855151046,0.747126145144048,0.749299152767683,0.749718151071026,0.768307322929172,0.753768844221106,0.760135135135135,0.737100737100737,0.736197427373898,0.755732499542597,0.755732499542597,0.77639751552795,0.787818548171834,0.78125,0.797275641025641,0.796300306259685,0.795821681761745,0.78125,0.798175598631699,0.782163955672993,0.777310924369748,0.795324971493729,0.799389588452089,0.777511961722488,0.757886993181111,0.787818548171834,0.777310924369748,0.769871546187336,0.771929824561403,0.778912043286214,0.794510653665583,0.807416267942584,0.800253378378378,0.813882063882064,0.837750042742349,0.805507902742515,0.840336134453782,0.837334933973589,0.812780269058296,0.786428195686481,0.814812881674409,0.846809440559441,0.873334035161596,0.902853015529072,0.859099558395864,0.86417969028759,0.881221594763261,0.854040927951716,0.844796517333048,0.849256900212314,0.853840557896849,0.859346762716252,0.817545044842742,0.812161599333611,0.802364864864865,0.821018686150265,0.844594594594595,0.853510665312341,0.85348506401138,0.822981366459627,0.837334933973589,0.852272727272727,0.858778625954199,0.819783661438046,0.838835534213686,0.845229628124365,0.864343621696563,0.899005355776588,0.905190270865472,0.902255639097744,0.943826890553463,0.926453819840365
"Back Bay","Boston","MA","Boston","Suffolk",70,,,,,,,,,,,,,,,,,,,,,,,,,,,3.65518052452076,3.88002773925104,3.86615811373093,3.84535367545076,3.78016643550624,3.75054704595186,3.92841893375625,3.85449501954356,3.7883008356546,4.05797101449275,3.85791628753412,3.86356851428003,4.01711618257261,3.91489361702128,4,3.8445115942981,3.84818626357787,3.79166666666667,3.82352941176471,3.84818626357787,4,4.140625,4.17424242424242,4.09090909090909,3.90964673913043,3.90760298119743,3.92693377519921,4.19485996570001,3.88033635187581,3.88033635187581,3.85795454545455,4.09153952843273,4.12694196338649,4.09153952843273,4.16666666666667,4.31957671957672,4.13286364930259,4,4,3.83065134099617,3.8575487012987,3.87183441558442,4,4,4.28571428571429,4.29910714285714,4.32557317605941,4.33870967741935,4.34285714285714,4.39157820240623,4.19433764418036,4,4.38915348962744,4,4.34285714285714,4.72222222222222,4.71428571428571,4.88888888888889,4.72222222222222,4.3917435221783,4.34285714285714,4.22609614368727,4.09153952843273,4.23076923076923
"Metro West","Orlando","FL","Orlando","Orange",71,,,,,,,,,,,,,,,,0.78125,0.786612328405491,0.802001329866182,0.79089234775214,0.808186105576897,0.795593635250918,0.76499388004896,0.779036827195467,0.796019900497512,0.833333333333333,0.856793145654835,0.849420849420849,0.852272727272727,0.851680185399768,0.848939890226629,0.874243443174176,0.873015873015873,0.85500956502949,0.857983106924342,0.852660300136426,0.8492899739248,0.85206228956229,0.8515625,0.894955079474775,0.870646766169154,0.862962609918261,0.841430845440469,0.833569920992174,0.801924619085806,0.826743350107836,0.855263157894737,0.865176640230714,0.86505671665561,0.870646766169154,0.903818326098119,0.903103325383118,0.865176640230714,0.870646766169154,0.870646766169154,0.851065542106619,0.852272727272727,0.852272727272727,0.868190940800251,0.888030888030888,0.883895404263712,0.902864259028643,0.924209065612893,0.952547806277354,0.92901707368956,0.934579439252336,0.926204819277108,0.910566942470331,0.917992656058752,0.930930930930931,0.924750136911281,0.934579439252336,0.92810919571483,0.926640926640927,0.923295454545455,0.902974504249292,0.9375,0.945273631840796,0.938511326860841,0.918439716312057,0.980975029726516,0.949598246895544,1.01384518565135,0.970532827871712,0.987500720558,0.985915492957746,0.993963068181818,1.04654283119955,1.05766084740264,1.04489274192789,1.03272498426683
"Wynwood - Edgewater","Miami","FL","Miami-Fort Lauderdale","Miami-Dade",72,,,,,,,,,,,,,,,,,,,,,,,,,,,,,,,,,,,,,,,,,,,,,,,,,,,,,,,,,,,,,,2.24055885488046,2.34270414993307,2.73361395299047,2.75821596244131,2.65305301610736,2.59391771019678,2.58838383838384,2.54065464856032,2.3735165521549,2.3735165521549,2.38461538461538,2.38705082253469,2.42855368732766,2.59934853420195,2.48212196337078,2.44405594405594,2.3989898989899,2.4340551575071,2.3989898989899,2.20959595959596,2.49843847595253,2.52439734906416,2.45508982035928,2.45269796776454,2.51396648044693,2.67372671072827,2.50379362670713,2.603928734582,2.54713108023779
"Downtown","Miami","FL","Miami-Fort Lauderdale","Miami-Dade",73,,,,,,,,,,1.90217391304348,1.9564002235886,1.97407145490788,1.94623183255083,1.94109772423025,1.92519251925193,1.94209039548023,1.99335548172757,2.02678886147339,2.09085439229844,2.13398266738247,2.11864406779661,2.06819452207937,2.0529197080292,2.0529197080292,2.12409167132476,2.12409167132476,2.18032502257101,2.28773641013441,2.28438228438228,2.22785515320334,2.15204024594746,2.18758078977332,2.25988700564972,2.25988700564972,2.25988700564972,2.25988700564972,2.18926553672316,2.1730269012598,2.1730269012598,2.26073850791258,2.33050847457627,2.26347914547304,2.28975853455454,2.3251510915801,2.39955357142857,2.50696378830084,2.37933378653977,2.42030696576151,2.50696378830084,2.60983852797597,2.67857142857143,2.61838440111421,2.6158940397351,2.61286628385553,2.45535714285714,2.46355427764326,2.50696378830084,2.54332029066518,2.59067357512953,2.56788665879575,2.55891016200295,2.50532283671301,2.51116775217166,2.59067357512953,2.61158594491928,2.6875,2.67633306804616,2.61299435028249,2.61158594491928,2.62231813875145,2.67722897669706,2.55725728404857,2.54521098459478,2.47175141242938,2.52014856081708,2.61838440111421,2.50696378830084,2.58895892956236,2.6076418129602,2.50696378830084,2.5974025974026,2.45535714285714,2.5388418079096,2.51537171604248,2.50696378830084,2.49115145281344,2.50953087316724,2.55716004813478,2.5259067357513,2.54237288135593
"Alafaya","Orlando","FL","Orlando","Orange",74,,,,,,,,,,,0.715563506261181,0.711478299845078,0.710367526055952,0.75972648355127,0.770267456758488,0.763630087643321,0.758502423212908,0.748349311491461,0.745148228396286,0.764150943396226,0.762303608580242,0.759005145797599,0.750577367205543,0.752647503782148,0.78125,0.784518828451883,0.820079522862823,0.812906114177553,0.840683572216097,0.813008130081301,0.799562863738558,0.795671546785487,0.793229463426135,0.804780210596691,0.819100642019387,0.849288912480267,0.824609216692642,0.789187133767377,0.787633496914299,0.800326797385621,0.799892990904227,0.799498746867168,0.807167200459883,0.806924882629108,0.809620596205962,0.804861374628816,0.803796547982594,0.804713804713805,0.810263335584065,0.836666695495745,0.826719576719577,0.826028320971005,0.828313253012048,0.829945799457995,0.828929353778751,0.829766173663001,0.808869456589631,0.806282722513089,0.812598218962808,0.827143821742066,0.832639796113821,0.855185712277743,0.844589459692117,0.865332612222823,0.841149834236274,0.863570971867008,0.860219797701189,0.843760121429709,0.878238341968912,0.879230258792303,0.853341655325756,0.87173100871731,0.937713310580205,0.885922330097087,0.90358588319708,0.914441377925741,0.90230242688239,0.912572741840263,0.902714932126697,0.911300121506683,0.901754385964912,0.930284377350082,0.948074679113186,0.878238341968912,0.89527027027027,0.947090720176635,0.952430656838585,0.957006538096282,0.926966292134832,0.957330415754923
"Union Square","Somerville","MA","Boston","Middlesex",74,,,,,,,,,,,,,,,,,,,,,,,,,,,,,,,,,,,,,,,,,,,,,,,2.15625,2.1246243483594,2.18631178707224,2.39285714285714,2.5,2.5,2.5,2.31818181818182,2.30769230769231,2.27324913892078,2.4,2.36666666666667,2.4375,2.52272727272727,2.72727272727273,2.61538461538462,2.70536153467782,2.7,2.47826086956522,2.31818181818182,2.17424242424242,2.31143552311436,2.5,2.32915803828476,2.50809061488673,2.58823529411765,2.56886012225818,2.73913043478261,2.72902097902098,2.50809061488673,2.55439924314096,2.61363636363636,2.48863636363636,2.31957928802589,2.24,2.16666666666667,2.16666666666667,2.27272727272727,2.62345679012346,2.70454545454545,2.75,2.71794871794872,2.66666666666667,2.71136363636364
"Far Eastside","Indianapolis","IN","Indianapolis","Marion",74,,,,,,,,,,,,,,,,,,,,,,,,,,,0.623441396508728,0.652356902356902,0.679851668726823,0.654761904761905,0.665757042253521,0.644203975885315,0.634896880103002,0.610269792672653,0.656850459482038,0.666187739463602,0.668337510442774,0.657894736842105,0.673311158918406,0.668822785576908,0.684498068384939,0.677506775067751,0.671637657870969,0.676100628930818,0.652787094362031,0.677506775067751,0.694444444444444,0.686537173476222,0.698974836905871,0.701446831936966,0.687134502923977,0.703281982585399,0.695918926419001,0.701402805611222,0.698866300440513,0.698974836905871,0.687606476301871,0.688797141242025,0.680812026515151,0.694197311190194,0.701912248787249,0.697362278244631,0.689021638368462,0.710756257631258,0.727519320333692,0.722248110179145,0.698974836905871,0.677506775067751,0.696348199672668,0.69047619047619,0.692168288677961,0.688375350140056,0.69047619047619,0.698080279232112,0.719729043183743,0.693877551020408,0.705394190871369,0.685263380721066,0.646554369170349,0.751351351351351,0.665433012583272,0.727506226650062,0.711032028469751,0.729166666666667,0.691619202603743,0.720219476592639,0.717307556994089,0.732730263157895,0.707928802588997,0.728554352224565
